{
  "data": [
    {
      "voice": [
        {
          "text": "此山是我开！",
          "link": "//game.gtimg.cn/images/yxzj/zlkdatasys/audios/audio/20220420/16504508593572.mp3"
        },
        {
          "text": "猛熊出洞！",
          "link": "//game.gtimg.cn/images/yxzj/zlkdatasys/audios/audio/20220420/16504508716972.mp3"
        },
        {
          "text": "巨球进击！",
          "link": "//game.gtimg.cn/images/yxzj/zlkdatasys/audios/audio/20220420/16504508842118.mp3"
        },
        {
          "text": "站的高…唔…吃得饱~嘻嘻",
          "link": "//game.gtimg.cn/images/yxzj/zlkdatasys/audios/audio/20220412/16497579978977.wav"
        },
        {
          "text": "别挡道儿！",
          "link": "//game.gtimg.cn/images/yxzj/zlkdatasys/audios/audio/20220412/16497580169708.wav"
        },
        {
          "text": "哪儿有好吃的，我们就去哪~",
          "link": "//game.gtimg.cn/images/yxzj/zlkdatasys/audios/audio/20220412/16497580324587.wav"
        },
        {
          "text": "在山里打架，要用我们山民的法则！",
          "link": "//game.gtimg.cn/images/yxzj/zlkdatasys/audios/audio/20220412/16497580476998.wav"
        },
        {
          "text": "把好吃的通通留下！",
          "link": "//game.gtimg.cn/images/yxzj/zlkdatasys/audios/audio/20220412/16497580676530.wav"
        },
        {
          "text": "跟着种子走，就不会迷路~！",
          "link": "//game.gtimg.cn/images/yxzj/zlkdatasys/audios/audio/20220412/16497580847420.wav"
        },
        {
          "text": "我们是全大山最后的希望。",
          "link": "//game.gtimg.cn/images/yxzj/zlkdatasys/audios/audio/20220412/16497580997847.wav"
        },
        {
          "text": "嘿嘿，这是我们的地盘儿！",
          "link": "//game.gtimg.cn/images/yxzj/zlkdatasys/audios/audio/20220412/16497581508092.wav"
        },
        {
          "text": "把这里通通标记上我们的种子！",
          "link": "//game.gtimg.cn/images/yxzj/zlkdatasys/audios/audio/20220412/16497581899263.wav"
        },
        {
          "text": "站住，打劫！",
          "link": "//game.gtimg.cn/images/yxzj/zlkdatasys/audios/audio/20220412/16497582781762.wav"
        },
        {
          "text": "给你个惊喜！",
          "link": "//game.gtimg.cn/images/yxzj/zlkdatasys/audios/audio/20220412/16497583007850.wav"
        },
        {
          "text": "屁股炸开花儿！",
          "link": "//game.gtimg.cn/images/yxzj/zlkdatasys/audios/audio/20220412/16497583205064.wav"
        },
        {
          "text": "战~车~出击",
          "link": "//game.gtimg.cn/images/yxzj/zlkdatasys/audios/audio/20220412/16497583377792.wav"
        },
        {
          "text": "毛崽子们！一起上！",
          "link": "//game.gtimg.cn/images/yxzj/zlkdatasys/audios/audio/20220412/16497584271829.wav"
        },
        {
          "text": "小的们！一起上！",
          "link": "//game.gtimg.cn/images/yxzj/zlkdatasys/audios/audio/20220412/16497584526165.wav"
        },
        {
          "text": "全军出击！",
          "link": "//game.gtimg.cn/images/yxzj/zlkdatasys/audios/audio/20220412/16497586004372.wav"
        },
        {
          "text": "哼，揍扁他们！",
          "link": "//game.gtimg.cn/images/yxzj/zlkdatasys/audios/audio/20220412/16497586306933.wav"
        },
        {
          "text": "球球，冲冲冲！",
          "link": "//game.gtimg.cn/images/yxzj/zlkdatasys/audios/audio/20220412/16497586702908.wav"
        },
        {
          "text": "球球，冲呀！",
          "link": "//game.gtimg.cn/images/yxzj/zlkdatasys/audios/audio/20220412/16497586825438.wav"
        },
        {
          "text": "喝啊——！没想到吧~",
          "link": "//game.gtimg.cn/images/yxzj/zlkdatasys/audios/audio/20220412/16497586981974.wav"
        },
        {
          "text": "快快长大！",
          "link": "//game.gtimg.cn/images/yxzj/zlkdatasys/audios/audio/20220412/16497660885782.wav"
        },
        {
          "text": "快快发芽！",
          "link": "//game.gtimg.cn/images/yxzj/zlkdatasys/audios/audio/20220412/16497661287597.wav"
        },
        {
          "text": "嘿嘿，快躲到球球怀里来！",
          "link": "//game.gtimg.cn/images/yxzj/zlkdatasys/audios/audio/20220412/16497663461405.wav"
        },
        {
          "text": "下次再见！",
          "link": "//game.gtimg.cn/images/yxzj/zlkdatasys/audios/audio/20220412/16497665517473.wav"
        },
        {
          "text": "别被他们抓住了！",
          "link": "//game.gtimg.cn/images/yxzj/zlkdatasys/audios/audio/20220412/16497666054276.wav"
        },
        {
          "text": "诶？三只小熊？不是，小猪……还是小熊？",
          "link": "//game.gtimg.cn/images/yxzj/zlkdatasys/audios/audio/20220412/16497667677316.wav"
        },
        {
          "text": "老村长说，以前这里还住过一只小野猪。",
          "link": "//game.gtimg.cn/images/yxzj/zlkdatasys/audios/audio/20220412/16497671105178.wav"
        },
        {
          "text": "哼，没人能在阿古朵眼皮子底下偷走熊崽崽~",
          "link": "//game.gtimg.cn/images/yxzj/zlkdatasys/audios/audio/20220412/16497672241089.wav"
        },
        {
          "text": "嘿嘿，你好，咕咕咕，咕咕咕~",
          "link": "//game.gtimg.cn/images/yxzj/zlkdatasys/audios/audio/20220412/16497672694431.wav"
        },
        {
          "text": "呃，为什么火鸟会喜欢肥肉呢？",
          "link": "//game.gtimg.cn/images/yxzj/zlkdatasys/audios/audio/20220412/16497672987104.wav"
        },
        {
          "text": "火鸟，小心背后~！",
          "link": "//game.gtimg.cn/images/yxzj/zlkdatasys/audios/audio/20220412/16497676532620.wav"
        },
        {
          "text": "不要在球球怀里流口水哦。",
          "link": "//game.gtimg.cn/images/yxzj/zlkdatasys/audios/audio/20220412/16497679997936.wav"
        },
        {
          "text": "嘿嘿，跑快点儿！",
          "link": "//game.gtimg.cn/images/yxzj/zlkdatasys/audios/audio/20220412/16497680182647.wav"
        },
        {
          "text": "做一只成熟的陆蜥，该学会自己打洞了。",
          "link": "//game.gtimg.cn/images/yxzj/zlkdatasys/audios/audio/20220412/16497680399221.wav"
        },
        {
          "text": "小狼们，借一下你们的爪子~",
          "link": "//game.gtimg.cn/images/yxzj/zlkdatasys/audios/audio/20220412/16497680976574.wav"
        },
        {
          "text": "你生气的时候，也会变大吗？",
          "link": "//game.gtimg.cn/images/yxzj/zlkdatasys/audios/audio/20220412/16497681772500.wav"
        },
        {
          "text": "哇，你和我认识的一个人真像！",
          "link": "//game.gtimg.cn/images/yxzj/zlkdatasys/audios/audio/20220412/16497682025063.wav"
        },
        {
          "text": "被勾的再远，小蓝也能找到回家的路~",
          "link": "//game.gtimg.cn/images/yxzj/zlkdatasys/audios/audio/20220412/16497682238763.wav"
        },
        {
          "text": "妈妈……",
          "link": "//game.gtimg.cn/images/yxzj/zlkdatasys/audios/audio/20220412/16497683974773.wav"
        },
        {
          "text": "球球......",
          "link": "//game.gtimg.cn/images/yxzj/zlkdatasys/audios/audio/20220412/16497684107307.wav"
        },
        {
          "text": "球球，挠他！球球，挠他！",
          "link": "//game.gtimg.cn/images/yxzj/zlkdatasys/audios/audio/20220412/16497684431804.wav"
        },
        {
          "text": "球球，挠他！挠他！",
          "link": "//game.gtimg.cn/images/yxzj/zlkdatasys/audios/audio/20220412/16497684601014.wav"
        },
        {
          "text": "去挠他",
          "link": "//game.gtimg.cn/images/yxzj/zlkdatasys/audios/audio/20220412/16497684716104.wav"
        },
        {
          "text": "嘿，尝尝这个！",
          "link": "//game.gtimg.cn/images/yxzj/zlkdatasys/audios/audio/20220412/16497687513837.wav"
        },
        {
          "text": "略，阿古朵才不是小孩子！",
          "link": "//game.gtimg.cn/images/yxzj/zlkdatasys/audios/audio/20220412/16497688541282.wav"
        },
        {
          "text": "你们的山大王来了~",
          "link": "//game.gtimg.cn/images/yxzj/zlkdatasys/audios/audio/20220412/16497689263092.wav"
        },
        {
          "text": "耶——！",
          "link": "//game.gtimg.cn/images/yxzj/zlkdatasys/audios/audio/20220412/16497692563397.wav"
        },
        {
          "text": "我不是故意的~才怪！",
          "link": "//game.gtimg.cn/images/yxzj/zlkdatasys/audios/audio/20220412/16497692829709.wav"
        },
        {
          "text": "动起来！小家伙~",
          "link": "//game.gtimg.cn/images/yxzj/zlkdatasys/audios/audio/20220412/16497693232727.wav"
        },
        {
          "text": "代表大自然，消灭你们！",
          "link": "//game.gtimg.cn/images/yxzj/zlkdatasys/audios/audio/20220412/16497693602903.wav"
        },
        {
          "text": "兄弟，入伙吗！",
          "link": "//game.gtimg.cn/images/yxzj/zlkdatasys/audios/audio/20220412/16497695022252.wav"
        },
        {
          "text": "嘿，你们山上结什么果子？我们可以交换！",
          "link": "//game.gtimg.cn/images/yxzj/zlkdatasys/audios/audio/20220412/16497695268814.wav"
        },
        {
          "text": "勇猛的阿古朵会罩着你！",
          "link": "//game.gtimg.cn/images/yxzj/zlkdatasys/audios/audio/20220412/16497695561895.wav"
        },
        {
          "text": "你的小狗叫什么名字？",
          "link": "//game.gtimg.cn/images/yxzj/zlkdatasys/audios/audio/20220412/16497695791522.wav"
        },
        {
          "text": "嘿，你的小马叫什么名字？",
          "link": "//game.gtimg.cn/images/yxzj/zlkdatasys/audios/audio/20220412/16497696722808.wav"
        },
        {
          "text": "你的小鸡叫什么名字？",
          "link": "//game.gtimg.cn/images/yxzj/zlkdatasys/audios/audio/20220412/16497696906398.wav"
        },
        {
          "text": "你的小炉子叫什么名字？",
          "link": "//game.gtimg.cn/images/yxzj/zlkdatasys/audios/audio/20220412/16497697099477.wav"
        },
        {
          "text": "你的小鱼叫什么名字？",
          "link": "//game.gtimg.cn/images/yxzj/zlkdatasys/audios/audio/20220412/16497697312670.wav"
        },
        {
          "text": "这么长，是鲈鱼吗？",
          "link": "//game.gtimg.cn/images/yxzj/zlkdatasys/audios/audio/20220412/16497697566422.wav"
        },
        {
          "text": "打赢你，小狗就归我了！",
          "link": "//game.gtimg.cn/images/yxzj/zlkdatasys/audios/audio/20220412/16497697797203.wav"
        },
        {
          "text": "打赢你，小马就归我了！",
          "link": "//game.gtimg.cn/images/yxzj/zlkdatasys/audios/audio/20220412/16497698003868.wav"
        },
        {
          "text": "打赢你，小鸡就归我了！",
          "link": "//game.gtimg.cn/images/yxzj/zlkdatasys/audios/audio/20220412/16497698205289.wav"
        },
        {
          "text": "打赢你，小炉子就归我了！",
          "link": "//game.gtimg.cn/images/yxzj/zlkdatasys/audios/audio/20220412/16497698403689.wav"
        },
        {
          "text": "打赢你，小鱼就归我了！",
          "link": "//game.gtimg.cn/images/yxzj/zlkdatasys/audios/audio/20220412/16497698584051.wav"
        },
        {
          "text": "是山大王，也是山寨大王！",
          "link": "//game.gtimg.cn/images/yxzj/zlkdatasys/audios/audio/20220412/16497698807818.wav"
        },
        {
          "text": "有球球可以穿的小鞋子吗？",
          "link": "//game.gtimg.cn/images/yxzj/zlkdatasys/audios/audio/20220412/16497699042859.wav"
        },
        {
          "text": "它看起来真结实！",
          "link": "//game.gtimg.cn/images/yxzj/zlkdatasys/audios/audio/20220412/16497699229340.wav"
        },
        {
          "text": "你的尾巴去哪了？",
          "link": "//game.gtimg.cn/images/yxzj/zlkdatasys/audios/audio/20220412/16497699404948.wav"
        },
        {
          "text": "我拿它们可没办法~",
          "link": "//game.gtimg.cn/images/yxzj/zlkdatasys/audios/audio/20220412/16497699654436.wav"
        },
        {
          "text": "二当家的，别跟丢啦！",
          "link": "//game.gtimg.cn/images/yxzj/zlkdatasys/audios/audio/20220412/16497700228949.wav"
        },
        {
          "text": "我再也不跟你玩啦！",
          "link": "//game.gtimg.cn/images/yxzj/zlkdatasys/audios/audio/20220412/16497700514852.wav"
        },
        {
          "text": "喂，嘶~~嘿嘿嘿",
          "link": "//game.gtimg.cn/images/yxzj/zlkdatasys/audios/audio/20220412/16497679486531.wav"
        },
        {
          "text": "嘿嘿，嗷呜~",
          "link": "//game.gtimg.cn/images/yxzj/zlkdatasys/audios/audio/20220412/16497681207065.wav"
        },
        {
          "text": "有本事我们都把武器扔了",
          "link": "//game.gtimg.cn/images/yxzj/zlkdatasys/audios/audio/20220428/16511325514363.mp3"
        }
      ],
      "name": "原皮"
    },
    {
      "voice": [
        {
          "text": "嘿，我在这儿……好久不见……和最好的朋友一起，穿上雨衣，打开冒险。（球球：哇哇哇）",
          "link": "//game.gtimg.cn/images/yxzj/zlkdatasys/audios/audio/20230104/16728278112604.wav"
        },
        {
          "text": "伙伴们，准备出发咯……与你在一起，就算下雨，也能变成晴朗的乐园",
          "link": "//game.gtimg.cn/images/yxzj/zlkdatasys/audios/audio/20230104/16728278273911.wav"
        },
        {
          "text": "咦，泡泡……就知道是你……彩虹色的雨天，有你也有我",
          "link": "//game.gtimg.cn/images/yxzj/zlkdatasys/audios/audio/20230104/16728278435872.wav"
        },
        {
          "text": "动起来，在原地泡太久，可是会发芽哟。",
          "link": "//game.gtimg.cn/images/yxzj/zlkdatasys/audios/audio/20230104/16728199689488.wav"
        },
        {
          "text": "球球，你还记得，我们把玩具藏在哪了？（球球：啊呜啊呜）",
          "link": "//game.gtimg.cn/images/yxzj/zlkdatasys/audios/audio/20230104/16728199969379.wav"
        },
        {
          "text": "我在雨天看见了彩虹，你看见了什么？",
          "link": "//game.gtimg.cn/images/yxzj/zlkdatasys/audios/audio/20230104/16728200188378.wav"
        },
        {
          "text": "风抚摸着我的脸，好像在跳舞。",
          "link": "//game.gtimg.cn/images/yxzj/zlkdatasys/audios/audio/20230104/16728200444570.wav"
        },
        {
          "text": "睁大眼睛，千万别错过阿乌的奇迹。（球球：啊呜）",
          "link": "//game.gtimg.cn/images/yxzj/zlkdatasys/audios/audio/20230104/16728200674419.wav"
        },
        {
          "text": "我们不是调皮，只是擅长冒险。",
          "link": "//game.gtimg.cn/images/yxzj/zlkdatasys/audios/audio/20230104/16728200903745.wav"
        },
        {
          "text": "不要跑得太远，因为要记得回家的路。",
          "link": "//game.gtimg.cn/images/yxzj/zlkdatasys/audios/audio/20230104/16728225162923.wav"
        },
        {
          "text": "好困，想睡觉了……",
          "link": "//game.gtimg.cn/images/yxzj/zlkdatasys/audios/audio/20230104/16728194817189.wav"
        },
        {
          "text": "你要是玩累了，就该早点回家。（球球：啊呜啊呜）",
          "link": "//game.gtimg.cn/images/yxzj/zlkdatasys/audios/audio/20230104/16728198436935.wav"
        },
        {
          "text": "你不会算数吗，二大于一，难怪你会输。",
          "link": "//game.gtimg.cn/images/yxzj/zlkdatasys/audios/audio/20230104/16728227916888.wav"
        },
        {
          "text": "球球，挥爪！",
          "link": "//game.gtimg.cn/images/yxzj/zlkdatasys/audios/audio/20230104/16728193586581.wav"
        },
        {
          "text": "水弹发射！",
          "link": "//game.gtimg.cn/images/yxzj/zlkdatasys/audios/audio/20230104/16728193417996.wav"
        },
        {
          "text": "听，小雨在唱歌！",
          "link": "//game.gtimg.cn/images/yxzj/zlkdatasys/audios/audio/20230104/16728225909996.wav"
        },
        {
          "text": "快来一起踩水呀！",
          "link": "//game.gtimg.cn/images/yxzj/zlkdatasys/audios/audio/20230104/16728226136476.wav"
        },
        {
          "text": "彩虹风车，转转转",
          "link": "//game.gtimg.cn/images/yxzj/zlkdatasys/audios/audio/20230104/16728226397749.wav"
        },
        {
          "text": "浇灌彩色的种子。",
          "link": "//game.gtimg.cn/images/yxzj/zlkdatasys/audios/audio/20230104/16728226574244.wav"
        },
        {
          "text": "我们要冲锋咯！",
          "link": "//game.gtimg.cn/images/yxzj/zlkdatasys/audios/audio/20230104/16728226762225.wav"
        },
        {
          "text": "球球，发动水车！",
          "link": "//game.gtimg.cn/images/yxzj/zlkdatasys/audios/audio/20230104/16728226953707.wav"
        },
        {
          "text": "一起上，人多力量大",
          "link": "//game.gtimg.cn/images/yxzj/zlkdatasys/audios/audio/20230104/16728227298912.wav"
        },
        {
          "text": "小家伙们，开始雨后表演。",
          "link": "//game.gtimg.cn/images/yxzj/zlkdatasys/audios/audio/20230104/16728227529899.wav"
        },
        {
          "text": "溅起大浪花。",
          "link": "//game.gtimg.cn/images/yxzj/zlkdatasys/audios/audio/20230104/16728227724982.wav"
        },
        {
          "text": "球球，快回来",
          "link": "//game.gtimg.cn/images/yxzj/zlkdatasys/audios/audio/20230104/16728228156301.wav"
        },
        {
          "text": "做一个好梦！",
          "link": "//game.gtimg.cn/images/yxzj/zlkdatasys/audios/audio/20230104/16728186267739.wav"
        },
        {
          "text": "别担心，我们会保护你们的。",
          "link": "//game.gtimg.cn/images/yxzj/zlkdatasys/audios/audio/20230104/16728186487603.wav"
        },
        {
          "text": "快躲到球球家里来！（球球：哇哦）",
          "link": "//game.gtimg.cn/images/yxzj/zlkdatasys/audios/audio/20230104/16728186771761.wav"
        },
        {
          "text": "雨停了，你们也去放风吧！",
          "link": "//game.gtimg.cn/images/yxzj/zlkdatasys/audios/audio/20230104/16728187022913.wav"
        },
        {
          "text": "小家伙们，一起来玩水呀。（球球：哇呜）",
          "link": "//game.gtimg.cn/images/yxzj/zlkdatasys/audios/audio/20230104/16728187261768.wav"
        },
        {
          "text": "坑坑洼洼的水地，是小猪最喜欢的乐园。",
          "link": "//game.gtimg.cn/images/yxzj/zlkdatasys/audios/audio/20230104/16728190214382.wav"
        },
        {
          "text": "吃得太多，就会变成可爱小猪，嗯，球球也会变成小猪。（球球：哼嗯哼）",
          "link": "//game.gtimg.cn/images/yxzj/zlkdatasys/audios/audio/20230104/16728190492425.wav"
        },
        {
          "text": "保护好你们的羽毛，可不要变成落汤鸡。",
          "link": "//game.gtimg.cn/images/yxzj/zlkdatasys/audios/audio/20230104/16728187552962.wav"
        },
        {
          "text": "你们也会飞吗，好想看你们飞起来的样子。",
          "link": "//game.gtimg.cn/images/yxzj/zlkdatasys/audios/audio/20230104/16728187715302.wav"
        },
        {
          "text": "你们怎么跑得比球球还快。（球球：哇哦）",
          "link": "//game.gtimg.cn/images/yxzj/zlkdatasys/audios/audio/20230104/16728189757801.wav"
        },
        {
          "text": "蜥蜴会打洞，爬墙，喷水，还有……还有什么来着",
          "link": "//game.gtimg.cn/images/yxzj/zlkdatasys/audios/audio/20230104/16728189982453.wav"
        },
        {
          "text": "湿漉漉的小狼，看起来，和洗澡后的球球一样。（球球：哇呜）",
          "link": "//game.gtimg.cn/images/yxzj/zlkdatasys/audios/audio/20230104/16728191269619.wav"
        },
        {
          "text": "小狼们，可以教我们怎样跃过水坑吗？",
          "link": "//game.gtimg.cn/images/yxzj/zlkdatasys/audios/audio/20230104/16728191501101.wav"
        },
        {
          "text": "红通通的小红，就像淋湿后的太阳。",
          "link": "//game.gtimg.cn/images/yxzj/zlkdatasys/audios/audio/20230104/16728191005634.wav"
        },
        {
          "text": "发呆的小蓝，也喜欢听水流淌的声音吗？",
          "link": "//game.gtimg.cn/images/yxzj/zlkdatasys/audios/audio/20230104/16728187995832.wav"
        },
        {
          "text": "嗨，又见面了，河道里最勤劳的小青蛙。",
          "link": "//game.gtimg.cn/images/yxzj/zlkdatasys/audios/audio/20230104/16728199055796.wav"
        },
        {
          "text": "哇，你长得可真高， 比泡泡飞起来还要高。",
          "link": "//game.gtimg.cn/images/yxzj/zlkdatasys/audios/audio/20230104/16728198833724.wav"
        },
        {
          "text": "你看起来有点无聊，是因为要看家吗？",
          "link": "//game.gtimg.cn/images/yxzj/zlkdatasys/audios/audio/20230104/16728199251530.wav"
        },
        {
          "text": "有球球喜欢的小鞋吗？（球球：呜哦）",
          "link": "//game.gtimg.cn/images/yxzj/zlkdatasys/audios/audio/20230104/16728194228555.wav"
        },
        {
          "text": "伙伴相约，如约而至",
          "link": "//game.gtimg.cn/images/yxzj/zlkdatasys/audios/audio/20230104/16728194476604.wav"
        },
        {
          "text": "（球球：啊呜，啊呜！）阿古朵：阿乌？",
          "link": "//game.gtimg.cn/images/yxzj/zlkdatasys/audios/audio/20230104/16728198045433.wav"
        },
        {
          "text": "新的一天，新的惊喜。",
          "link": "//game.gtimg.cn/images/yxzj/zlkdatasys/audios/audio/20230104/16728225666599.wav"
        },
        {
          "text": "球球，奖励你一个大果子，接着。（球球：哇喔）",
          "link": "//game.gtimg.cn/images/yxzj/zlkdatasys/audios/audio/20230104/16728195536114.wav"
        },
        {
          "text": "我们是永远的朋友",
          "link": "//game.gtimg.cn/images/yxzj/zlkdatasys/audios/audio/20230113/16735920772588.wav"
        }
      ],
      "name": "顽趣"
    },
    {
      "voice": [
        {
          "text": "那些消失的名字，会被刻在心底，画成涂鸦，不让时间遗忘它",
          "link": "//game.gtimg.cn/images/yxzj/zlkdatasys/audios/audio/20231110/16995991309544.mp3"
        },
        {
          "text": "在那个彩色的梦里，你们和我们依偎在同一片星空下",
          "link": "//game.gtimg.cn/images/yxzj/zlkdatasys/audios/audio/20231108/16994258374754.mp3"
        },
        {
          "text": "那就说好了，一定、一定要再次见面呀",
          "link": "//game.gtimg.cn/images/yxzj/zlkdatasys/audios/audio/20231110/16995991725218.mp3"
        },
        {
          "text": "我们都是长江的孩子，在涛声中入睡，听渔歌安眠",
          "link": "//game.gtimg.cn/images/yxzj/zlkdatasys/audios/audio/20231108/16994259894322.mp3"
        },
        {
          "text": "等水再清一些，草再绿一些，鱼虾再多一些……它们就会回来了吧",
          "link": "//game.gtimg.cn/images/yxzj/zlkdatasys/audios/audio/20231108/16994260115691.mp3"
        },
        {
          "text": "书上说，早在千万年前，它们就见过了河川的模样",
          "link": "//game.gtimg.cn/images/yxzj/zlkdatasys/audios/audio/20231108/16994260379866.mp3"
        },
        {
          "text": "给天空画上星河，离家的伙伴就能顺流归来喽",
          "link": "//game.gtimg.cn/images/yxzj/zlkdatasys/audios/audio/20231108/16994260712726.mp3"
        },
        {
          "text": "黑者江豚，白者白鱀，以后可不要认错啦",
          "link": "//game.gtimg.cn/images/yxzj/zlkdatasys/audios/audio/20231108/16994260968217.mp3"
        },
        {
          "text": "白鱀豚的歌声，穿过古今，讲述着我们相伴的故事",
          "link": "//game.gtimg.cn/images/yxzj/zlkdatasys/audios/audio/20231108/16994261222858.mp3"
        },
        {
          "text": "\"把重逢的美梦藏进球球肚子里，等待成真的那一天。（球球：咕噜咕）",
          "link": "//game.gtimg.cn/images/yxzj/zlkdatasys/audios/audio/20231108/16994261545324.mp3"
        },
        {
          "text": "江河有灵，用波浪将微笑送往了明天~",
          "link": "//game.gtimg.cn/images/yxzj/zlkdatasys/audios/audio/20231108/16994261834686.mp3"
        },
        {
          "text": "回到一切开始的地方",
          "link": "//game.gtimg.cn/images/yxzj/zlkdatasys/audios/audio/20231108/16994262179410.mp3"
        },
        {
          "text": "拉过钩的约定，才不会食言呢",
          "link": "//game.gtimg.cn/images/yxzj/zlkdatasys/audios/audio/20231108/16994263068372.mp3"
        },
        {
          "text": "比水性，咱们可没输过。 （球球：咕噜咕！）",
          "link": "//game.gtimg.cn/images/yxzj/zlkdatasys/audios/audio/20231108/16994265783059.mp3"
        },
        {
          "text": "送你一朵小浪花",
          "link": "//game.gtimg.cn/images/yxzj/zlkdatasys/audios/audio/20231108/16994275141380.mp3"
        },
        {
          "text": "许一个共同的愿望~",
          "link": "//game.gtimg.cn/images/yxzj/zlkdatasys/audios/audio/20231108/16994278243164.mp3"
        },
        {
          "text": "重逢梦中时刻",
          "link": "//game.gtimg.cn/images/yxzj/zlkdatasys/audios/audio/20231108/16994278512134.mp3"
        },
        {
          "text": "留下彩色的希望",
          "link": "//game.gtimg.cn/images/yxzj/zlkdatasys/audios/audio/20231108/16994278813465.mp3"
        },
        {
          "text": "游曳星河之上",
          "link": "//game.gtimg.cn/images/yxzj/zlkdatasys/audios/audio/20231108/16994279019817.mp3"
        },
        {
          "text": "水球发射！",
          "link": "//game.gtimg.cn/images/yxzj/zlkdatasys/audios/audio/20231108/16994279371406.mp3"
        },
        {
          "text": "哼哼，厉害吧",
          "link": "//game.gtimg.cn/images/yxzj/zlkdatasys/audios/audio/20231108/16994279723908.mp3"
        },
        {
          "text": "扑倒一个大家伙",
          "link": "//game.gtimg.cn/images/yxzj/zlkdatasys/audios/audio/20231108/16994280285692.mp3"
        },
        {
          "text": "球球，去接小伙伴们回家",
          "link": "//game.gtimg.cn/images/yxzj/zlkdatasys/audios/audio/20231108/16994280669233.mp3"
        },
        {
          "text": "去吧，别太贪玩噢",
          "link": "//game.gtimg.cn/images/yxzj/zlkdatasys/audios/audio/20231108/16994280906095.mp3"
        },
        {
          "text": "走，下个伙伴在等我们呢",
          "link": "//game.gtimg.cn/images/yxzj/zlkdatasys/audios/audio/20231108/16994281129005.mp3"
        },
        {
          "text": "这里这里，小心走散啦",
          "link": "//game.gtimg.cn/images/yxzj/zlkdatasys/audios/audio/20231108/16994281335799.mp3"
        },
        {
          "text": "好呀，把你也画进全家福喽",
          "link": "//game.gtimg.cn/images/yxzj/zlkdatasys/audios/audio/20231108/16994281837427.mp3"
        },
        {
          "text": "小红鸟，这样美的江景，竟然存在上亿年啦",
          "link": "//game.gtimg.cn/images/yxzj/zlkdatasys/audios/audio/20231108/16994282048936.mp3"
        },
        {
          "text": "你们的祖先，也见过非常古老的河流噢",
          "link": "//game.gtimg.cn/images/yxzj/zlkdatasys/audios/audio/20231108/16994282349369.mp3"
        },
        {
          "text": "小狼们，要一起加入长江护卫队吗？",
          "link": "//game.gtimg.cn/images/yxzj/zlkdatasys/audios/audio/20231108/16994282606311.mp3"
        },
        {
          "text": "等那几个爱笑的家伙来了，就更闹腾啦",
          "link": "//game.gtimg.cn/images/yxzj/zlkdatasys/audios/audio/20231108/16994282886204.mp3"
        },
        {
          "text": "你发呆时，也在想念我们的老朋友吗",
          "link": "//game.gtimg.cn/images/yxzj/zlkdatasys/audios/audio/20231108/16994283528540.mp3"
        },
        {
          "text": "\"你也听过那个故事吗？长江女神变成人类，去人间玩耍…… （球球：咕噜噜）",
          "link": "//game.gtimg.cn/images/yxzj/zlkdatasys/audios/audio/20231108/16994283201157.mp3"
        },
        {
          "text": "别着急，我们一起~慢慢回家 （球球：咕噜咕）",
          "link": "//game.gtimg.cn/images/yxzj/zlkdatasys/audios/audio/20231108/16994284199635.mp3"
        }
      ],
      "name": "江河有灵"
    }
  ]
}
