{
  "data": [
    {
      "voice": [
        {
          "text": "我，是你惹不起的！",
          "link": "//game.gtimg.cn/images/yxzj/zlkdatasys/audios/audio/20220411/16496475402057.wav"
        },
        {
          "text": "非死不可！",
          "link": "//game.gtimg.cn/images/yxzj/zlkdatasys/audios/audio/20220411/16496475739761.wav"
        },
        {
          "text": "不是你记忆中的刺客，但致命的程度没两样",
          "link": "//game.gtimg.cn/images/yxzj/zlkdatasys/audios/audio/20220411/16496475862920.wav"
        },
        {
          "text": "想叫就叫吧，反正是最后一声了。",
          "link": "//game.gtimg.cn/images/yxzj/zlkdatasys/audios/audio/20220411/16496475973574.wav"
        },
        {
          "text": "不知道你的名字，但清楚你的死期。",
          "link": "//game.gtimg.cn/images/yxzj/zlkdatasys/audios/audio/20220411/16496476217567.wav"
        },
        {
          "text": "你已经死了。",
          "link": "//game.gtimg.cn/images/yxzj/zlkdatasys/audios/audio/20220411/16496476345494.wav"
        },
        {
          "text": "没我快！",
          "link": "//game.gtimg.cn/images/yxzj/zlkdatasys/audios/audio/20220411/16496476458335.wav"
        },
        {
          "text": "只相信本能。",
          "link": "//game.gtimg.cn/images/yxzj/zlkdatasys/audios/audio/20220411/16496476556110.wav"
        },
        {
          "text": "任务，终结！",
          "link": "//game.gtimg.cn/images/yxzj/zlkdatasys/audios/audio/20220411/16496476832774.wav"
        },
        {
          "text": "就是偷袭！",
          "link": "//game.gtimg.cn/images/yxzj/zlkdatasys/audios/audio/20220411/16496478107718.wav"
        },
        {
          "text": "不该背对我。",
          "link": "//game.gtimg.cn/images/yxzj/zlkdatasys/audios/audio/20220411/16496478232166.wav"
        },
        {
          "text": "永别了！",
          "link": "//game.gtimg.cn/images/yxzj/zlkdatasys/audios/audio/20220411/16496478524200.wav"
        },
        {
          "text": "无人生还！",
          "link": "//game.gtimg.cn/images/yxzj/zlkdatasys/audios/audio/20220411/16496478651978.wav"
        },
        {
          "text": "死亡笔记有了新名字",
          "link": "//game.gtimg.cn/images/yxzj/zlkdatasys/audios/audio/20220411/16496478794780.wav"
        },
        {
          "text": "没哭！眼睛里进沙子了！",
          "link": "//game.gtimg.cn/images/yxzj/zlkdatasys/audios/audio/20220411/16496479215783.wav"
        },
        {
          "text": "我知道你不会怕输，你只会怕我",
          "link": "//game.gtimg.cn/images/yxzj/zlkdatasys/audios/audio/20220411/16496479325714.wav"
        },
        {
          "text": "包容失败，却不会包容轻率的失败！",
          "link": "//game.gtimg.cn/images/yxzj/zlkdatasys/audios/audio/20220411/16496479441268.wav"
        },
        {
          "text": "长得漂亮不如干得漂亮，而你两样都做到了。",
          "link": "//game.gtimg.cn/images/yxzj/zlkdatasys/audios/audio/20220411/16496479553098.wav"
        },
        {
          "text": "别打这主意，谢谢了。",
          "link": "//game.gtimg.cn/images/yxzj/zlkdatasys/audios/audio/20220411/16496479661134.wav"
        },
        {
          "text": "藏起刀来，重要的是节奏。",
          "link": "//game.gtimg.cn/images/yxzj/zlkdatasys/audios/audio/20220411/16496479944154.wav"
        }
      ],
      "name": "原皮"
    },
    {
      "voice": [
        {
          "text": "猫，有九条命哦",
          "link": "//game.gtimg.cn/images/yxzj/zlkdatasys/audios/audio/20220630/16565809411980.wav"
        },
        {
          "text": "下一个，就轮到你了~",
          "link": "//game.gtimg.cn/images/yxzj/zlkdatasys/audios/audio/20220630/16565809649158.mp3"
        },
        {
          "text": "收割你们的心~",
          "link": "//game.gtimg.cn/images/yxzj/zlkdatasys/audios/audio/20220630/16565809796571.wav"
        },
        {
          "text": "要面子还是要命呢？对面的汪星人",
          "link": "//game.gtimg.cn/images/yxzj/zlkdatasys/audios/audio/20220630/16565810144695.mp3"
        },
        {
          "text": "人家的爪子，也不是用来挠痒痒的",
          "link": "//game.gtimg.cn/images/yxzj/zlkdatasys/audios/audio/20220630/16565810382304.mp3"
        },
        {
          "text": "没错，这是个看脸的时代",
          "link": "//game.gtimg.cn/images/yxzj/zlkdatasys/audios/audio/20220630/16565810775633.wav"
        },
        {
          "text": "猫和女人，同样善变",
          "link": "//game.gtimg.cn/images/yxzj/zlkdatasys/audios/audio/20220630/16565810977891.wav"
        },
        {
          "text": "猫只会在愿意的时候接近你，而不是被命令",
          "link": "//game.gtimg.cn/images/yxzj/zlkdatasys/audios/audio/20220630/16565811197448.mp3"
        },
        {
          "text": "对不起，你是一个好人~~可惜最好的都是死人",
          "link": "//game.gtimg.cn/images/yxzj/zlkdatasys/audios/audio/20220630/16565811414061.mp3"
        },
        {
          "text": "面具下是谁可一点儿也不重要~",
          "link": "//game.gtimg.cn/images/yxzj/zlkdatasys/audios/audio/20220630/16565811596547.mp3"
        },
        {
          "text": "这座城市的聚光灯永远不会照向真正的黑暗",
          "link": "//game.gtimg.cn/images/yxzj/zlkdatasys/audios/audio/20220630/16565811902891.mp3"
        },
        {
          "text": "记得藏好那些见不得光的东西，我稍后来取~",
          "link": "//game.gtimg.cn/images/yxzj/zlkdatasys/audios/audio/20220630/16565812126568.mp3"
        },
        {
          "text": "被拒绝了喵~",
          "link": "//game.gtimg.cn/images/yxzj/zlkdatasys/audios/audio/20220630/16565812409274.wav"
        },
        {
          "text": "身份……暴露",
          "link": "//game.gtimg.cn/images/yxzj/zlkdatasys/audios/audio/20220630/16565812552626.wav"
        },
        {
          "text": "九条命都用光了……",
          "link": "//game.gtimg.cn/images/yxzj/zlkdatasys/audios/audio/20220630/16565812717137.wav"
        },
        {
          "text": "融于黑夜",
          "link": "//game.gtimg.cn/images/yxzj/zlkdatasys/audios/audio/20220630/16565812954417.wav"
        },
        {
          "text": "猫，很有耐心",
          "link": "//game.gtimg.cn/images/yxzj/zlkdatasys/audios/audio/20220630/16565813113659.wav"
        },
        {
          "text": "只会在你大意时露出爪子~",
          "link": "//game.gtimg.cn/images/yxzj/zlkdatasys/audios/audio/20220630/16565813294474.wav"
        },
        {
          "text": "信不信我咬你呀",
          "link": "//game.gtimg.cn/images/yxzj/zlkdatasys/audios/audio/20220630/16565813488313.wav"
        },
        {
          "text": "你们个个都是好人，而我是个颜控",
          "link": "//game.gtimg.cn/images/yxzj/zlkdatasys/audios/audio/20220630/16565814756554.mp3"
        },
        {
          "text": "总能得到最爱~",
          "link": "//game.gtimg.cn/images/yxzj/zlkdatasys/audios/audio/20220630/16565815111456.wav"
        },
        {
          "text": "猫拿耗子~",
          "link": "//game.gtimg.cn/images/yxzj/zlkdatasys/audios/audio/20220630/16565815335329.wav"
        },
        {
          "text": "清算时间",
          "link": "//game.gtimg.cn/images/yxzj/zlkdatasys/audios/audio/20220630/16565815485645.wav"
        },
        {
          "text": "第一条抓痕，特别的礼物~",
          "link": "//game.gtimg.cn/images/yxzj/zlkdatasys/audios/audio/20220630/16565815688234.wav"
        },
        {
          "text": "记住我迷人的样子~",
          "link": "//game.gtimg.cn/images/yxzj/zlkdatasys/audios/audio/20220630/16565815899371.wav"
        },
        {
          "text": "过街老鼠~",
          "link": "//game.gtimg.cn/images/yxzj/zlkdatasys/audios/audio/20220630/16565816099591.wav"
        },
        {
          "text": "为我倾倒吧~",
          "link": "//game.gtimg.cn/images/yxzj/zlkdatasys/audios/audio/20220630/16565816336345.wav"
        },
        {
          "text": "最好的留在最后~",
          "link": "//game.gtimg.cn/images/yxzj/zlkdatasys/audios/audio/20220630/16565816509417.wav"
        },
        {
          "text": "我知道你不会怕输，你只会怕我",
          "link": "//game.gtimg.cn/images/yxzj/zlkdatasys/audios/audio/20220630/16565816875053.mp3"
        },
        {
          "text": "长得漂亮不如干得漂亮，而你两样都做到了",
          "link": "//game.gtimg.cn/images/yxzj/zlkdatasys/audios/audio/20220630/16565817077912.mp3"
        },
        {
          "text": "别打这主意，谢谢了",
          "link": "//game.gtimg.cn/images/yxzj/zlkdatasys/audios/audio/20220630/16565818213790.wav"
        },
        {
          "text": "包容失败，却不会包容轻率的失败",
          "link": "//game.gtimg.cn/images/yxzj/zlkdatasys/audios/audio/20220630/16565818405750.wav"
        },
        {
          "text": "没哭，眼睛里进沙子了",
          "link": "//game.gtimg.cn/images/yxzj/zlkdatasys/audios/audio/20220630/16565818567171.wav"
        },
        {
          "text": "藏起刀来，重要的是节奏",
          "link": "//game.gtimg.cn/images/yxzj/zlkdatasys/audios/audio/20220630/16565818766617.wav"
        }
      ],
      "name": "暗夜猫娘"
    },
    {
      "voice": [
        {
          "text": "荧光棒，可不只是用来加油的~",
          "link": "//game.gtimg.cn/images/yxzj/zlkdatasys/audios/audio/20220411/16496488441744.wav"
        },
        {
          "text": "别爱我，没结果~",
          "link": "//game.gtimg.cn/images/yxzj/zlkdatasys/audios/audio/20220411/16496488557327.wav"
        },
        {
          "text": "生而耀眼，我很抱歉~",
          "link": "//game.gtimg.cn/images/yxzj/zlkdatasys/audios/audio/20220411/16496488636578.wav"
        },
        {
          "text": "只会弹琴的家伙最讨厌了！",
          "link": "//game.gtimg.cn/images/yxzj/zlkdatasys/audios/audio/20220411/16496488752933.wav"
        },
        {
          "text": "肉体和灵魂的时差，是四分之一拍~",
          "link": "//game.gtimg.cn/images/yxzj/zlkdatasys/audios/audio/20220411/16496488895313.wav"
        },
        {
          "text": "喜欢人家的尾巴？小心，喜欢会致命哦~",
          "link": "//game.gtimg.cn/images/yxzj/zlkdatasys/audios/audio/20220411/16496489019406.wav"
        },
        {
          "text": "表面热情似火，内心毫无波动~",
          "link": "//game.gtimg.cn/images/yxzj/zlkdatasys/audios/audio/20220411/16496489153653.wav"
        },
        {
          "text": "没有注视我的人，你们的脸，我都记住了~",
          "link": "//game.gtimg.cn/images/yxzj/zlkdatasys/audios/audio/20220411/16496489303923.wav"
        },
        {
          "text": "音乐…停止了…",
          "link": "//game.gtimg.cn/images/yxzj/zlkdatasys/audios/audio/20220411/16496489428937.wav"
        },
        {
          "text": "一击即中你的心~",
          "link": "//game.gtimg.cn/images/yxzj/zlkdatasys/audios/audio/20220411/16496489585750.wav"
        },
        {
          "text": "别跑啊~晚会还没结束呢~",
          "link": "//game.gtimg.cn/images/yxzj/zlkdatasys/audios/audio/20220411/16496489709119.wav"
        },
        {
          "text": "完美的偷袭，要踩着节拍来~",
          "link": "//game.gtimg.cn/images/yxzj/zlkdatasys/audios/audio/20220411/16496489829873.wav"
        },
        {
          "text": "迷倒的就是你~",
          "link": "//game.gtimg.cn/images/yxzj/zlkdatasys/audios/audio/20220411/16496490006345.wav"
        },
        {
          "text": "彩排？我需要吗~",
          "link": "//game.gtimg.cn/images/yxzj/zlkdatasys/audios/audio/20220411/16496490122733.wav"
        }
      ],
      "name": "节奏热浪"
    },
    {
      "voice": [
        {
          "text": "优秀的探险家，从不空手而归~",
          "link": "//game.gtimg.cn/images/yxzj/zlkdatasys/audios/audio/20220414/16499315866463.mp3"
        },
        {
          "text": "拒绝真心话，所以选了大冒险~",
          "link": "//game.gtimg.cn/images/yxzj/zlkdatasys/audios/audio/20220414/16499316064388.mp3"
        },
        {
          "text": "不冒高风险，哪有高回报？",
          "link": "//game.gtimg.cn/images/yxzj/zlkdatasys/audios/audio/20220414/16499316202782.mp3"
        },
        {
          "text": "我有特别的生存技巧~",
          "link": "//game.gtimg.cn/images/yxzj/zlkdatasys/audios/audio/20220411/16496491432558.wav"
        },
        {
          "text": "探险家总得钻钻草丛~",
          "link": "//game.gtimg.cn/images/yxzj/zlkdatasys/audios/audio/20220411/16496491555137.wav"
        },
        {
          "text": "切记，不要背对野兽！",
          "link": "//game.gtimg.cn/images/yxzj/zlkdatasys/audios/audio/20220411/16496492175304.wav"
        },
        {
          "text": "现在，我来教教你丛林法则！",
          "link": "//game.gtimg.cn/images/yxzj/zlkdatasys/audios/audio/20220411/16496492652398.wav"
        },
        {
          "text": "直觉告诉我……这个峡谷没宝藏",
          "link": "//game.gtimg.cn/images/yxzj/zlkdatasys/audios/audio/20220411/16496492774779.wav"
        },
        {
          "text": "该买份意外险的……",
          "link": "//game.gtimg.cn/images/yxzj/zlkdatasys/audios/audio/20220411/16496492926315.wav"
        },
        {
          "text": "你找到的，是条死路！",
          "link": "//game.gtimg.cn/images/yxzj/zlkdatasys/audios/audio/20220411/16496493091489.wav"
        },
        {
          "text": "寻寻觅觅~是为你找处葬身之地！",
          "link": "//game.gtimg.cn/images/yxzj/zlkdatasys/audios/audio/20220411/16496493329087.wav"
        },
        {
          "text": "送死，可不算什么历险！",
          "link": "//game.gtimg.cn/images/yxzj/zlkdatasys/audios/audio/20220411/16496493434199.wav"
        },
        {
          "text": "留意身后噢~",
          "link": "//game.gtimg.cn/images/yxzj/zlkdatasys/audios/audio/20220411/16496493712999.wav"
        },
        {
          "text": "偶尔玩玩失踪！",
          "link": "//game.gtimg.cn/images/yxzj/zlkdatasys/audios/audio/20220411/16496497252719.wav"
        }
      ],
      "name": "迷踪丽影"
    }
  ]
}