{
  "data": [
    {
      "voice": [
        {
          "text": "黑色，光明的预演。",
          "link": "//game.gtimg.cn/images/yxzj/zlkdatasys/audios/audio/20220414/16499316727418.mp3"
        },
        {
          "text": "血浓于血……",
          "link": "//game.gtimg.cn/images/yxzj/zlkdatasys/audios/audio/20220414/16499316851594.mp3"
        },
        {
          "text": "昨日今日，此心如一。",
          "link": "//game.gtimg.cn/images/yxzj/zlkdatasys/audios/audio/20220414/16499316975385.mp3"
        },
        {
          "text": "终有一天，不再孤军奋战。",
          "link": "//game.gtimg.cn/images/yxzj/zlkdatasys/audios/audio/20220411/16496431876685.wav"
        },
        {
          "text": "在我手中，开出路来！",
          "link": "//game.gtimg.cn/images/yxzj/zlkdatasys/audios/audio/20220411/16496431995664.wav"
        },
        {
          "text": "我是伤口，又是刀锋。",
          "link": "//game.gtimg.cn/images/yxzj/zlkdatasys/audios/audio/20220411/16496432123643.wav"
        },
        {
          "text": "幸福不是必需品。",
          "link": "//game.gtimg.cn/images/yxzj/zlkdatasys/audios/audio/20220411/16496432299405.wav"
        },
        {
          "text": "最犀利的剑，永远为痛楚而挥动！",
          "link": "//game.gtimg.cn/images/yxzj/zlkdatasys/audios/audio/20220411/16496432415220.wav"
        },
        {
          "text": "面具戴得太久，会忘记自己是谁",
          "link": "//game.gtimg.cn/images/yxzj/zlkdatasys/audios/audio/20220411/16496432554930.wav"
        },
        {
          "text": "力量的诅咒，感染了就无法治愈",
          "link": "//game.gtimg.cn/images/yxzj/zlkdatasys/audios/audio/20220411/16496432693558.wav"
        },
        {
          "text": "醒来！",
          "link": "//game.gtimg.cn/images/yxzj/zlkdatasys/audios/audio/20220411/16496433188833.wav"
        },
        {
          "text": "渴求！",
          "link": "//game.gtimg.cn/images/yxzj/zlkdatasys/audios/audio/20220411/16496433313560.wav"
        },
        {
          "text": "呼唤",
          "link": "//game.gtimg.cn/images/yxzj/zlkdatasys/audios/audio/20220411/16496433432078.wav"
        },
        {
          "text": "血！",
          "link": "//game.gtimg.cn/images/yxzj/zlkdatasys/audios/audio/20220411/16496433561451.wav"
        },
        {
          "text": "给我！",
          "link": "//game.gtimg.cn/images/yxzj/zlkdatasys/audios/audio/20220411/16496433789944.wav"
        },
        {
          "text": "永不！",
          "link": "//game.gtimg.cn/images/yxzj/zlkdatasys/audios/audio/20220411/16496433919781.wav"
        },
        {
          "text": "我...宽恕了自己",
          "link": "//game.gtimg.cn/images/yxzj/zlkdatasys/audios/audio/20220411/16496434197504.wav"
        },
        {
          "text": "还没能实现....理想",
          "link": "//game.gtimg.cn/images/yxzj/zlkdatasys/audios/audio/20220411/16496434591741.wav"
        },
        {
          "text": "我的南荒.....我的海水.....",
          "link": "//game.gtimg.cn/images/yxzj/zlkdatasys/audios/audio/20220411/16496434762435.wav"
        },
        {
          "text": "来吧",
          "link": "//game.gtimg.cn/images/yxzj/zlkdatasys/audios/audio/20220411/16496436105304.wav"
        },
        {
          "text": "过来",
          "link": "//game.gtimg.cn/images/yxzj/zlkdatasys/audios/audio/20220411/16496436266858.wav"
        },
        {
          "text": "来",
          "link": "//game.gtimg.cn/images/yxzj/zlkdatasys/audios/audio/20220411/16496436391507.wav"
        },
        {
          "text": "醒来！",
          "link": "//game.gtimg.cn/images/yxzj/zlkdatasys/audios/audio/20220411/16496436719101.wav"
        },
        {
          "text": "给我！",
          "link": "//game.gtimg.cn/images/yxzj/zlkdatasys/audios/audio/20220411/16496436901578.wav"
        },
        {
          "text": "献身于我……",
          "link": "//game.gtimg.cn/images/yxzj/zlkdatasys/audios/audio/20220411/16496437377472.wav"
        },
        {
          "text": "来解脱吧……",
          "link": "//game.gtimg.cn/images/yxzj/zlkdatasys/audios/audio/20220411/16496437493917.wav"
        },
        {
          "text": "血！",
          "link": "//game.gtimg.cn/images/yxzj/zlkdatasys/audios/audio/20220411/16496437825295.wav"
        },
        {
          "text": "星夜之中！",
          "link": "//game.gtimg.cn/images/yxzj/zlkdatasys/audios/audio/20220414/16499317106784.mp3"
        },
        {
          "text": "永不退却。",
          "link": "//game.gtimg.cn/images/yxzj/zlkdatasys/audios/audio/20220414/16499317222562.mp3"
        },
        {
          "text": "对决...期待已久...",
          "link": "//game.gtimg.cn/images/yxzj/zlkdatasys/audios/audio/20220411/16496438896620.wav"
        },
        {
          "text": "你我这场对决，世间期待已久。",
          "link": "//game.gtimg.cn/images/yxzj/zlkdatasys/audios/audio/20220411/16496439283553.wav"
        },
        {
          "text": "创伤，刻写于所有人的命运。",
          "link": "//game.gtimg.cn/images/yxzj/zlkdatasys/audios/audio/20220411/16496440093832.wav"
        },
        {
          "text": "创伤命运之中。",
          "link": "//game.gtimg.cn/images/yxzj/zlkdatasys/audios/audio/20220411/16496440604775.wav"
        },
        {
          "text": "废物",
          "link": "//game.gtimg.cn/images/yxzj/zlkdatasys/audios/audio/20220411/16496440716843.wav"
        },
        {
          "text": "你遇到了这块阵地上，最坚固的防线之一。",
          "link": "//game.gtimg.cn/images/yxzj/zlkdatasys/audios/audio/20220411/16496440869588.wav"
        }
      ],
      "name": "原皮"
    },
    {
      "voice": [
        {
          "text": "太阳之外，星夜之中！",
          "link": "//game.gtimg.cn/images/yxzj/zlkdatasys/audios/audio/20220411/16496458667625.wav"
        },
        {
          "text": "击碎命运的诅咒！",
          "link": "//game.gtimg.cn/images/yxzj/zlkdatasys/audios/audio/20220411/16496458815959.wav"
        },
        {
          "text": "这才是真正的我！",
          "link": "//game.gtimg.cn/images/yxzj/zlkdatasys/audios/audio/20220411/16496458905316.wav"
        },
        {
          "text": "忍耐，还是抗争？",
          "link": "//game.gtimg.cn/images/yxzj/zlkdatasys/audios/audio/20220411/16496459304238.wav"
        },
        {
          "text": "驱散夜行人的恐惧~",
          "link": "//game.gtimg.cn/images/yxzj/zlkdatasys/audios/audio/20220411/16496459435760.wav"
        },
        {
          "text": "重掌人生！",
          "link": "//game.gtimg.cn/images/yxzj/zlkdatasys/audios/audio/20220411/16496459537556.wav"
        },
        {
          "text": "困兽犹斗，何况是人。",
          "link": "//game.gtimg.cn/images/yxzj/zlkdatasys/audios/audio/20220411/16496459636662.wav"
        },
        {
          "text": "卸下面具，和最后的懦弱！",
          "link": "//game.gtimg.cn/images/yxzj/zlkdatasys/audios/audio/20220411/16496459741081.wav"
        },
        {
          "text": "灵魂，永不毁灭！",
          "link": "//game.gtimg.cn/images/yxzj/zlkdatasys/audios/audio/20220411/16496460019483.wav"
        },
        {
          "text": "叫我夜之王子！",
          "link": "//game.gtimg.cn/images/yxzj/zlkdatasys/audios/audio/20220411/16496460578852.wav"
        },
        {
          "text": "想尝尝不幸的滋味么？",
          "link": "//game.gtimg.cn/images/yxzj/zlkdatasys/audios/audio/20220411/16496460688705.wav"
        }
      ],
      "name": "星夜王子"
    }
  ]
}