{
  "data": [
    {
      "voice": [
        {
          "text": "放马过来！",
          "link": "//game.gtimg.cn/images/yxzj/zlkdatasys/audios/audio/20220414/16499312319021.mp3"
        },
        {
          "text": "安迪~",
          "link": "//game.gtimg.cn/images/yxzj/zlkdatasys/audios/audio/20220414/16499312521160.mp3"
        },
        {
          "text": "来啊，加油~！",
          "link": "//game.gtimg.cn/images/yxzj/zlkdatasys/audios/audio/20220412/16497342098720.wav"
        },
        {
          "text": "龙炎舞！",
          "link": "//game.gtimg.cn/images/yxzj/zlkdatasys/audios/audio/20220412/16497342319735.wav"
        },
        {
          "text": "风车崩！",
          "link": "//game.gtimg.cn/images/yxzj/zlkdatasys/audios/audio/20220412/16497342528711.wav"
        },
        {
          "text": "梦樱！",
          "link": "//game.gtimg.cn/images/yxzj/zlkdatasys/audios/audio/20220412/16497342713599.wav"
        },
        {
          "text": "花蝶扇！",
          "link": "//game.gtimg.cn/images/yxzj/zlkdatasys/audios/audio/20220412/16497345502828.wav"
        },
        {
          "text": "忍蜂——！",
          "link": "//game.gtimg.cn/images/yxzj/zlkdatasys/audios/audio/20220412/16497345695585.wav"
        },
        {
          "text": "不知火究極奥義！",
          "link": "//game.gtimg.cn/images/yxzj/zlkdatasys/audios/audio/20220412/16497346872893.wav"
        }
      ],
      "name": "原皮"
    },
    {
      "voice": [
        {
          "text": "在哪个月夜……曾相见过吗？",
          "link": "//game.gtimg.cn/images/yxzj/zlkdatasys/audios/audio/20220414/16499313032692.mp3"
        },
        {
          "text": "看着我的眼睛。",
          "link": "//game.gtimg.cn/images/yxzj/zlkdatasys/audios/audio/20220414/16499313361463.mp3"
        },
        {
          "text": "来啊~加油",
          "link": "//game.gtimg.cn/images/yxzj/zlkdatasys/audios/audio/20220414/16499313639458.mp3"
        },
        {
          "text": "听到你的心跳了~",
          "link": "//game.gtimg.cn/images/yxzj/zlkdatasys/audios/audio/20220412/16497350866703.wav"
        },
        {
          "text": "再拒绝的话，就太不解风情咯。",
          "link": "//game.gtimg.cn/images/yxzj/zlkdatasys/audios/audio/20220412/16497351039835.wav"
        },
        {
          "text": "传说灵猫会在月夜出没……嘘，她来了。",
          "link": "//game.gtimg.cn/images/yxzj/zlkdatasys/audios/audio/20220412/16497351263189.wav"
        },
        {
          "text": "分心的下场可是很要命的~",
          "link": "//game.gtimg.cn/images/yxzj/zlkdatasys/audios/audio/20220412/16497351484134.wav"
        },
        {
          "text": "失魂之人啊，天地虽大，你又能去哪呀？",
          "link": "//game.gtimg.cn/images/yxzj/zlkdatasys/audios/audio/20220412/16497351697919.wav"
        },
        {
          "text": "输点什么？...这可不由你做主。",
          "link": "//game.gtimg.cn/images/yxzj/zlkdatasys/audios/audio/20220412/16497351969862.wav"
        },
        {
          "text": "你失礼了。",
          "link": "//game.gtimg.cn/images/yxzj/zlkdatasys/audios/audio/20220412/16497352143901.wav"
        },
        {
          "text": "九命之猫，亦难逃一死……",
          "link": "//game.gtimg.cn/images/yxzj/zlkdatasys/audios/audio/20220412/16497352884965.mp3"
        },
        {
          "text": "龍炎舞！",
          "link": "//game.gtimg.cn/images/yxzj/zlkdatasys/audios/audio/20220412/16497353419249.wav"
        },
        {
          "text": "花蝶扇！",
          "link": "//game.gtimg.cn/images/yxzj/zlkdatasys/audios/audio/20220412/16497353668933.wav"
        },
        {
          "text": "必殺忍蜂！",
          "link": "//game.gtimg.cn/images/yxzj/zlkdatasys/audios/audio/20220412/16497353832581.wav"
        },
        {
          "text": "不知火究極奥義！",
          "link": "//game.gtimg.cn/images/yxzj/zlkdatasys/audios/audio/20220412/16497354647050.wav"
        },
        {
          "text": "放马过来",
          "link": "//game.gtimg.cn/images/yxzj/zlkdatasys/audios/audio/20220412/16497355299377.wav"
        }
      ],
      "name": "魅语"
    },
    {
      "voice": [
        {
          "text": "红月正当空，凡尘千年寻故友，百妖俱相从",
          "link": "//game.gtimg.cn/images/yxzj/zlkdatasys/audios/audio/20221107/16678032027075.wav"
        },
        {
          "text": "世人以物寄凡情，长此生妖影，今宵逐月行",
          "link": "//game.gtimg.cn/images/yxzj/zlkdatasys/audios/audio/20221107/16678032282333.wav"
        },
        {
          "text": "夜叩门扉无需惧，吾等所求，唯有寻回真心",
          "link": "//game.gtimg.cn/images/yxzj/zlkdatasys/audios/audio/20221107/16678032628600.wav"
        },
        {
          "text": "世七情六欲，化妖之百态千姿凡",
          "link": "//game.gtimg.cn/images/yxzj/zlkdatasys/audios/audio/20221104/16675548192103.wav"
        },
        {
          "text": "人貌似而心不同，妖各异却各相知",
          "link": "//game.gtimg.cn/images/yxzj/zlkdatasys/audios/audio/20221104/16675548761876.wav"
        },
        {
          "text": "君不解真情为何物，却道人妖本殊途？",
          "link": "//game.gtimg.cn/images/yxzj/zlkdatasys/audios/audio/20221104/16675549482221.wav"
        },
        {
          "text": "百妖盼月寻归客，不知此身亦是客中人",
          "link": "//game.gtimg.cn/images/yxzj/zlkdatasys/audios/audio/20221104/16675549964989.wav"
        },
        {
          "text": "汝之羁绊，遗落于月下谁家？",
          "link": "//game.gtimg.cn/images/yxzj/zlkdatasys/audios/audio/20221104/16675555711330.wav"
        },
        {
          "text": "流照千年俯仰过，挚情不再得",
          "link": "//game.gtimg.cn/images/yxzj/zlkdatasys/audios/audio/20221104/16675556296850.wav"
        },
        {
          "text": "人自寄情，月自晖映，如此便算曾相识",
          "link": "//game.gtimg.cn/images/yxzj/zlkdatasys/audios/audio/20221104/16675556694347.wav"
        },
        {
          "text": "世事频更替，寻觅终有重逢时！",
          "link": "//game.gtimg.cn/images/yxzj/zlkdatasys/audios/audio/20221104/16675557339942.wav"
        },
        {
          "text": "常忆故友小扇扑流樱，落入水中月影",
          "link": "//game.gtimg.cn/images/yxzj/zlkdatasys/audios/audio/20221104/16675558038710.wav"
        },
        {
          "text": "回首阑珊处，无月亦无灯……",
          "link": "//game.gtimg.cn/images/yxzj/zlkdatasys/audios/audio/20221104/16675558499635.wav"
        },
        {
          "text": "月悬！",
          "link": "//game.gtimg.cn/images/yxzj/zlkdatasys/audios/audio/20221104/16675558837128.wav"
        },
        {
          "text": "樱落！",
          "link": "//game.gtimg.cn/images/yxzj/zlkdatasys/audios/audio/20221104/16675559481147.wav"
        },
        {
          "text": "夜游之邀！",
          "link": "//game.gtimg.cn/images/yxzj/zlkdatasys/audios/audio/20221104/16675561694638.wav"
        },
        {
          "text": "梦魂引！",
          "link": "//game.gtimg.cn/images/yxzj/zlkdatasys/audios/audio/20221104/16675562022506.wav"
        },
        {
          "text": "幽光入怀！",
          "link": "//game.gtimg.cn/images/yxzj/zlkdatasys/audios/audio/20221104/16675562321808.wav"
        },
        {
          "text": "月华逐君！",
          "link": "//game.gtimg.cn/images/yxzj/zlkdatasys/audios/audio/20221104/16675562611765.wav"
        },
        {
          "text": "花蝶扇",
          "link": "//game.gtimg.cn/images/yxzj/zlkdatasys/audios/audio/20221104/16675562903111.wav"
        },
        {
          "text": "红月踏歌临！",
          "link": "//game.gtimg.cn/images/yxzj/zlkdatasys/audios/audio/20221104/16675566356077.wav"
        },
        {
          "text": "百妖同行！",
          "link": "//game.gtimg.cn/images/yxzj/zlkdatasys/audios/audio/20221104/16675567339000.wav"
        },
        {
          "text": "幽关既开，人间归客~",
          "link": "//game.gtimg.cn/images/yxzj/zlkdatasys/audios/audio/20221104/16675567752909.wav"
        },
        {
          "text": "嘘，静赏月色",
          "link": "//game.gtimg.cn/images/yxzj/zlkdatasys/audios/audio/20221107/16677913721812.wav"
        },
        {
          "text": "妖本因人情所生，何必惧怕于吾等？",
          "link": "//game.gtimg.cn/images/yxzj/zlkdatasys/audios/audio/20221104/16675569762813.wav"
        },
        {
          "text": "无情之物，终得多情之身",
          "link": "//game.gtimg.cn/images/yxzj/zlkdatasys/audios/audio/20221107/16677912686456.wav"
        },
        {
          "text": "夜尽昼未临，曾有人知，再无人知。",
          "link": "//game.gtimg.cn/images/yxzj/zlkdatasys/audios/audio/20221107/16677912111355.wav"
        },
        {
          "text": "悬月曾照君之过往，人妖积怨甚，只得两败俱伤。",
          "link": "//game.gtimg.cn/images/yxzj/zlkdatasys/audios/audio/20221107/16677911799729.wav"
        },
        {
          "text": "君所记《古今物语》，实皆物之情语",
          "link": "//game.gtimg.cn/images/yxzj/zlkdatasys/audios/audio/20221107/16677910332267.wav"
        },
        {
          "text": "嘘，今夜月色正好",
          "link": "//game.gtimg.cn/images/yxzj/zlkdatasys/audios/audio/20221107/16677913888028.wav"
        }
      ],
      "name": "绯月行"
    },
    {
      "voice": [
        {
          "text": "幸会，这点见面礼~可还喜欢？",
          "link": "//game.gtimg.cn/images/yxzj/zlkdatasys/audios/audio/20240705/17201674689777.mp3"
        },
        {
          "text": "论胜负的比赛，本小姐可没输过。",
          "link": "//game.gtimg.cn/images/yxzj/zlkdatasys/audios/audio/20240705/17201675339638.mp3"
        },
        {
          "text": "往昔之局未竟——今日来此，只为如愿！",
          "link": "//game.gtimg.cn/images/yxzj/zlkdatasys/audios/audio/20240705/17201675495650.mp3"
        },
        {
          "text": "美貌也可以成为一柄利刃。",
          "link": "//game.gtimg.cn/images/yxzj/zlkdatasys/audios/audio/20240705/17201628526894.mp3"
        },
        {
          "text": "老爷子的脾性我只继承了一点，不好招惹~",
          "link": "//game.gtimg.cn/images/yxzj/zlkdatasys/audios/audio/20240705/17201628724204.mp3"
        },
        {
          "text": "四十八张牌面，绘尽浮世风光，也见惯世事无常。",
          "link": "//game.gtimg.cn/images/yxzj/zlkdatasys/audios/audio/20240705/17201628998688.mp3"
        },
        {
          "text": "弱者因所执而苦，强者为所执而战。",
          "link": "//game.gtimg.cn/images/yxzj/zlkdatasys/audios/audio/20240705/17201629191974.mp3"
        },
        {
          "text": "若非一试，怎知转瞬故影不可为我长留？",
          "link": "//game.gtimg.cn/images/yxzj/zlkdatasys/audios/audio/20240705/17201629422466.mp3"
        },
        {
          "text": "我这里的规矩，失约之人永不复用。",
          "link": "//game.gtimg.cn/images/yxzj/zlkdatasys/audios/audio/20240705/17201629629757.mp3"
        },
        {
          "text": "牌局易算，人情难量。",
          "link": "//game.gtimg.cn/images/yxzj/zlkdatasys/audios/audio/20240705/17201629805883.mp3"
        },
        {
          "text": "如愿大会年年喧嚣，可见世间痴人之多，一如你我。",
          "link": "//game.gtimg.cn/images/yxzj/zlkdatasys/audios/audio/20240705/17201629983325.mp3"
        },
        {
          "text": "春樱散花，难知去向。",
          "link": "//game.gtimg.cn/images/yxzj/zlkdatasys/audios/audio/20240705/17201630237690.mp3"
        },
        {
          "text": "现今的商会，可比老爷子在时兴盛十分。",
          "link": "//game.gtimg.cn/images/yxzj/zlkdatasys/audios/audio/20240705/17201630459607.mp3"
        },
        {
          "text": "闭门谢客~",
          "link": "//game.gtimg.cn/images/yxzj/zlkdatasys/audios/audio/20240705/17201646713799.mp3"
        },
        {
          "text": "曾与人约，天亮前归家……",
          "link": "//game.gtimg.cn/images/yxzj/zlkdatasys/audios/audio/20240705/17201646941899.mp3"
        },
        {
          "text": "已经算过，你的赢面几乎为零~",
          "link": "//game.gtimg.cn/images/yxzj/zlkdatasys/audios/audio/20240705/17201647135285.mp3"
        },
        {
          "text": "哼，小菜一碟！",
          "link": "//game.gtimg.cn/images/yxzj/zlkdatasys/audios/audio/20240705/17201647418758.mp3"
        },
        {
          "text": "牌局重洗~",
          "link": "//game.gtimg.cn/images/yxzj/zlkdatasys/audios/audio/20240705/17201647691627.mp3"
        },
        {
          "text": "这次大赛，看客已成局中人。",
          "link": "//game.gtimg.cn/images/yxzj/zlkdatasys/audios/audio/20240705/17201647881606.mp3"
        },
        {
          "text": "这次大赛，看客已成局中人。",
          "link": "//game.gtimg.cn/images/yxzj/zlkdatasys/audios/audio/20240705/17201648146565.mp3"
        },
        {
          "text": "今日好兴致，在场各位全部由我买单~！",
          "link": "//game.gtimg.cn/images/yxzj/zlkdatasys/audios/audio/20240705/17201648376144.mp3"
        },
        {
          "text": "桌上的残局，还得由我收拾。",
          "link": "//game.gtimg.cn/images/yxzj/zlkdatasys/audios/audio/20240705/17201648564955.mp3"
        },
        {
          "text": "聊胜一筹！",
          "link": "//game.gtimg.cn/images/yxzj/zlkdatasys/audios/audio/20240705/17201648768522.mp3"
        },
        {
          "text": "我不喜欢等人，若有想见之人，必定自求寻之。",
          "link": "//game.gtimg.cn/images/yxzj/zlkdatasys/audios/audio/20240705/17201648933249.mp3"
        },
        {
          "text": "忆朝昔！",
          "link": "//game.gtimg.cn/images/yxzj/zlkdatasys/audios/audio/20240705/17201653906068.mp3"
        },
        {
          "text": "会千客！",
          "link": "//game.gtimg.cn/images/yxzj/zlkdatasys/audios/audio/20240705/17201654138637.mp3"
        },
        {
          "text": "挥金！",
          "link": "//game.gtimg.cn/images/yxzj/zlkdatasys/audios/audio/20240705/17201654336692.mp3"
        },
        {
          "text": "掷玉！",
          "link": "//game.gtimg.cn/images/yxzj/zlkdatasys/audios/audio/20240705/17201654541303.mp3"
        },
        {
          "text": "花蝶扇！",
          "link": "//game.gtimg.cn/images/yxzj/zlkdatasys/audios/audio/20240705/17201654723899.mp3"
        },
        {
          "text": "乘兴同游！",
          "link": "//game.gtimg.cn/images/yxzj/zlkdatasys/audios/audio/20240705/17201654949475.mp3"
        },
        {
          "text": "如愿如心！",
          "link": "//game.gtimg.cn/images/yxzj/zlkdatasys/audios/audio/20240705/17201655142867.mp3"
        },
        {
          "text": "浮世一梦！",
          "link": "//game.gtimg.cn/images/yxzj/zlkdatasys/audios/audio/20240705/17201655423278.mp3"
        },
        {
          "text": "第一次玩花札就遇上我的人，都很不幸噢~",
          "link": "//game.gtimg.cn/images/yxzj/zlkdatasys/audios/audio/20240705/17201655914220.mp3"
        }
      ],
      "name": "花合斗"
    }
  ]
}
