{
  "data": [
    {
      "voice": [
        {
          "text": "飞舞战场的美少女，大活跃Q~~",
          "link": "//game.gtimg.cn/images/yxzj/zlkdatasys/audios/audio/20220412/16497703526164.wav"
        },
        {
          "text": "~~左三圈，右三圈，扭一扭，转一转……人家也是萝莉控~QQQ",
          "link": "//game.gtimg.cn/images/yxzj/zlkdatasys/audios/audio/20220412/16497703681385.wav"
        },
        {
          "text": "心有多大，舞台就有多刺激~~Q~",
          "link": "//game.gtimg.cn/images/yxzj/zlkdatasys/audios/audio/20220412/16497704277640.wav"
        },
        {
          "text": "做个狂热又任性的魔女，把帅气的男朋友带回家~",
          "link": "//game.gtimg.cn/images/yxzj/zlkdatasys/audios/audio/20220412/16497704416738.wav"
        },
        {
          "text": "大人是种邪恶、可怕、爱说谎的生物。",
          "link": "//game.gtimg.cn/images/yxzj/zlkdatasys/audios/audio/20220412/16497704572562.wav"
        },
        {
          "text": "不要欺负我，会把你弄哭的哟~~",
          "link": "//game.gtimg.cn/images/yxzj/zlkdatasys/audios/audio/20220412/16497704704702.wav"
        },
        {
          "text": "男神是孟德大人，喜欢的宠物是阿典，梦想是养只羊驼",
          "link": "//game.gtimg.cn/images/yxzj/zlkdatasys/audios/audio/20220412/16497704836160.wav"
        },
        {
          "text": "呜~少女心破碎了",
          "link": "//game.gtimg.cn/images/yxzj/zlkdatasys/audios/audio/20220412/16497705038569.wav"
        },
        {
          "text": "啦啦哩哩啦哩啦啦哩哩啦！",
          "link": "//game.gtimg.cn/images/yxzj/zlkdatasys/audios/audio/20220412/16497707064578.wav"
        },
        {
          "text": "传说中的洗脑歌！",
          "link": "//game.gtimg.cn/images/yxzj/zlkdatasys/audios/audio/20220412/16497707343886.wav"
        },
        {
          "text": "宝宝不开心，宝宝有小情绪了",
          "link": "//game.gtimg.cn/images/yxzj/zlkdatasys/audios/audio/20220412/16497707501609.wav"
        },
        {
          "text": "逗~~你~~玩~~~",
          "link": "//game.gtimg.cn/images/yxzj/zlkdatasys/audios/audio/20220412/16497707632172.wav"
        },
        {
          "text": "人家演奏，打架的加油~",
          "link": "//game.gtimg.cn/images/yxzj/zlkdatasys/audios/audio/20220412/16497707813408.wav"
        },
        {
          "text": "我来抓人咯",
          "link": "//game.gtimg.cn/images/yxzj/zlkdatasys/audios/audio/20220412/16497708001204.wav"
        },
        {
          "text": "虐虐，更健康~~",
          "link": "//game.gtimg.cn/images/yxzj/zlkdatasys/audios/audio/20220412/16497708145380.wav"
        },
        {
          "text": "颜值不够又不听话，哼，告诉你家长哟！",
          "link": "//game.gtimg.cn/images/yxzj/zlkdatasys/audios/audio/20220412/16497708293312.wav"
        },
        {
          "text": "来，给你插朵小花花",
          "link": "//game.gtimg.cn/images/yxzj/zlkdatasys/audios/audio/20220426/16509660267676.mp3"
        },
        {
          "text": "大哥哥，你的伤口还疼吗",
          "link": "//game.gtimg.cn/images/yxzj/zlkdatasys/audios/audio/20220426/16509660457658.mp3"
        },
        {
          "text": "想带你认识我的啊典",
          "link": "//game.gtimg.cn/images/yxzj/zlkdatasys/audios/audio/20220426/16509660638653.mp3"
        },
        {
          "text": "em..人家想吃烤鱼",
          "link": "//game.gtimg.cn/images/yxzj/zlkdatasys/audios/audio/20220426/16509660749232.mp3"
        },
        {
          "text": "要是爹地还在，一定也会让我帮助你。",
          "link": "//game.gtimg.cn/images/yxzj/zlkdatasys/audios/audio/20220426/16509660889142.mp3"
        },
        {
          "text": "你会一直保护文姬吗？",
          "link": "//game.gtimg.cn/images/yxzj/zlkdatasys/audios/audio/20220426/16509661006307.mp3"
        },
        {
          "text": "看，是流星欸",
          "link": "//game.gtimg.cn/images/yxzj/zlkdatasys/audios/audio/20220426/16509661136374.mp3"
        },
        {
          "text": "宝宝弹的胡笳琴，好听吗",
          "link": "//game.gtimg.cn/images/yxzj/zlkdatasys/audios/audio/20220426/16509633952009.mp3"
        },
        {
          "text": "本宝宝已经原谅你了。",
          "link": "//game.gtimg.cn/images/yxzj/zlkdatasys/audios/audio/20220426/16509634163059.mp3"
        },
        {
          "text": "冰块脸，给你捂捂热。",
          "link": "//game.gtimg.cn/images/yxzj/zlkdatasys/audios/audio/20220426/16509634335463.mp3"
        }
      ],
      "name": "原皮"
    },
    {
      "voice": [
        {
          "text": "啦啦啦啦啦~",
          "link": "//game.gtimg.cn/images/yxzj/zlkdatasys/audios/audio/20220412/16497708726703.wav"
        },
        {
          "text": "相信奇迹~",
          "link": "//game.gtimg.cn/images/yxzj/zlkdatasys/audios/audio/20220412/16497708949239.wav"
        },
        {
          "text": "魔法，蕴含于心灵~",
          "link": "//game.gtimg.cn/images/yxzj/zlkdatasys/audios/audio/20220412/16497709068795.wav"
        },
        {
          "text": "无人知晓，我的小小冒险~",
          "link": "//game.gtimg.cn/images/yxzj/zlkdatasys/audios/audio/20220412/16497709203476.wav"
        },
        {
          "text": "如果你看见戴红帽子的老人，请告诉他，我长大了~",
          "link": "//game.gtimg.cn/images/yxzj/zlkdatasys/audios/audio/20220412/16497709356793.wav"
        },
        {
          "text": "哇~每个角落都有光~",
          "link": "//game.gtimg.cn/images/yxzj/zlkdatasys/audios/audio/20220412/16497709509855.wav"
        },
        {
          "text": "奇迹属于冒险者，可是，注意安全哦~",
          "link": "//game.gtimg.cn/images/yxzj/zlkdatasys/audios/audio/20220412/16497709643428.wav"
        },
        {
          "text": "嘻嘻，你能为我寄一张明信片吗？",
          "link": "//game.gtimg.cn/images/yxzj/zlkdatasys/audios/audio/20220412/16497709789081.wav"
        },
        {
          "text": "我会苏醒的，我会复活的……",
          "link": "//game.gtimg.cn/images/yxzj/zlkdatasys/audios/audio/20220412/16497709955446.wav"
        },
        {
          "text": "开足马力，一起冒险！",
          "link": "//game.gtimg.cn/images/yxzj/zlkdatasys/audios/audio/20220412/16497710144327.wav"
        },
        {
          "text": "这么粗鲁，一定没听过音乐~",
          "link": "//game.gtimg.cn/images/yxzj/zlkdatasys/audios/audio/20220412/16497710283204.wav"
        },
        {
          "text": "有我就有夜的平安！",
          "link": "//game.gtimg.cn/images/yxzj/zlkdatasys/audios/audio/20220412/16497710415386.wav"
        }
      ],
      "name": "奇迹圣诞"
    },
    {
      "voice": [
        {
          "text": "你负责征服赛场~我为你沸腾舞台。",
          "link": "//game.gtimg.cn/images/yxzj/zlkdatasys/audios/audio/20220412/16497712881437.wav"
        },
        {
          "text": "喊一声加油，你敢答应吗？",
          "link": "//game.gtimg.cn/images/yxzj/zlkdatasys/audios/audio/20220412/16497713028323.wav"
        },
        {
          "text": "生命这样热烈，不投入怎么行。",
          "link": "//game.gtimg.cn/images/yxzj/zlkdatasys/audios/audio/20220412/16497713204625.wav"
        },
        {
          "text": "我和你，如同梦想和梦想的相遇。",
          "link": "//game.gtimg.cn/images/yxzj/zlkdatasys/audios/audio/20220412/16497713322718.wav"
        },
        {
          "text": "没有人是天生的失败者！",
          "link": "//game.gtimg.cn/images/yxzj/zlkdatasys/audios/audio/20220412/16497713496732.wav"
        },
        {
          "text": "啦啦队之间的最终差距，在于bgm！",
          "link": "//game.gtimg.cn/images/yxzj/zlkdatasys/audios/audio/20220412/16497713623679.wav"
        },
        {
          "text": "最强门神也无法抵挡的热情冲击！",
          "link": "//game.gtimg.cn/images/yxzj/zlkdatasys/audios/audio/20220412/16497713753595.wav"
        },
        {
          "text": "为你呐喊的声音，不因输赢而停止。",
          "link": "//game.gtimg.cn/images/yxzj/zlkdatasys/audios/audio/20220412/16497713889891.wav"
        },
        {
          "text": "不被需要的加油……",
          "link": "//game.gtimg.cn/images/yxzj/zlkdatasys/audios/audio/20220412/16497714034111.wav"
        },
        {
          "text": "助威的艺术！",
          "link": "//game.gtimg.cn/images/yxzj/zlkdatasys/audios/audio/20220412/16497714718581.wav"
        },
        {
          "text": "跟上节拍，律动起来~",
          "link": "//game.gtimg.cn/images/yxzj/zlkdatasys/audios/audio/20220412/16497714833122.wav"
        },
        {
          "text": "压轴表演！",
          "link": "//game.gtimg.cn/images/yxzj/zlkdatasys/audios/audio/20220412/16497715001297.wav"
        }
      ],
      "name": "舞动绿茵"
    },
    {
      "voice": [
        {
          "text": "哇，一二三，开花。一二三，开花。",
          "link": "//game.gtimg.cn/images/yxzj/zlkdatasys/audios/audio/20220415/16499848443501.mp3"
        },
        {
          "text": "星光所至~",
          "link": "//game.gtimg.cn/images/yxzj/zlkdatasys/audios/audio/20220415/16499848565518.mp3"
        },
        {
          "text": "希望，始于星空！",
          "link": "//game.gtimg.cn/images/yxzj/zlkdatasys/audios/audio/20220415/16499848684821.mp3"
        },
        {
          "text": "星光抚慰灵魂，音乐治愈人心~",
          "link": "//game.gtimg.cn/images/yxzj/zlkdatasys/audios/audio/20220412/16497717622304.mp3"
        },
        {
          "text": "仰望夜空，是我写诗的灵感",
          "link": "//game.gtimg.cn/images/yxzj/zlkdatasys/audios/audio/20220412/16497717774452.mp3"
        },
        {
          "text": "我擅长即兴创作~",
          "link": "//game.gtimg.cn/images/yxzj/zlkdatasys/audios/audio/20220412/16497718023386.wav"
        },
        {
          "text": "哦~献给生命的诗篇，永垂不朽。",
          "link": "//game.gtimg.cn/images/yxzj/zlkdatasys/audios/audio/20220412/16497718197976.mp3"
        },
        {
          "text": "夜色降临以后，星星会领我们回家~",
          "link": "//game.gtimg.cn/images/yxzj/zlkdatasys/audios/audio/20220412/16497718343244.mp3"
        },
        {
          "text": "下个春天见……",
          "link": "//game.gtimg.cn/images/yxzj/zlkdatasys/audios/audio/20220412/16497718527342.wav"
        },
        {
          "text": "呵呵呵~呵呵呵~",
          "link": "//game.gtimg.cn/images/yxzj/zlkdatasys/audios/audio/20220412/16497719635577.wav"
        },
        {
          "text": "呼啦呼啦~呵呵呵~呼啦呼啦~",
          "link": "//game.gtimg.cn/images/yxzj/zlkdatasys/audios/audio/20220412/16497719785729.mp3"
        },
        {
          "text": "嗯哼~",
          "link": "//game.gtimg.cn/images/yxzj/zlkdatasys/audios/audio/20220412/16497720633376.wav"
        },
        {
          "text": "这是春天的礼物！",
          "link": "//game.gtimg.cn/images/yxzj/zlkdatasys/audios/audio/20220412/16497720847804.wav"
        },
        {
          "text": "嘘 ，看到流星要先许愿!",
          "link": "//game.gtimg.cn/images/yxzj/zlkdatasys/audios/audio/20220412/16497721199591.wav"
        },
        {
          "text": "群星守望！",
          "link": "//game.gtimg.cn/images/yxzj/zlkdatasys/audios/audio/20220412/16497721348191.wav"
        },
        {
          "text": "星之祈愿~",
          "link": "//game.gtimg.cn/images/yxzj/zlkdatasys/audios/audio/20220412/16497721467638.wav"
        },
        {
          "text": "从品相来看，你的成活率只有百分之三",
          "link": "//game.gtimg.cn/images/yxzj/zlkdatasys/audios/audio/20220412/16497721633077.mp3"
        },
        {
          "text": "你这颗坏掉的小种子！",
          "link": "//game.gtimg.cn/images/yxzj/zlkdatasys/audios/audio/20220412/16497721818383.wav"
        },
        {
          "text": "摘星星是我最擅长的游戏之一！",
          "link": "//game.gtimg.cn/images/yxzj/zlkdatasys/audios/audio/20220418/16502892824021.mp3"
        }
      ],
      "name": "繁星吟游"
    },
    {
      "voice": [
        {
          "text": "东风送信，花朝如约，年年相见，年年相念",
          "link": "//game.gtimg.cn/images/yxzj/zlkdatasys/audios/audio/20220415/16499848936925.mp3"
        },
        {
          "text": "二月始为百花诞，剪彩系花......与你同游百花园！",
          "link": "//game.gtimg.cn/images/yxzj/zlkdatasys/audios/audio/20220415/16499849113870.mp3"
        },
        {
          "text": "以花为凭，将四时寄给梦中身影",
          "link": "//game.gtimg.cn/images/yxzj/zlkdatasys/audios/audio/20220415/16499849249026.mp3"
        },
        {
          "text": "万紫千红披锦绣，尚劳点缀贺花神",
          "link": "//game.gtimg.cn/images/yxzj/zlkdatasys/audios/audio/20220413/16498203266154.wav"
        },
        {
          "text": "晨起闹红杏，暮归眠海棠，岂可虚度好春光",
          "link": "//game.gtimg.cn/images/yxzj/zlkdatasys/audios/audio/20220413/16498203425558.wav"
        },
        {
          "text": "陌上花开，盼小花神缓缓归",
          "link": "//game.gtimg.cn/images/yxzj/zlkdatasys/audios/audio/20220413/16498203597853.wav"
        },
        {
          "text": "彩蝶可知春去处？",
          "link": "//game.gtimg.cn/images/yxzj/zlkdatasys/audios/audio/20220413/16498203732938.wav"
        },
        {
          "text": "枝头红绡，绫罗片片，赏不尽期许满园",
          "link": "//game.gtimg.cn/images/yxzj/zlkdatasys/audios/audio/20220413/16498203878433.wav"
        },
        {
          "text": "花人相映，皆重品性",
          "link": "//game.gtimg.cn/images/yxzj/zlkdatasys/audios/audio/20220413/16498204034632.wav"
        },
        {
          "text": "愿人间花好，美景常邀……岁岁似今朝！",
          "link": "//game.gtimg.cn/images/yxzj/zlkdatasys/audios/audio/20220413/16498204183370.wav"
        },
        {
          "text": "后会有期",
          "link": "//game.gtimg.cn/images/yxzj/zlkdatasys/audios/audio/20220413/16498204472933.wav"
        },
        {
          "text": "聊赠一枝春~",
          "link": "//game.gtimg.cn/images/yxzj/zlkdatasys/audios/audio/20220413/16498204615370.wav"
        },
        {
          "text": "枝头空空，不堪一折！",
          "link": "//game.gtimg.cn/images/yxzj/zlkdatasys/audios/audio/20220413/16498217357976.wav"
        },
        {
          "text": "朝气踏春来",
          "link": "//game.gtimg.cn/images/yxzj/zlkdatasys/audios/audio/20220413/16498205621281.wav"
        },
        {
          "text": "胜日当寻芳",
          "link": "//game.gtimg.cn/images/yxzj/zlkdatasys/audios/audio/20220413/16498205812073.wav"
        },
        {
          "text": "留心花开",
          "link": "//game.gtimg.cn/images/yxzj/zlkdatasys/audios/audio/20220413/16498205958706.wav"
        },
        {
          "text": "一捧春色关不住",
          "link": "//game.gtimg.cn/images/yxzj/zlkdatasys/audios/audio/20220413/16498206096555.wav"
        },
        {
          "text": "身随彩蝶翩翩舞",
          "link": "//game.gtimg.cn/images/yxzj/zlkdatasys/audios/audio/20220413/16498206241473.wav"
        },
        {
          "text": "春日融融，最暖人心",
          "link": "//game.gtimg.cn/images/yxzj/zlkdatasys/audios/audio/20220413/16498206371874.wav"
        },
        {
          "text": "花神赐福",
          "link": "//game.gtimg.cn/images/yxzj/zlkdatasys/audios/audio/20220413/16498206513319.wav"
        },
        {
          "text": "百花生辰，如约而至",
          "link": "//game.gtimg.cn/images/yxzj/zlkdatasys/audios/audio/20220413/16498206646045.wav"
        },
        {
          "text": "闲来逐东风",
          "link": "//game.gtimg.cn/images/yxzj/zlkdatasys/audios/audio/20220413/16498206816188.wav"
        },
        {
          "text": "正是扑蝶好时节",
          "link": "//game.gtimg.cn/images/yxzj/zlkdatasys/audios/audio/20220413/16498206979275.wav"
        }
      ],
      "name": "花朝如约"
    },
    {
      "voice": [
        {
          "text": "兔顽号，华丽登场~",
          "link": "//game.gtimg.cn/images/yxzj/zlkdatasys/audios/audio/20230615/16867991527575.mp3"
        },
        {
          "text": "获胜的秘诀，让别人变慢，让自己更快——嘭！",
          "link": "//game.gtimg.cn/images/yxzj/zlkdatasys/audios/audio/20230615/16867991793870.mp3"
        },
        {
          "text": "美少女，从不回头看爆炸。",
          "link": "//game.gtimg.cn/images/yxzj/zlkdatasys/audios/audio/20230615/16867992056861.mp3"
        },
        {
          "text": "Tada～天赋很重要，但运气更重要~",
          "link": "//game.gtimg.cn/images/yxzj/zlkdatasys/audios/audio/20230614/16867320693918.mp3"
        },
        {
          "text": "友情就是当你第一时，我的炮弹只打第一名～",
          "link": "//game.gtimg.cn/images/yxzj/zlkdatasys/audios/audio/20230614/16867321028955.mp3"
        },
        {
          "text": "兔顽号，加加急，来个无敌行不行~",
          "link": "//game.gtimg.cn/images/yxzj/zlkdatasys/audios/audio/20230614/16867321281279.mp3"
        },
        {
          "text": "好朋友就是要互相伤害！",
          "link": "//game.gtimg.cn/images/yxzj/zlkdatasys/audios/audio/20230614/16867321527834.mp3"
        },
        {
          "text": "赛道上的香蕉皮和我没关系，没有，绝对没有！",
          "link": "//game.gtimg.cn/images/yxzj/zlkdatasys/audios/audio/20230614/16867321794943.mp3"
        },
        {
          "text": "从地下冒出来的不仅有鲨鱼，还有恐龙，呜呜……",
          "link": "//game.gtimg.cn/images/yxzj/zlkdatasys/audios/audio/20230614/16867322056862.mp3"
        },
        {
          "text": "金币自己撞上来，你说奇怪不奇怪",
          "link": "//game.gtimg.cn/images/yxzj/zlkdatasys/audios/audio/20230615/16867992455243.mp3"
        },
        {
          "text": "未连接到互联网，将自动切换为离线模式。",
          "link": "//game.gtimg.cn/images/yxzj/zlkdatasys/audios/audio/20230615/16867992925045.mp3"
        },
        {
          "text": "这么针对我，系统都看不下去啦！",
          "link": "//game.gtimg.cn/images/yxzj/zlkdatasys/audios/audio/20230615/16867993152052.mp3"
        },
        {
          "text": "还是我技高一筹～",
          "link": "//game.gtimg.cn/images/yxzj/zlkdatasys/audios/audio/20230614/16867326607497.mp3"
        },
        {
          "text": "看来有些人只适合去场外当啦啦队。",
          "link": "//game.gtimg.cn/images/yxzj/zlkdatasys/audios/audio/20230614/16867326805750.mp3"
        },
        {
          "text": "补补状态，车车更快~",
          "link": "//game.gtimg.cn/images/yxzj/zlkdatasys/audios/audio/20230614/16867358928306.mp3"
        },
        {
          "text": "知道你很急，但你先别急～",
          "link": "//game.gtimg.cn/images/yxzj/zlkdatasys/audios/audio/20230614/16867328812520.mp3"
        },
        {
          "text": "盲盒大放送！",
          "link": "//game.gtimg.cn/images/yxzj/zlkdatasys/audios/audio/20230614/16867329137539.mp3"
        },
        {
          "text": "你超速了哦，快停下！",
          "link": "//game.gtimg.cn/images/yxzj/zlkdatasys/audios/audio/20230614/16867329429512.mp3"
        },
        {
          "text": "今日免费修车哦~",
          "link": "//game.gtimg.cn/images/yxzj/zlkdatasys/audios/audio/20230614/16867329657807.mp3"
        },
        {
          "text": "萝卜煮煮，十全大补！",
          "link": "//game.gtimg.cn/images/yxzj/zlkdatasys/audios/audio/20230614/16867329883828.mp3"
        },
        {
          "text": "我的我的，都是我的~",
          "link": "//game.gtimg.cn/images/yxzj/zlkdatasys/audios/audio/20230614/16867330771089.mp3"
        },
        {
          "text": "手柄漂移的时候，其实是我在开小差哦～",
          "link": "//game.gtimg.cn/images/yxzj/zlkdatasys/audios/audio/20230614/16867331074089.mp3"
        },
        {
          "text": "赛博恐龙也会害怕电子兔兔吗？",
          "link": "//game.gtimg.cn/images/yxzj/zlkdatasys/audios/audio/20230614/16867331558039.mp3"
        },
        {
          "text": "哇哦，更新战绩：202比201！",
          "link": "//game.gtimg.cn/images/yxzj/zlkdatasys/audios/audio/20230614/16867331975598.mp3"
        },
        {
          "text": "有没有搞错，我们两个怎么在一个队里呀？",
          "link": "//game.gtimg.cn/images/yxzj/zlkdatasys/audios/audio/20230614/16867332347302.mp3"
        },
        {
          "text": "哼，追风的美少女，不搭别人的顺风车~",
          "link": "//game.gtimg.cn/images/yxzj/zlkdatasys/audios/audio/20230614/16867332806639.mp3"
        },
        {
          "text": "唔，我也想去地下赛道玩嘛！",
          "link": "//game.gtimg.cn/images/yxzj/zlkdatasys/audios/audio/20230614/16867333226254.mp3"
        },
        {
          "text": "喏，这是给雷斯克补充能量的胡萝卜！",
          "link": "//game.gtimg.cn/images/yxzj/zlkdatasys/audios/audio/20230614/16867333516755.mp3"
        },
        {
          "text": "把我的幸运值分给你一点~",
          "link": "//game.gtimg.cn/images/yxzj/zlkdatasys/audios/audio/20230614/16867334546796.mp3"
        }
      ],
      "name": "电玩·兔顽号"
    },
    {
      "voice": [
        {
          "text": "未来的销冠大明星、实习店员蔡文姬，向你问好！",
          "link": "//game.gtimg.cn/images/yxzj/zlkdatasys/audios/audio/20240705/17201672845928.mp3"
        },
        {
          "text": "24小时便利店，为每一位顾客带来希望与温暖~",
          "link": "//game.gtimg.cn/images/yxzj/zlkdatasys/audios/audio/20240705/17201673171285.mp3"
        },
        {
          "text": "我会随时出现在你身边~",
          "link": "//game.gtimg.cn/images/yxzj/zlkdatasys/audios/audio/20240705/17201673336113.mp3"
        },
        {
          "text": "早餐小推车来咯——是谁的肚子在叫？",
          "link": "//game.gtimg.cn/images/yxzj/zlkdatasys/audios/audio/20240705/17201617183659.mp3"
        },
        {
          "text": "让一让让一让，冰淇淋要化了！",
          "link": "//game.gtimg.cn/images/yxzj/zlkdatasys/audios/audio/20240705/17201617365864.mp3"
        },
        {
          "text": "在店长走神的时间里，我已经贴完了所有上新标签。",
          "link": "//game.gtimg.cn/images/yxzj/zlkdatasys/audios/audio/20240705/17201617541218.mp3"
        },
        {
          "text": "大杯可乐加冰四份，马上为您送到——",
          "link": "//game.gtimg.cn/images/yxzj/zlkdatasys/audios/audio/20240705/17201617726357.mp3"
        },
        {
          "text": "好忙好忙，小票机都要过热了，呼——",
          "link": "//game.gtimg.cn/images/yxzj/zlkdatasys/audios/audio/20240705/17201617906157.mp3"
        },
        {
          "text": "让我瞧一瞧，谁是获得今日折扣的幸运顾客……",
          "link": "//game.gtimg.cn/images/yxzj/zlkdatasys/audios/audio/20240705/17201618108027.mp3"
        },
        {
          "text": "终于可以……打烊了。",
          "link": "//game.gtimg.cn/images/yxzj/zlkdatasys/audios/audio/20240705/17201618329239.mp3"
        },
        {
          "text": "谢谢惠顾，欢迎下次光临——",
          "link": "//game.gtimg.cn/images/yxzj/zlkdatasys/audios/audio/20240705/17201618506500.mp3"
        },
        {
          "text": "只有一家店可以成为今年的销冠，猜猜它是谁？",
          "link": "//game.gtimg.cn/images/yxzj/zlkdatasys/audios/audio/20240705/17201618664895.mp3"
        },
        {
          "text": "来一杯冰美式泡枸杞提提神吧！",
          "link": "//game.gtimg.cn/images/yxzj/zlkdatasys/audios/audio/20240705/17201618874076.mp3"
        },
        {
          "text": "工作再忙，也不要忘记吃早餐喔~",
          "link": "//game.gtimg.cn/images/yxzj/zlkdatasys/audios/audio/20240705/17201619061866.mp3"
        },
        {
          "text": "请不要挡住蛋糕促销招牌哦~",
          "link": "//game.gtimg.cn/images/yxzj/zlkdatasys/audios/audio/20240705/17201619228611.mp3"
        },
        {
          "text": "刚出锅的咖喱鱼丸，QQ弹弹~",
          "link": "//game.gtimg.cn/images/yxzj/zlkdatasys/audios/audio/20240705/17201619433396.mp3"
        },
        {
          "text": "喏，喝了这瓶鲜奶，马上长高高~",
          "link": "//game.gtimg.cn/images/yxzj/zlkdatasys/audios/audio/20240705/17201619602748.mp3"
        },
        {
          "text": "蛋黄酱饭团优惠，吃饱饱才有力气战斗~",
          "link": "//game.gtimg.cn/images/yxzj/zlkdatasys/audios/audio/20240705/17201619777316.mp3"
        },
        {
          "text": "我对便利店的热爱发自真心！",
          "link": "//game.gtimg.cn/images/yxzj/zlkdatasys/audios/audio/20240705/17201673819652.mp3"
        },
        {
          "text": "一起喝杯果汁放松吧！",
          "link": "//game.gtimg.cn/images/yxzj/zlkdatasys/audios/audio/20240705/17201620193363.mp3"
        },
        {
          "text": "啊! 明天要上架的薯片还在仓库里——",
          "link": "//game.gtimg.cn/images/yxzj/zlkdatasys/audios/audio/20240705/17201620382434.mp3"
        }
      ],
      "name": "夏日便利店"
    }
  ]
}
