{
  "data": [
    {
      "voice": [
        {
          "text": "与狼共舞！",
          "link": "//game.gtimg.cn/images/yxzj/zlkdatasys/audios/audio/20220407/16493273698149.wav"
        },
        {
          "text": "驰骋草原，碎裂星辰",
          "link": "//game.gtimg.cn/images/yxzj/zlkdatasys/audios/audio/20220407/16493274337634.wav"
        },
        {
          "text": "没什么是一发利箭不能解决的。如果有，那就两发。",
          "link": "//game.gtimg.cn/images/yxzj/zlkdatasys/audios/audio/20220407/16493274894533.wav"
        },
        {
          "text": "当你凝视深渊的时候 深渊也在凝视你",
          "link": "//game.gtimg.cn/images/yxzj/zlkdatasys/audios/audio/20220407/16493275097915.wav"
        },
        {
          "text": "强者，或者自以为强者！",
          "link": "//game.gtimg.cn/images/yxzj/zlkdatasys/audios/audio/20220407/16493275352650.wav"
        },
        {
          "text": "雄鹰不为暴风折翼，狼群不因长夜畏惧",
          "link": "//game.gtimg.cn/images/yxzj/zlkdatasys/audios/audio/20220407/16493276135421.wav"
        },
        {
          "text": "选择堕落为野兽吗？",
          "link": "//game.gtimg.cn/images/yxzj/zlkdatasys/audios/audio/20220407/16493276297422.wav"
        },
        {
          "text": "狼血始终传承",
          "link": "//game.gtimg.cn/images/yxzj/zlkdatasys/audios/audio/20220407/16493276619106.wav"
        },
        {
          "text": "去吧，揪出草丛里的懦夫！",
          "link": "//game.gtimg.cn/images/yxzj/zlkdatasys/audios/audio/20220407/16493276939145.wav"
        },
        {
          "text": "一览无余！",
          "link": "//game.gtimg.cn/images/yxzj/zlkdatasys/audios/audio/20220407/16493277245754.wav"
        },
        {
          "text": "全是套路！",
          "link": "//game.gtimg.cn/images/yxzj/zlkdatasys/audios/audio/20220407/16493277564276.wav"
        },
        {
          "text": "下一个踩雷的就是你！",
          "link": "//game.gtimg.cn/images/yxzj/zlkdatasys/audios/audio/20220407/16493278757501.wav"
        },
        {
          "text": "穿透你的信念",
          "link": "//game.gtimg.cn/images/yxzj/zlkdatasys/audios/audio/20220407/16493279083646.wav"
        },
        {
          "text": "凡人皆有一死",
          "link": "//game.gtimg.cn/images/yxzj/zlkdatasys/audios/audio/20220407/16493279522714.wav"
        },
        {
          "text": "苍狼后裔推测，你们的祖先恐怕不是斑鸠就是野兔。",
          "link": "//game.gtimg.cn/images/yxzj/zlkdatasys/audios/audio/20220407/16493279805476.wav"
        }
      ],
      "name": "原皮"
    }
  ]
}