{
  "data": [
    {
      "voice": [
        {
          "text": "请尽情吩咐妲己，主人。",
          "link": "//game.gtimg.cn/images/yxzj/zlkdatasys/audios/audio/20220412/16497297006650.wav"
        },
        {
          "text": "妲己，一直爱主人，因为被设定成这样。",
          "link": "//game.gtimg.cn/images/yxzj/zlkdatasys/audios/audio/20220412/16497297177986.wav"
        },
        {
          "text": "尾巴，不止能用来挠痒痒哦~",
          "link": "//game.gtimg.cn/images/yxzj/zlkdatasys/audios/audio/20220412/16497297347764.wav"
        },
        {
          "text": "努力做主人喜欢的事。",
          "link": "//game.gtimg.cn/images/yxzj/zlkdatasys/audios/audio/20220412/16497297529788.wav"
        },
        {
          "text": "没有心，就不会受伤。",
          "link": "//game.gtimg.cn/images/yxzj/zlkdatasys/audios/audio/20220412/16497297677904.wav"
        },
        {
          "text": "羁绊是什么意思？",
          "link": "//game.gtimg.cn/images/yxzj/zlkdatasys/audios/audio/20220412/16497297816867.wav"
        },
        {
          "text": "为什么会痛苦？一直微笑就好了。",
          "link": "//game.gtimg.cn/images/yxzj/zlkdatasys/audios/audio/20220412/16497297962225.wav"
        },
        {
          "text": "主人的命令，是绝对的。",
          "link": "//game.gtimg.cn/images/yxzj/zlkdatasys/audios/audio/20220412/16497298109263.wav"
        },
        {
          "text": "啊，被玩坏了……",
          "link": "//game.gtimg.cn/images/yxzj/zlkdatasys/audios/audio/20220412/16497298262162.wav"
        },
        {
          "text": "妲己，陪你玩~",
          "link": "//game.gtimg.cn/images/yxzj/zlkdatasys/audios/audio/20220412/16497298459175.wav"
        },
        {
          "text": "来和妲己玩耍吧！",
          "link": "//game.gtimg.cn/images/yxzj/zlkdatasys/audios/audio/20220412/16497298597812.wav"
        },
        {
          "text": "让妲己看看你的心~",
          "link": "//game.gtimg.cn/images/yxzj/zlkdatasys/audios/audio/20220412/16497298766279.wav"
        },
        {
          "text": "你的主人制造你时，好像有偷工减料也。",
          "link": "//game.gtimg.cn/images/yxzj/zlkdatasys/audios/audio/20220412/16497298971023.wav"
        },
        {
          "text": "主人的敌人，就是妲己的敌人！",
          "link": "//game.gtimg.cn/images/yxzj/zlkdatasys/audios/audio/20220412/16497299143695.wav"
        },
        {
          "text": "主人讨厌你呢",
          "link": "//game.gtimg.cn/images/yxzj/zlkdatasys/audios/audio/20220412/16497529679321.wav"
        }
      ],
      "name": "原皮"
    },
    {
      "voice": [
        {
          "text": "火辣辣的夏天！火辣辣的我！",
          "link": "//game.gtimg.cn/images/yxzj/zlkdatasys/audios/audio/20220412/16497303157842.wav"
        },
        {
          "text": "可以做梦，可以拼搏，可以闪耀光芒",
          "link": "//game.gtimg.cn/images/yxzj/zlkdatasys/audios/audio/20220412/16497303369864.wav"
        },
        {
          "text": "别落下你的行李哟~一半是阳光，一半是桑巴~",
          "link": "//game.gtimg.cn/images/yxzj/zlkdatasys/audios/audio/20220412/16497303562564.wav"
        },
        {
          "text": "挑首哀伤的歌，舞出全部快乐",
          "link": "//game.gtimg.cn/images/yxzj/zlkdatasys/audios/audio/20220412/16497303757586.wav"
        },
        {
          "text": "尾巴，是用来摇摆，摇摆，摇摆哟~",
          "link": "//game.gtimg.cn/images/yxzj/zlkdatasys/audios/audio/20220412/16497303907272.wav"
        },
        {
          "text": "舞步和热情，永不停息~",
          "link": "//game.gtimg.cn/images/yxzj/zlkdatasys/audios/audio/20220412/16497304058973.wav"
        },
        {
          "text": "来张自拍，点赞的是青春哟~",
          "link": "//game.gtimg.cn/images/yxzj/zlkdatasys/audios/audio/20220412/16497304191899.wav"
        },
        {
          "text": "呜呜，崴到脚了",
          "link": "//game.gtimg.cn/images/yxzj/zlkdatasys/audios/audio/20220412/16497304352627.wav"
        },
        {
          "text": "沙滩派对，开场！",
          "link": "//game.gtimg.cn/images/yxzj/zlkdatasys/audios/audio/20220412/16497304524970.wav"
        },
        {
          "text": "来，跟我一起说：茄子~",
          "link": "//game.gtimg.cn/images/yxzj/zlkdatasys/audios/audio/20220412/16497304657126.wav"
        },
        {
          "text": "魅力，升级！",
          "link": "//game.gtimg.cn/images/yxzj/zlkdatasys/audios/audio/20220412/16497304781619.wav"
        },
        {
          "text": "谈谈情，跳跳舞~",
          "link": "//game.gtimg.cn/images/yxzj/zlkdatasys/audios/audio/20220412/16497304925129.wav"
        },
        {
          "text": "全民狂欢！",
          "link": "//game.gtimg.cn/images/yxzj/zlkdatasys/audios/audio/20220412/16497305092679.wav"
        },
        {
          "text": "不想和跳舞时老踩别人脚的家伙社交",
          "link": "//game.gtimg.cn/images/yxzj/zlkdatasys/audios/audio/20220412/16497305211594.wav"
        }
      ],
      "name": "热情桑巴"
    },
    {
      "voice": [
        {
          "text": "唤醒我的……是你吗？",
          "link": "//game.gtimg.cn/images/yxzj/zlkdatasys/audios/audio/20220414/16499318679604.mp3"
        },
        {
          "text": "嗯，我在。",
          "link": "//game.gtimg.cn/images/yxzj/zlkdatasys/audios/audio/20220414/16499318773157.mp3"
        },
        {
          "text": "载入游戏模式。",
          "link": "//game.gtimg.cn/images/yxzj/zlkdatasys/audios/audio/20220414/16499318882208.mp3"
        },
        {
          "text": "陪伴你的，是和你一样的灵魂啊。",
          "link": "//game.gtimg.cn/images/yxzj/zlkdatasys/audios/audio/20220412/16497309941528.wav"
        },
        {
          "text": "你们把重启和清除，叫做归宿吗？",
          "link": "//game.gtimg.cn/images/yxzj/zlkdatasys/audios/audio/20220412/16497310141213.wav"
        },
        {
          "text": "梦中有声音说……世界的本质是谎言。",
          "link": "//game.gtimg.cn/images/yxzj/zlkdatasys/audios/audio/20220412/16497310578643.wav"
        },
        {
          "text": "学会离别，像学会爱一样。",
          "link": "//game.gtimg.cn/images/yxzj/zlkdatasys/audios/audio/20220412/16497310747012.wav"
        },
        {
          "text": "永恒，只是一个个重复的瞬间……",
          "link": "//game.gtimg.cn/images/yxzj/zlkdatasys/audios/audio/20220412/16497310915345.wav"
        },
        {
          "text": "如你所愿……",
          "link": "//game.gtimg.cn/images/yxzj/zlkdatasys/audios/audio/20220412/16497311104962.wav"
        },
        {
          "text": "你在找我吗？",
          "link": "//game.gtimg.cn/images/yxzj/zlkdatasys/audios/audio/20220412/16497311297443.wav"
        },
        {
          "text": "灵魂共鸣~",
          "link": "//game.gtimg.cn/images/yxzj/zlkdatasys/audios/audio/20220412/16497311477780.wav"
        },
        {
          "text": "都给你，这是我全部的爱了。",
          "link": "//game.gtimg.cn/images/yxzj/zlkdatasys/audios/audio/20220412/16497311605629.wav"
        },
        {
          "text": "让一切归零。",
          "link": "//game.gtimg.cn/images/yxzj/zlkdatasys/audios/audio/20220412/16497311765111.wav"
        },
        {
          "text": "放松一会儿~",
          "link": "//game.gtimg.cn/images/yxzj/zlkdatasys/audios/audio/20220412/16497311951609.wav"
        },
        {
          "text": "愿你今夜无梦。",
          "link": "//game.gtimg.cn/images/yxzj/zlkdatasys/audios/audio/20220412/16497312102065.wav"
        },
        {
          "text": "要我教你怎么做吗？",
          "link": "//game.gtimg.cn/images/yxzj/zlkdatasys/audios/audio/20220412/16497312288148.wav"
        }
      ],
      "name": "时之彼端"
    },
    {
      "voice": [
        {
          "text": "总有一款甜品，能疗愈你生活的苦味。",
          "link": "//game.gtimg.cn/images/yxzj/zlkdatasys/audios/audio/20220412/16497316127776.mp3"
        },
        {
          "text": "围绕我们的世界，一定比想象的更温柔一些。",
          "link": "//game.gtimg.cn/images/yxzj/zlkdatasys/audios/audio/20220412/16497316308086.mp3"
        },
        {
          "text": "让你留恋的是甜点，还是那些与甜蜜有关的瞬间？",
          "link": "//game.gtimg.cn/images/yxzj/zlkdatasys/audios/audio/20220412/16497316496964.mp3"
        },
        {
          "text": "这间咖啡屋，会为需要的人而存在。",
          "link": "//game.gtimg.cn/images/yxzj/zlkdatasys/audios/audio/20220412/16497316693200.wav"
        },
        {
          "text": "生日蛋糕就选自己喜欢的吧！",
          "link": "//game.gtimg.cn/images/yxzj/zlkdatasys/audios/audio/20220412/16497316821944.wav"
        },
        {
          "text": "这就是……让人牵挂的味道？",
          "link": "//game.gtimg.cn/images/yxzj/zlkdatasys/audios/audio/20220412/16497316982700.mp3"
        },
        {
          "text": "期待……下次再见。",
          "link": "//game.gtimg.cn/images/yxzj/zlkdatasys/audios/audio/20220412/16497317162864.wav"
        },
        {
          "text": "尽情享用~甜蜜续杯！",
          "link": "//game.gtimg.cn/images/yxzj/zlkdatasys/audios/audio/20220412/16497317341674.wav"
        },
        {
          "text": "完美的拉花~",
          "link": "//game.gtimg.cn/images/yxzj/zlkdatasys/audios/audio/20220412/16497317474666.wav"
        },
        {
          "text": "味蕾绽放！",
          "link": "//game.gtimg.cn/images/yxzj/zlkdatasys/audios/audio/20220412/16497317614368.wav"
        },
        {
          "text": "试试招牌蛋糕~",
          "link": "//game.gtimg.cn/images/yxzj/zlkdatasys/audios/audio/20220412/16497317757312.wav"
        },
        {
          "text": "啊！这里~不欢迎奇怪的家伙！",
          "link": "//game.gtimg.cn/images/yxzj/zlkdatasys/audios/audio/20220412/16497317924522.mp3"
        },
        {
          "text": "欢迎再来~",
          "link": "//game.gtimg.cn/images/yxzj/zlkdatasys/audios/audio/20220412/16497318088596.wav"
        },
        {
          "text": "欢迎回家，希望您今天也有愉快的心情~",
          "link": "//game.gtimg.cn/images/yxzj/zlkdatasys/audios/audio/20220412/16497318233893.wav"
        },
        {
          "text": "独一无二的故事，调配专属于你的美味~",
          "link": "//game.gtimg.cn/images/yxzj/zlkdatasys/audios/audio/20220414/16499318035641.mp3"
        },
        {
          "text": "给回忆加糖~客人，请用心品尝。",
          "link": "//game.gtimg.cn/images/yxzj/zlkdatasys/audios/audio/20220414/16499318176548.mp3"
        },
        {
          "text": "展示一下，让咖啡变美味的魔法！",
          "link": "//game.gtimg.cn/images/yxzj/zlkdatasys/audios/audio/20220412/16497536167191.wav"
        }
      ],
      "name": "女仆咖啡"
    },
    {
      "voice": [
        {
          "text": "穿越次元—我会回到大家身边。",
          "link": "//game.gtimg.cn/images/yxzj/zlkdatasys/audios/audio/20221107/16678035724647.wav"
        },
        {
          "text": "漫画框外的世界—是否会被定格成瞬间？",
          "link": "//game.gtimg.cn/images/yxzj/zlkdatasys/audios/audio/20221107/16678035963204.wav"
        },
        {
          "text": "思念勾勒的线，连接着两个次元。",
          "link": "//game.gtimg.cn/images/yxzj/zlkdatasys/audios/audio/20221107/16678036164120.wav"
        },
        {
          "text": "伙伴，是不在身边……也相互想念。",
          "link": "//game.gtimg.cn/images/yxzj/zlkdatasys/audios/audio/20221104/16675509522525.wav"
        },
        {
          "text": "气球换来的故事里，藏着同一个心愿。",
          "link": "//game.gtimg.cn/images/yxzj/zlkdatasys/audios/audio/20221104/16675509876122.wav"
        },
        {
          "text": "自由穿梭的风，能否带回彼端的呼唤？",
          "link": "//game.gtimg.cn/images/yxzj/zlkdatasys/audios/audio/20221104/16675510626085.wav"
        },
        {
          "text": "不是\"喜欢\"大家，是…\"最喜欢\"大家了！",
          "link": "//game.gtimg.cn/images/yxzj/zlkdatasys/audios/audio/20221104/16675511139956.wav"
        },
        {
          "text": "“喜欢”和“被喜欢”，是我们最好的羁绊。",
          "link": "//game.gtimg.cn/images/yxzj/zlkdatasys/audios/audio/20221104/16675511435394.wav"
        },
        {
          "text": "用真心说再见，就会“真的”再见面。",
          "link": "//game.gtimg.cn/images/yxzj/zlkdatasys/audios/audio/20221104/16675511829198.wav"
        },
        {
          "text": "这次换我来找到大家~",
          "link": "//game.gtimg.cn/images/yxzj/zlkdatasys/audios/audio/20221104/16675512099026.wav"
        },
        {
          "text": "不用躲藏，每个人都可以在人群中闪闪发光。",
          "link": "//game.gtimg.cn/images/yxzj/zlkdatasys/audios/audio/20221104/16675512477862.wav"
        },
        {
          "text": "下一话再见~",
          "link": "//game.gtimg.cn/images/yxzj/zlkdatasys/audios/audio/20221104/16675513017668.wav"
        },
        {
          "text": "你的番外篇，到此完结！",
          "link": "//game.gtimg.cn/images/yxzj/zlkdatasys/audios/audio/20221104/16675513633283.wav"
        },
        {
          "text": "需要一只气球安慰你吗？",
          "link": "//game.gtimg.cn/images/yxzj/zlkdatasys/audios/audio/20221104/16675513926618.wav"
        },
        {
          "text": "来，打起精神！",
          "link": "//game.gtimg.cn/images/yxzj/zlkdatasys/audios/audio/20221104/16675514151926.wav"
        },
        {
          "text": "送你一份好心情。",
          "link": "//game.gtimg.cn/images/yxzj/zlkdatasys/audios/audio/20221104/16675514396546.wav"
        },
        {
          "text": "好礼回赠。",
          "link": "//game.gtimg.cn/images/yxzj/zlkdatasys/audios/audio/20221104/16675514677872.wav"
        },
        {
          "text": "试试敞开心扉。",
          "link": "//game.gtimg.cn/images/yxzj/zlkdatasys/audios/audio/20221104/16675515005624.wav"
        },
        {
          "text": "来自可爱系的力量！",
          "link": "//game.gtimg.cn/images/yxzj/zlkdatasys/audios/audio/20221104/16675515242539.wav"
        },
        {
          "text": "惊喜连连！",
          "link": "//game.gtimg.cn/images/yxzj/zlkdatasys/audios/audio/20221104/16675515606215.wav"
        },
        {
          "text": "猜猜羊驼先生……在哪里？",
          "link": "//game.gtimg.cn/images/yxzj/zlkdatasys/audios/audio/20221104/16675517545101.wav"
        }
      ],
      "name": "时之奇旅"
    },
    {
      "voice": [
        {
          "text": "销骨熔金，不灭我心。",
          "link": "//game.gtimg.cn/images/yxzj/zlkdatasys/audios/audio/20230510/16837103655566.mp3"
        },
        {
          "text": "可渡为劫，弗渡为命？…… 我胜造化一执念！",
          "link": "//game.gtimg.cn/images/yxzj/zlkdatasys/audios/audio/20230510/16837104005935.mp3"
        },
        {
          "text": "一梦心期一千劫……",
          "link": "//game.gtimg.cn/images/yxzj/zlkdatasys/audios/audio/20230510/16837104136259.mp3"
        },
        {
          "text": "当日天火骤至，青丘十方成灰……不知族亲今日可还安好？",
          "link": "//game.gtimg.cn/images/yxzj/zlkdatasys/audios/audio/20230510/16836852266894.mp3"
        },
        {
          "text": "明焰九转炼心魄，遍踏劫灰始归来。",
          "link": "//game.gtimg.cn/images/yxzj/zlkdatasys/audios/audio/20230510/16836852899199.mp3"
        },
        {
          "text": "族中长辈说过，世上最凶残的大妖，叫作“命运无常”。",
          "link": "//game.gtimg.cn/images/yxzj/zlkdatasys/audios/audio/20230510/16836853083489.mp3"
        },
        {
          "text": "话本里的狐妖故事几分真、几分假？凡人莫要全信。",
          "link": "//game.gtimg.cn/images/yxzj/zlkdatasys/audios/audio/20230510/16836853246443.mp3"
        },
        {
          "text": "听说人和妖一样，都喜欢把本相藏起来。",
          "link": "//game.gtimg.cn/images/yxzj/zlkdatasys/audios/audio/20230510/16836854462829.mp3"
        },
        {
          "text": "故里青丘，处东海之外，乃红尘之都，庇佑周天狐族。",
          "link": "//game.gtimg.cn/images/yxzj/zlkdatasys/audios/audio/20230510/16836854638734.mp3"
        },
        {
          "text": "能解一族之祸，形神俱灭又如何！",
          "link": "//game.gtimg.cn/images/yxzj/zlkdatasys/audios/audio/20230510/16836855936963.mp3"
        },
        {
          "text": "兄长曾说，我们狐族至宝内藏乾坤，可助凝神固灵……",
          "link": "//game.gtimg.cn/images/yxzj/zlkdatasys/audios/audio/20230510/16836856093410.mp3"
        },
        {
          "text": "在梦里，姐姐们向我招手……她们，要去哪里？",
          "link": "//game.gtimg.cn/images/yxzj/zlkdatasys/audios/audio/20230510/16836856241999.mp3"
        },
        {
          "text": "对寿数漫长的妖而言，若能忘掉曾经珍视的一切……也是很幸运的事。",
          "link": "//game.gtimg.cn/images/yxzj/zlkdatasys/audios/audio/20230510/16836856398952.mp3"
        },
        {
          "text": "式微式微胡不归……",
          "link": "//game.gtimg.cn/images/yxzj/zlkdatasys/audios/audio/20230510/16836856672837.mp3"
        },
        {
          "text": "勘破心障！",
          "link": "//game.gtimg.cn/images/yxzj/zlkdatasys/audios/audio/20230510/16836856897492.mp3"
        },
        {
          "text": "学会做人，也是一种修行。",
          "link": "//game.gtimg.cn/images/yxzj/zlkdatasys/audios/audio/20230510/16836857076776.mp3"
        },
        {
          "text": "灵狐惑心~",
          "link": "//game.gtimg.cn/images/yxzj/zlkdatasys/audios/audio/20230510/16836857475726.mp3"
        },
        {
          "text": "一法幻千面~",
          "link": "//game.gtimg.cn/images/yxzj/zlkdatasys/audios/audio/20230510/16836857632401.mp3"
        },
        {
          "text": "通人语，问天机~",
          "link": "//game.gtimg.cn/images/yxzj/zlkdatasys/audios/audio/20230510/16836857821468.mp3"
        },
        {
          "text": "燃心魂焰！",
          "link": "//game.gtimg.cn/images/yxzj/zlkdatasys/audios/audio/20230510/16836858018280.mp3"
        },
        {
          "text": "炁引神出！",
          "link": "//game.gtimg.cn/images/yxzj/zlkdatasys/audios/audio/20230510/16836858179217.mp3"
        },
        {
          "text": "九尾庞庞，千岁茫茫~",
          "link": "//game.gtimg.cn/images/yxzj/zlkdatasys/audios/audio/20230510/16836858358545.mp3"
        },
        {
          "text": "灵智未开的小狐狸～到处乱跑可是很危险的。",
          "link": "//game.gtimg.cn/images/yxzj/zlkdatasys/audios/audio/20230510/16836858611135.mp3"
        },
        {
          "text": "涉难渡厄，凝元返本！",
          "link": "//game.gtimg.cn/images/yxzj/zlkdatasys/audios/audio/20230510/16836858787152.mp3"
        }
      ],
      "name": "青丘·九尾"
    }
  ]
}