{
  "data": [
    {
      "voice": [
        {
          "text": "司命者，当无情，有情即孽。",
          "link": "//game.gtimg.cn/images/yxzj/zlkdatasys/audios/audio/20240325/17113352223696.mp3"
        },
        {
          "text": "愿世间不再有无归之人。",
          "link": "//game.gtimg.cn/images/yxzj/zlkdatasys/audios/audio/20240325/17113352391872.mp3"
        },
        {
          "text": "吾乃神巫大司命。",
          "link": "//game.gtimg.cn/images/yxzj/zlkdatasys/audios/audio/20240325/17113352635212.mp3"
        },
        {
          "text": "固人命兮有当，孰离合兮可为。",
          "link": "//game.gtimg.cn/images/yxzj/zlkdatasys/audios/audio/20240322/17110772213234.mp3"
        },
        {
          "text": "【云梦语】固人命兮有当，孰离合兮可为。",
          "link": "//game.gtimg.cn/images/yxzj/zlkdatasys/audios/audio/20240322/17110800109932.mp3"
        },
        {
          "text": "人世百念，皆为过往。",
          "link": "//game.gtimg.cn/images/yxzj/zlkdatasys/audios/audio/20240322/17110773593988.mp3"
        },
        {
          "text": "跨过忘忧渡口，从此生死两隔。",
          "link": "//game.gtimg.cn/images/yxzj/zlkdatasys/audios/audio/20240322/17110774106173.mp3"
        },
        {
          "text": "忘忧沼泽，是所有生命的归处，既结束，亦开始。",
          "link": "//game.gtimg.cn/images/yxzj/zlkdatasys/audios/audio/20240322/17110774594387.mp3"
        },
        {
          "text": "烈阳灼身，寒风刺骨，皆是无归之痛。",
          "link": "//game.gtimg.cn/images/yxzj/zlkdatasys/audios/audio/20240322/17110775131626.mp3"
        },
        {
          "text": "生死面前，不论人情。",
          "link": "//game.gtimg.cn/images/yxzj/zlkdatasys/audios/audio/20240322/17110775476670.mp3"
        },
        {
          "text": "往事入梦，无有所益。",
          "link": "//game.gtimg.cn/images/yxzj/zlkdatasys/audios/audio/20240322/17110775769173.mp3"
        },
        {
          "text": "忘忧之水汤汤，生死离兮冥冥。",
          "link": "//game.gtimg.cn/images/yxzj/zlkdatasys/audios/audio/20240322/17110776129935.mp3"
        },
        {
          "text": "天地之间，无法消散的执念，便化作恶灵。",
          "link": "//game.gtimg.cn/images/yxzj/zlkdatasys/audios/audio/20240322/17110776644271.mp3"
        },
        {
          "text": "万象伶仃，飘无所据，此即枯灾之祸。",
          "link": "//game.gtimg.cn/images/yxzj/zlkdatasys/audios/audio/20240322/17110777294997.mp3"
        },
        {
          "text": "于荒林中独行夜路，就算心中忐忑，也不必回头。",
          "link": "//game.gtimg.cn/images/yxzj/zlkdatasys/audios/audio/20240322/17110777561578.mp3"
        },
        {
          "text": "生寄死归！",
          "link": "//game.gtimg.cn/images/yxzj/zlkdatasys/audios/audio/20240322/17110777817004.mp3"
        },
        {
          "text": "人生何促，忽如朝露……",
          "link": "//game.gtimg.cn/images/yxzj/zlkdatasys/audios/audio/20240322/17110778177445.mp3"
        },
        {
          "text": "你没有选择。",
          "link": "//game.gtimg.cn/images/yxzj/zlkdatasys/audios/audio/20240322/17110778706842.mp3"
        },
        {
          "text": "皋~",
          "link": "//game.gtimg.cn/images/yxzj/zlkdatasys/audios/audio/20240322/17110779054577.mp3"
        },
        {
          "text": "告尔魂兮~",
          "link": "//game.gtimg.cn/images/yxzj/zlkdatasys/audios/audio/20240322/17110779316296.mp3"
        },
        {
          "text": "归去~",
          "link": "//game.gtimg.cn/images/yxzj/zlkdatasys/audios/audio/20240322/17110779609967.mp3"
        },
        {
          "text": "一念，魑魅尽。",
          "link": "//game.gtimg.cn/images/yxzj/zlkdatasys/audios/audio/20240322/17110780065937.mp3"
        },
        {
          "text": "一斩，魍魉消。",
          "link": "//game.gtimg.cn/images/yxzj/zlkdatasys/audios/audio/20240322/17110780707504.mp3"
        },
        {
          "text": "一戈，离魂安。",
          "link": "//game.gtimg.cn/images/yxzj/zlkdatasys/audios/audio/20240322/17110781072388.mp3"
        },
        {
          "text": "当殛！",
          "link": "//game.gtimg.cn/images/yxzj/zlkdatasys/audios/audio/20240322/17110781438213.mp3"
        },
        {
          "text": "【云梦语】当殛！",
          "link": "//game.gtimg.cn/images/yxzj/zlkdatasys/audios/audio/20240325/17113313875972.mp3"
        },
        {
          "text": "魂归天处！",
          "link": "//game.gtimg.cn/images/yxzj/zlkdatasys/audios/audio/20240322/17110781698702.mp3"
        },
        {
          "text": "司命送归，生人勿近！",
          "link": "//game.gtimg.cn/images/yxzj/zlkdatasys/audios/audio/20240322/17110781955870.mp3"
        },
        {
          "text": "往生途，开！",
          "link": "//game.gtimg.cn/images/yxzj/zlkdatasys/audios/audio/20240322/17110782496951.mp3"
        },
        {
          "text": "穿行生死。",
          "link": "//game.gtimg.cn/images/yxzj/zlkdatasys/audios/audio/20240322/17110783118748.mp3"
        },
        {
          "text": "妄念皆消。",
          "link": "//game.gtimg.cn/images/yxzj/zlkdatasys/audios/audio/20240322/17110783553005.mp3"
        },
        {
          "text": "戈出兮必有方。",
          "link": "//game.gtimg.cn/images/yxzj/zlkdatasys/audios/audio/20240322/17110784209126.mp3"
        },
        {
          "text": "长路漫漫兮有归。",
          "link": "//game.gtimg.cn/images/yxzj/zlkdatasys/audios/audio/20240322/17110784691034.mp3"
        },
        {
          "text": "天涯无尽，魂照月明。",
          "link": "//game.gtimg.cn/images/yxzj/zlkdatasys/audios/audio/20240322/17110785128954.mp3"
        },
        {
          "text": "祈夜莫独行。",
          "link": "//game.gtimg.cn/images/yxzj/zlkdatasys/audios/audio/20240322/17110785679011.mp3"
        },
        {
          "text": "告尔生死有界。",
          "link": "//game.gtimg.cn/images/yxzj/zlkdatasys/audios/audio/20240322/17110786044670.mp3"
        },
        {
          "text": "执戈诛恶。",
          "link": "//game.gtimg.cn/images/yxzj/zlkdatasys/audios/audio/20240322/17110786436263.mp3"
        },
        {
          "text": "断离焰。",
          "link": "//game.gtimg.cn/images/yxzj/zlkdatasys/audios/audio/20240322/17110786763698.mp3"
        },
        {
          "text": "濯幽冥。",
          "link": "//game.gtimg.cn/images/yxzj/zlkdatasys/audios/audio/20240322/17110787145479.mp3"
        },
        {
          "text": "天行兮有常，生死兮无常。",
          "link": "//game.gtimg.cn/images/yxzj/zlkdatasys/audios/audio/20240322/17110787634323.mp3"
        },
        {
          "text": "【云梦语】天行兮有常，生死兮无常。",
          "link": "//game.gtimg.cn/images/yxzj/zlkdatasys/audios/audio/20240325/17113314439015.mp3"
        },
        {
          "text": "魂兮皆往！",
          "link": "//game.gtimg.cn/images/yxzj/zlkdatasys/audios/audio/20240322/17110788078177.mp3"
        },
        {
          "text": "【云梦语】魂兮皆往！",
          "link": "//game.gtimg.cn/images/yxzj/zlkdatasys/audios/audio/20240325/17113314961994.mp3"
        },
        {
          "text": "诸恶俱散！",
          "link": "//game.gtimg.cn/images/yxzj/zlkdatasys/audios/audio/20240322/17110788477587.mp3"
        },
        {
          "text": "百诡莫行！",
          "link": "//game.gtimg.cn/images/yxzj/zlkdatasys/audios/audio/20240322/17110788848609.mp3"
        },
        {
          "text": "司命不会给予世人额外的生命。",
          "link": "//game.gtimg.cn/images/yxzj/zlkdatasys/audios/audio/20240322/17110789599092.mp3"
        },
        {
          "text": "若要终结枯灾，唯有九神巫同补天穹。",
          "link": "//game.gtimg.cn/images/yxzj/zlkdatasys/audios/audio/20240322/17110789944533.mp3"
        },
        {
          "text": "剩下的神巫，究竟在何处？",
          "link": "//game.gtimg.cn/images/yxzj/zlkdatasys/audios/audio/20240322/17110790301009.mp3"
        },
        {
          "text": "我见的第一个恶灵，是我的奶奶，她只是逢人便说：“小祈，奶奶等你回家”。",
          "link": "//game.gtimg.cn/images/yxzj/zlkdatasys/audios/audio/20240322/17110790616686.mp3"
        },
        {
          "text": "我就是那个手刃恩师的人。",
          "link": "//game.gtimg.cn/images/yxzj/zlkdatasys/audios/audio/20240322/17110790977755.mp3"
        },
        {
          "text": "直到许多年后，我才知道师父化作恶灵的原因。",
          "link": "//game.gtimg.cn/images/yxzj/zlkdatasys/audios/audio/20240322/17110791471028.mp3"
        },
        {
          "text": "过去的祈，早已不在，这里只有神巫大司命。",
          "link": "//game.gtimg.cn/images/yxzj/zlkdatasys/audios/audio/20240322/17110791794701.mp3"
        },
        {
          "text": "故人兮相逢，相见兮陌路。",
          "link": "//game.gtimg.cn/images/yxzj/zlkdatasys/audios/audio/20240322/17110792118207.mp3"
        },
        {
          "text": "愿常世兮无忧。",
          "link": "//game.gtimg.cn/images/yxzj/zlkdatasys/audios/audio/20240322/17110792515182.mp3"
        },
        {
          "text": "【云梦语】愿常世兮无忧。",
          "link": "//game.gtimg.cn/images/yxzj/zlkdatasys/audios/audio/20240325/17113315496763.mp3"
        },
        {
          "text": "逝者如斯，飘忽不待。",
          "link": "//game.gtimg.cn/images/yxzj/zlkdatasys/audios/audio/20240322/17110792913551.mp3"
        },
        {
          "text": "身形已死，何必执执。",
          "link": "//game.gtimg.cn/images/yxzj/zlkdatasys/audios/audio/20240322/17110793312026.mp3"
        },
        {
          "text": "生死面前，龙或蜉蝣，一般无二。",
          "link": "//game.gtimg.cn/images/yxzj/zlkdatasys/audios/audio/20240322/17110793723164.mp3"
        },
        {
          "text": "风消草寂，亡形灭身。",
          "link": "//game.gtimg.cn/images/yxzj/zlkdatasys/audios/audio/20240322/17110794124617.mp3"
        },
        {
          "text": "恶灵当斩，仅此而已。",
          "link": "//game.gtimg.cn/images/yxzj/zlkdatasys/audios/audio/20240322/17110794458811.mp3"
        },
        {
          "text": "生死有序，无人可逆。",
          "link": "//game.gtimg.cn/images/yxzj/zlkdatasys/audios/audio/20240322/17110794711426.mp3"
        },
        {
          "text": "纷总总兮九州，何寿夭兮在予。",
          "link": "//game.gtimg.cn/images/yxzj/zlkdatasys/audios/audio/20240322/17110795131512.mp3"
        },
        {
          "text": "【云梦语】纷总总兮九州，何寿夭兮在予。",
          "link": "//game.gtimg.cn/images/yxzj/zlkdatasys/audios/audio/20240325/17113316024535.mp3"
        },
        {
          "text": "回首万里，故人长绝。",
          "link": "//game.gtimg.cn/images/yxzj/zlkdatasys/audios/audio/20240322/17110795673252.mp3"
        },
        {
          "text": "云梦之人相信，人死之后，会魂归天生木，再次归家。",
          "link": "//game.gtimg.cn/images/yxzj/zlkdatasys/audios/audio/20240322/17110796117013.mp3"
        },
        {
          "text": "可无法归去之人，将再无重逢之机。",
          "link": "//game.gtimg.cn/images/yxzj/zlkdatasys/audios/audio/20240322/17110796441561.mp3"
        },
        {
          "text": "职责而已。",
          "link": "//game.gtimg.cn/images/yxzj/zlkdatasys/audios/audio/20240322/17110796761236.mp3"
        },
        {
          "text": "还需努力。",
          "link": "//game.gtimg.cn/images/yxzj/zlkdatasys/audios/audio/20240322/17110797188633.mp3"
        },
        {
          "text": "你早该行使你的责任。",
          "link": "//game.gtimg.cn/images/yxzj/zlkdatasys/audios/audio/20240322/17110797524236.mp3"
        },
        {
          "text": "让云中君的力量重新回归吧。",
          "link": "//game.gtimg.cn/images/yxzj/zlkdatasys/audios/audio/20240322/17110797807397.mp3"
        },
        {
          "text": "愿你已过好你新的一生。",
          "link": "//game.gtimg.cn/images/yxzj/zlkdatasys/audios/audio/20240322/17110798111394.mp3"
        },
        {
          "text": "你打碎了那里的窗户，他们就只对你说了这个？",
          "link": "//game.gtimg.cn/images/yxzj/zlkdatasys/audios/audio/20240322/17110801622524.mp3"
        },
        {
          "text": "师父说，他的老师离开，是为了寻找新的答案。",
          "link": "//game.gtimg.cn/images/yxzj/zlkdatasys/audios/audio/20240322/17110802102840.mp3"
        },
        {
          "text": "洗鳞、潜泳、找东西……不管什么，全都不可以。",
          "link": "//game.gtimg.cn/images/yxzj/zlkdatasys/audios/audio/20240322/17110803997712.mp3"
        },
        {
          "text": "如果你说的是龙，那我只见过你一个。",
          "link": "//game.gtimg.cn/images/yxzj/zlkdatasys/audios/audio/20240322/17110804499240.mp3"
        },
        {
          "text": "你背弃了你的名字，东皇太一。",
          "link": "//game.gtimg.cn/images/yxzj/zlkdatasys/audios/audio/20240322/17110804948130.mp3"
        },
        {
          "text": "这就是你引诱那条龙，擅闯忘忧沼泽的说辞？",
          "link": "//game.gtimg.cn/images/yxzj/zlkdatasys/audios/audio/20240322/17110805423936.mp3"
        },
        {
          "text": "真相如何你比我更清楚，师父一生都在为那“一念之仁”自责。",
          "link": "//game.gtimg.cn/images/yxzj/zlkdatasys/audios/audio/20240322/17110806083325.mp3"
        },
        {
          "text": "既已身为神巫，便不该助东皇为虐，执迷不悔。",
          "link": "//game.gtimg.cn/images/yxzj/zlkdatasys/audios/audio/20240322/17110806782137.mp3"
        },
        {
          "text": "许多年前，有人闯入云梦，撕开了一个天缺，那是所有悲剧的开端。",
          "link": "//game.gtimg.cn/images/yxzj/zlkdatasys/audios/audio/20240322/17110807208181.mp3"
        }
      ],
      "name": "原皮"
    }
  ]
}
