{
  "data": [
    {
      "voice": [
        {
          "text": "不要爱上妾身哟！",
          "link": "//game.gtimg.cn/images/yxzj/zlkdatasys/audios/audio/20220412/16497489173283.wav"
        },
        {
          "text": "想欣赏妾身的舞姿吗？",
          "link": "//game.gtimg.cn/images/yxzj/zlkdatasys/audios/audio/20220412/16497489343971.wav"
        },
        {
          "text": "花有再开的那天，人有重逢的时候吗？",
          "link": "//game.gtimg.cn/images/yxzj/zlkdatasys/audios/audio/20220412/16497489502579.wav"
        },
        {
          "text": "华丽又漂亮的生存到最后！",
          "link": "//game.gtimg.cn/images/yxzj/zlkdatasys/audios/audio/20220412/16497489651067.wav"
        },
        {
          "text": "无尽的舞蹈，何日方休？",
          "link": "//game.gtimg.cn/images/yxzj/zlkdatasys/audios/audio/20220412/16497489792310.wav"
        },
        {
          "text": "一生待一人",
          "link": "//game.gtimg.cn/images/yxzj/zlkdatasys/audios/audio/20220412/16497490249993.wav"
        },
        {
          "text": "收到的情书太多，也是一种烦恼呢",
          "link": "//game.gtimg.cn/images/yxzj/zlkdatasys/audios/audio/20220412/16497490137438.wav"
        },
        {
          "text": "非……非礼呀！",
          "link": "//game.gtimg.cn/images/yxzj/zlkdatasys/audios/audio/20220412/16497490543969.wav"
        },
        {
          "text": "美貌也是武器",
          "link": "//game.gtimg.cn/images/yxzj/zlkdatasys/audios/audio/20220412/16497490822345.wav"
        },
        {
          "text": "不必奢望",
          "link": "//game.gtimg.cn/images/yxzj/zlkdatasys/audios/audio/20220412/16497490953654.wav"
        },
        {
          "text": "幸福不属于妾身",
          "link": "//game.gtimg.cn/images/yxzj/zlkdatasys/audios/audio/20220412/16497491081373.wav"
        },
        {
          "text": "爱情不是想要就能有",
          "link": "//game.gtimg.cn/images/yxzj/zlkdatasys/audios/audio/20220412/16497491238488.wav"
        },
        {
          "text": "人家不擅长战斗呢",
          "link": "//game.gtimg.cn/images/yxzj/zlkdatasys/audios/audio/20220412/16497491432804.wav"
        },
        {
          "text": "品味和智商令人同情的你们注定孤独一生",
          "link": "//game.gtimg.cn/images/yxzj/zlkdatasys/audios/audio/20220412/16497491594890.wav"
        },
        {
          "text": "去吧",
          "link": "//game.gtimg.cn/images/yxzj/zlkdatasys/audios/audio/20220412/16497491775554.wav"
        },
        {
          "text": "花开咯",
          "link": "//game.gtimg.cn/images/yxzj/zlkdatasys/audios/audio/20220412/16497491891450.wav"
        },
        {
          "text": "飘啊飘",
          "link": "//game.gtimg.cn/images/yxzj/zlkdatasys/audios/audio/20220412/16497492019371.wav"
        },
        {
          "text": "怒放吧~",
          "link": "//game.gtimg.cn/images/yxzj/zlkdatasys/audios/audio/20220412/16497492142106.wav"
        }
      ],
      "name": "原皮"
    },
    {
      "voice": [
        {
          "text": "今夜，我就是你的圣诞礼物，喜欢吗？",
          "link": "//game.gtimg.cn/images/yxzj/zlkdatasys/audios/audio/20220412/16497495476316.wav"
        },
        {
          "text": "平安夜，想要和你一起度过~",
          "link": "//game.gtimg.cn/images/yxzj/zlkdatasys/audios/audio/20220412/16497495618002.wav"
        },
        {
          "text": "圣诞快乐！",
          "link": "//game.gtimg.cn/images/yxzj/zlkdatasys/audios/audio/20220412/16497495747102.wav"
        },
        {
          "text": "糖果和我，谁更甜蜜~",
          "link": "//game.gtimg.cn/images/yxzj/zlkdatasys/audios/audio/20220412/16497495982548.wav"
        },
        {
          "text": "叮叮当叮叮当 铃儿响叮当",
          "link": "//game.gtimg.cn/images/yxzj/zlkdatasys/audios/audio/20220412/16497496152457.wav"
        },
        {
          "text": "来打雪仗吧！",
          "link": "//game.gtimg.cn/images/yxzj/zlkdatasys/audios/audio/20220412/16497496283260.wav"
        },
        {
          "text": "有你的陪伴，一点都不冷哟",
          "link": "//game.gtimg.cn/images/yxzj/zlkdatasys/audios/audio/20220412/16497496403520.wav"
        },
        {
          "text": "啊，又欺负人家",
          "link": "//game.gtimg.cn/images/yxzj/zlkdatasys/audios/audio/20220412/16497496778408.wav"
        },
        {
          "text": "呵呵，呵呵呵，啊，下雪了。",
          "link": "//game.gtimg.cn/images/yxzj/zlkdatasys/audios/audio/20220412/16497496958761.wav"
        },
        {
          "text": "圣诞夜..不要留我一个人。",
          "link": "//game.gtimg.cn/images/yxzj/zlkdatasys/audios/audio/20220412/16497497108901.wav"
        },
        {
          "text": "大雪，掩埋了过去的痕迹。",
          "link": "//game.gtimg.cn/images/yxzj/zlkdatasys/audios/audio/20220412/16497497227674.wav"
        },
        {
          "text": "哼，居然欺负人家。",
          "link": "//game.gtimg.cn/images/yxzj/zlkdatasys/audios/audio/20220412/16497497358592.wav"
        },
        {
          "text": "呵呵呵呵呵呵，你的雪人太好笑了，呵呵呵呵。",
          "link": "//game.gtimg.cn/images/yxzj/zlkdatasys/audios/audio/20220412/16497497491059.wav"
        },
        {
          "text": "呵，太好了。",
          "link": "//game.gtimg.cn/images/yxzj/zlkdatasys/audios/audio/20220412/16497497624566.wav"
        },
        {
          "text": "我在这哟。",
          "link": "//game.gtimg.cn/images/yxzj/zlkdatasys/audios/audio/20220412/16497497745348.wav"
        },
        {
          "text": "小蝉不要这种礼物。",
          "link": "//game.gtimg.cn/images/yxzj/zlkdatasys/audios/audio/20220412/16497497877558.wav"
        },
        {
          "text": "来打雪仗呀！",
          "link": "//game.gtimg.cn/images/yxzj/zlkdatasys/audios/audio/20220412/16497498005750.wav"
        },
        {
          "text": "化个圣诞妆！",
          "link": "//game.gtimg.cn/images/yxzj/zlkdatasys/audios/audio/20220412/16497498144049.wav"
        },
        {
          "text": "礼物太多拆的手痛，让我活动活动。",
          "link": "//game.gtimg.cn/images/yxzj/zlkdatasys/audios/audio/20220412/16497498285961.wav"
        },
        {
          "text": "让我为你跳支舞吧~",
          "link": "//game.gtimg.cn/images/yxzj/zlkdatasys/audios/audio/20220412/16497498412764.wav"
        },
        {
          "text": "冷艳如我",
          "link": "//game.gtimg.cn/images/yxzj/zlkdatasys/audios/audio/20220412/16497498563834.wav"
        },
        {
          "text": "礼物，喜欢吗？",
          "link": "//game.gtimg.cn/images/yxzj/zlkdatasys/audios/audio/20220412/16497498688999.wav"
        },
        {
          "text": "好一朵白莲花",
          "link": "//game.gtimg.cn/images/yxzj/zlkdatasys/audios/audio/20220412/16497498824360.wav"
        },
        {
          "text": "纯洁雪花，像我一样",
          "link": "//game.gtimg.cn/images/yxzj/zlkdatasys/audios/audio/20220412/16497498931214.wav"
        },
        {
          "text": "来个飞吻",
          "link": "//game.gtimg.cn/images/yxzj/zlkdatasys/audios/audio/20220412/16497499087655.wav"
        },
        {
          "text": "用生命送礼，蛮拼的哟",
          "link": "//game.gtimg.cn/images/yxzj/zlkdatasys/audios/audio/20220412/16497499246570.wav"
        },
        {
          "text": "平安夜的邂逅，哦，可怜的家伙，果然一生孤独",
          "link": "//game.gtimg.cn/images/yxzj/zlkdatasys/audios/audio/20220412/16497499395622.wav"
        }
      ],
      "name": "圣诞恋歌"
    },
    {
      "voice": [
        {
          "text": "最初律动的荣耀，无限心灵之回响",
          "link": "//game.gtimg.cn/images/yxzj/zlkdatasys/audios/audio/20220412/16497512628427.wav"
        },
        {
          "text": "There's a hero，I  sing for you",
          "link": "//game.gtimg.cn/images/yxzj/zlkdatasys/audios/audio/20220412/16497512815156.wav"
        },
        {
          "text": "且歌且唱，狂乱绽放",
          "link": "//game.gtimg.cn/images/yxzj/zlkdatasys/audios/audio/20220412/16497512986615.wav"
        },
        {
          "text": "Calling my warrios~~calling my victory",
          "link": "//game.gtimg.cn/images/yxzj/zlkdatasys/audios/audio/20220412/16497513169706.wav"
        },
        {
          "text": "回旋，跳转，踏着战鼓的节拍",
          "link": "//game.gtimg.cn/images/yxzj/zlkdatasys/audios/audio/20220412/16497513303992.wav"
        },
        {
          "text": "节奏永不停息，歌咏巅峰的战役！",
          "link": "//game.gtimg.cn/images/yxzj/zlkdatasys/audios/audio/20220412/16497513464218.wav"
        },
        {
          "text": "Listen to the song，That a hero lies in you",
          "link": "//game.gtimg.cn/images/yxzj/zlkdatasys/audios/audio/20220412/16497513596387.wav"
        },
        {
          "text": "协奏共鸣，梦想，完全燃烧！",
          "link": "//game.gtimg.cn/images/yxzj/zlkdatasys/audios/audio/20220412/16497513746508.wav"
        },
        {
          "text": "音符不会停止蔓延",
          "link": "//game.gtimg.cn/images/yxzj/zlkdatasys/audios/audio/20220412/16497514707471.wav"
        },
        {
          "text": "呵呵呵呵呵呵呵，如梦般自由",
          "link": "//game.gtimg.cn/images/yxzj/zlkdatasys/audios/audio/20220412/16497515043995.wav"
        },
        {
          "text": "重逢遥遥无期。",
          "link": "//game.gtimg.cn/images/yxzj/zlkdatasys/audios/audio/20220412/16497515182126.wav"
        },
        {
          "text": "妾身会让你付出代价。",
          "link": "//game.gtimg.cn/images/yxzj/zlkdatasys/audios/audio/20220412/16497515336798.wav"
        },
        {
          "text": "呵，好精彩啊。",
          "link": "//game.gtimg.cn/images/yxzj/zlkdatasys/audios/audio/20220412/16497515593743.wav"
        },
        {
          "text": "再见，人生多是离别。",
          "link": "//game.gtimg.cn/images/yxzj/zlkdatasys/audios/audio/20220412/16497515737526.wav"
        },
        {
          "text": "不要靠妾身太近哦。",
          "link": "//game.gtimg.cn/images/yxzj/zlkdatasys/audios/audio/20220412/16497515866448.wav"
        },
        {
          "text": "敢把你的心，给妾身吗？",
          "link": "//game.gtimg.cn/images/yxzj/zlkdatasys/audios/audio/20220412/16497515999362.wav"
        },
        {
          "text": "真是花一般的容颜。",
          "link": "//game.gtimg.cn/images/yxzj/zlkdatasys/audios/audio/20220412/16497516146609.wav"
        },
        {
          "text": "妾身的舞姿，美吗。",
          "link": "//game.gtimg.cn/images/yxzj/zlkdatasys/audios/audio/20220412/16497516263343.wav"
        },
        {
          "text": "我会忠于你的旋律，哲学，语言等一切。",
          "link": "//game.gtimg.cn/images/yxzj/zlkdatasys/audios/audio/20220412/16497516418252.wav"
        },
        {
          "text": "Dance dance revolution",
          "link": "//game.gtimg.cn/images/yxzj/zlkdatasys/audios/audio/20220412/16497516584891.wav"
        },
        {
          "text": "胜负节拍，双重精彩！",
          "link": "//game.gtimg.cn/images/yxzj/zlkdatasys/audios/audio/20220412/16497516708672.wav"
        },
        {
          "text": "哀歌为你鸣",
          "link": "//game.gtimg.cn/images/yxzj/zlkdatasys/audios/audio/20220412/16497516862761.wav"
        },
        {
          "text": "打断不和谐的音符，告别对面的破嗓",
          "link": "//game.gtimg.cn/images/yxzj/zlkdatasys/audios/audio/20220412/16497517024499.wav"
        }
      ],
      "name": "逐梦之音"
    },
    {
      "voice": [
        {
          "text": "吟诵十四行诗，作为仲夏之梦的开场",
          "link": "//game.gtimg.cn/images/yxzj/zlkdatasys/audios/audio/20220412/16497517408710.wav"
        },
        {
          "text": "月光下邂逅的，是你，或者爱情？",
          "link": "//game.gtimg.cn/images/yxzj/zlkdatasys/audios/audio/20220412/16497517542281.wav"
        },
        {
          "text": "好好欣赏吧，莎士比亚曾游历过的花园",
          "link": "//game.gtimg.cn/images/yxzj/zlkdatasys/audios/audio/20220412/16497517716512.wav"
        },
        {
          "text": "星光化作翅膀，长久闪烁",
          "link": "//game.gtimg.cn/images/yxzj/zlkdatasys/audios/audio/20220412/16497517896561.wav"
        },
        {
          "text": "明月装饰了你的窗户，你装饰了我的梦境",
          "link": "//game.gtimg.cn/images/yxzj/zlkdatasys/audios/audio/20220412/16497518038284.wav"
        },
        {
          "text": "纵使魔法遮蔽了眼睛，心灵依然指引着爱情。",
          "link": "//game.gtimg.cn/images/yxzj/zlkdatasys/audios/audio/20220412/16497518206155.wav"
        },
        {
          "text": "真爱之路，从无坦途",
          "link": "//game.gtimg.cn/images/yxzj/zlkdatasys/audios/audio/20220412/16497518359840.wav"
        },
        {
          "text": "时间带不走美妙的青春，他被珍藏于仲夏夜的诗篇。",
          "link": "//game.gtimg.cn/images/yxzj/zlkdatasys/audios/audio/20220412/16497518486445.wav"
        },
        {
          "text": "夏日，凋零……",
          "link": "//game.gtimg.cn/images/yxzj/zlkdatasys/audios/audio/20220412/16497518687188.wav"
        },
        {
          "text": "呵呵，夏日和我，谁更可爱？",
          "link": "//game.gtimg.cn/images/yxzj/zlkdatasys/audios/audio/20220412/16497518834576.wav"
        },
        {
          "text": "啊，你在哪，我好害怕。",
          "link": "//game.gtimg.cn/images/yxzj/zlkdatasys/audios/audio/20220412/16497518982670.wav"
        },
        {
          "text": "为什么爱情，不能传染。",
          "link": "//game.gtimg.cn/images/yxzj/zlkdatasys/audios/audio/20220412/16497519114379.wav"
        },
        {
          "text": "禁止亵渎爱情！",
          "link": "//game.gtimg.cn/images/yxzj/zlkdatasys/audios/audio/20220412/16497519266579.wav"
        },
        {
          "text": "关于玫瑰和谎言的游戏，你输了~呵呵呵呵呵",
          "link": "//game.gtimg.cn/images/yxzj/zlkdatasys/audios/audio/20220412/16497519379503.wav"
        },
        {
          "text": "真是一出好戏。",
          "link": "//game.gtimg.cn/images/yxzj/zlkdatasys/audios/audio/20220412/16497519506370.wav"
        },
        {
          "text": "向月亮挥手致意。",
          "link": "//game.gtimg.cn/images/yxzj/zlkdatasys/audios/audio/20220412/16497519624458.wav"
        },
        {
          "text": "不，不要这么快天亮。",
          "link": "//game.gtimg.cn/images/yxzj/zlkdatasys/audios/audio/20220412/16497519747499.wav"
        },
        {
          "text": "来吧，沉睡于莎士比亚的梦境。",
          "link": "//game.gtimg.cn/images/yxzj/zlkdatasys/audios/audio/20220412/16497519865391.wav"
        },
        {
          "text": "美丽的容颜，能够永驻吗。",
          "link": "//game.gtimg.cn/images/yxzj/zlkdatasys/audios/audio/20220412/16497519997191.wav"
        },
        {
          "text": "星光下的舞蹈。",
          "link": "//game.gtimg.cn/images/yxzj/zlkdatasys/audios/audio/20220412/16497520112694.wav"
        },
        {
          "text": "无法抵挡，仲夏的芬芳",
          "link": "//game.gtimg.cn/images/yxzj/zlkdatasys/audios/audio/20220412/16497520286638.wav"
        },
        {
          "text": "迷失在交错小径的花园吧",
          "link": "//game.gtimg.cn/images/yxzj/zlkdatasys/audios/audio/20220412/16497520431954.wav"
        },
        {
          "text": "万事不过美梦一场",
          "link": "//game.gtimg.cn/images/yxzj/zlkdatasys/audios/audio/20220412/16497520599550.wav"
        },
        {
          "text": "最坏的戏剧什么样？噢，大概就像你的人生那样",
          "link": "//game.gtimg.cn/images/yxzj/zlkdatasys/audios/audio/20220412/16497520736937.wav"
        }
      ],
      "name": "仲夏夜之梦"
    },
    {
      "voice": [
        {
          "text": "一舞倾城，一念倾国~",
          "link": "//game.gtimg.cn/images/yxzj/zlkdatasys/audios/audio/20220415/16499933313223.mp3"
        },
        {
          "text": "高堂下的目光，一分敬畏，九分欲望",
          "link": "//game.gtimg.cn/images/yxzj/zlkdatasys/audios/audio/20220412/16497521424748.wav"
        },
        {
          "text": "面具之下，是更美的面具~",
          "link": "//game.gtimg.cn/images/yxzj/zlkdatasys/audios/audio/20220412/16497521567573.wav"
        },
        {
          "text": "猫有九命，唯独一心",
          "link": "//game.gtimg.cn/images/yxzj/zlkdatasys/audios/audio/20220412/16497521708153.wav"
        },
        {
          "text": "世人不懂，胜负或爱恨，那都不是神灵掌管的范畴",
          "link": "//game.gtimg.cn/images/yxzj/zlkdatasys/audios/audio/20220412/16497521831915.wav"
        },
        {
          "text": "梦里，有人为我唱了支歌",
          "link": "//game.gtimg.cn/images/yxzj/zlkdatasys/audios/audio/20220412/16497522002467.wav"
        },
        {
          "text": "月明星稀，我心…何归…",
          "link": "//game.gtimg.cn/images/yxzj/zlkdatasys/audios/audio/20220412/16497522225237.wav"
        },
        {
          "text": "不必祈祷~",
          "link": "//game.gtimg.cn/images/yxzj/zlkdatasys/audios/audio/20220412/16497522501664.wav"
        },
        {
          "text": "河山万里，皆于舞中",
          "link": "//game.gtimg.cn/images/yxzj/zlkdatasys/audios/audio/20220412/16497522639489.wav"
        },
        {
          "text": "会有一星照亮此处~",
          "link": "//game.gtimg.cn/images/yxzj/zlkdatasys/audios/audio/20220412/16497522769859.wav"
        },
        {
          "text": "赐福于你~",
          "link": "//game.gtimg.cn/images/yxzj/zlkdatasys/audios/audio/20220412/16497522909086.wav"
        },
        {
          "text": "求神不如求己，求己不如求我~",
          "link": "//game.gtimg.cn/images/yxzj/zlkdatasys/audios/audio/20220412/16497523042574.wav"
        },
        {
          "text": "永恒荣耀，不灭星辰。",
          "link": "//game.gtimg.cn/images/yxzj/zlkdatasys/audios/audio/20220415/16499933445256.mp3"
        },
        {
          "text": "这是我的猫，已经陪了我三年~",
          "link": "//game.gtimg.cn/images/yxzj/zlkdatasys/audios/audio/20220412/16497523402345.wav"
        }
      ],
      "name": "猫影幻舞"
    },
    {
      "voice": [
        {
          "text": "那年长安也如今日...华灯初上，明月当窗......",
          "link": "//game.gtimg.cn/images/yxzj/zlkdatasys/audios/audio/20220415/16499934197213.mp3"
        },
        {
          "text": "风转云转，流光千转。",
          "link": "//game.gtimg.cn/images/yxzj/zlkdatasys/audios/audio/20220415/16499934075686.mp3"
        },
        {
          "text": "心应弦，手应鼓，弦鼓声声，回雪转蓬～",
          "link": "//game.gtimg.cn/images/yxzj/zlkdatasys/audios/audio/20220415/16499934318736.mp3"
        },
        {
          "text": "西风故道听旧梦，昔年弦鼓，昔年旋舞。",
          "link": "//game.gtimg.cn/images/yxzj/zlkdatasys/audios/audio/20220412/16497543346634.mp3"
        },
        {
          "text": "此处可是...驼铃伴我，来时之路？",
          "link": "//game.gtimg.cn/images/yxzj/zlkdatasys/audios/audio/20220412/16497543683757.mp3"
        },
        {
          "text": "清风鼓乐，明明皎洁；诸天世界，作此天乐。",
          "link": "//game.gtimg.cn/images/yxzj/zlkdatasys/audios/audio/20220412/16497543837652.mp3"
        },
        {
          "text": "执彩笔的故人，今生可会再见？",
          "link": "//game.gtimg.cn/images/yxzj/zlkdatasys/audios/audio/20220412/16497544014616.mp3"
        },
        {
          "text": "丹青可穷，光阴不竭。",
          "link": "//game.gtimg.cn/images/yxzj/zlkdatasys/audios/audio/20220412/16497544167383.mp3"
        },
        {
          "text": "还会有人，在今日说起我的故事吗？",
          "link": "//game.gtimg.cn/images/yxzj/zlkdatasys/audios/audio/20220412/16497544297920.mp3"
        },
        {
          "text": "转盼之间，悉为飞尘......",
          "link": "//game.gtimg.cn/images/yxzj/zlkdatasys/audios/audio/20220412/16497544555372.wav"
        },
        {
          "text": "无心而为～",
          "link": "//game.gtimg.cn/images/yxzj/zlkdatasys/audios/audio/20220412/16497544956830.wav"
        },
        {
          "text": "败君三步之间～",
          "link": "//game.gtimg.cn/images/yxzj/zlkdatasys/audios/audio/20220412/16497545248479.wav"
        },
        {
          "text": "骊珠飞星！",
          "link": "//game.gtimg.cn/images/yxzj/zlkdatasys/audios/audio/20220412/16497545452396.wav"
        },
        {
          "text": "袖起长虹！",
          "link": "//game.gtimg.cn/images/yxzj/zlkdatasys/audios/audio/20220412/16497545586743.wav"
        },
        {
          "text": "双袖转圜～",
          "link": "//game.gtimg.cn/images/yxzj/zlkdatasys/audios/audio/20220412/16497545726681.wav"
        },
        {
          "text": "神钟天乐，不奏而鸣！",
          "link": "//game.gtimg.cn/images/yxzj/zlkdatasys/audios/audio/20220412/16497545903781.wav"
        },
        {
          "text": "莲花北旋～",
          "link": "//game.gtimg.cn/images/yxzj/zlkdatasys/audios/audio/20220412/16497546046964.wav"
        },
        {
          "text": "舞急如风！",
          "link": "//game.gtimg.cn/images/yxzj/zlkdatasys/audios/audio/20220412/16497546191184.wav"
        },
        {
          "text": "翩跹一曲，劲吹十里～",
          "link": "//game.gtimg.cn/images/yxzj/zlkdatasys/audios/audio/20220412/16497546617171.wav"
        },
        {
          "text": "原来你在这呀，小鹿。",
          "link": "//game.gtimg.cn/images/yxzj/zlkdatasys/audios/audio/20220412/16497547213543.wav"
        },
        {
          "text": "在同一个梦里，我见到了你。",
          "link": "//game.gtimg.cn/images/yxzj/zlkdatasys/audios/audio/20220412/16497547342010.wav"
        },
        {
          "text": "我转的圈圈，会被你记住的吧。",
          "link": "//game.gtimg.cn/images/yxzj/zlkdatasys/audios/audio/20220415/16499889514543.wav"
        },
        {
          "text": "壁上一挥，世上千年。",
          "link": "//game.gtimg.cn/images/yxzj/zlkdatasys/audios/audio/20220412/16497549101096.wav"
        },
        {
          "text": "因有所欲，故有所苦。",
          "link": "//game.gtimg.cn/images/yxzj/zlkdatasys/audios/audio/20220412/16497549541115.wav"
        },
        {
          "text": "不在遥遥，只在朝朝~",
          "link": "//game.gtimg.cn/images/yxzj/zlkdatasys/audios/audio/20220412/16497549722027.wav"
        },
        {
          "text": "歌舞喧阗，见则心喜～",
          "link": "//game.gtimg.cn/images/yxzj/zlkdatasys/audios/audio/20220412/16497549893664.wav"
        },
        {
          "text": "弦鼓为谁歌，旋舞因何转～",
          "link": "//game.gtimg.cn/images/yxzj/zlkdatasys/audios/audio/20220412/16497550056576.wav"
        },
        {
          "text": "生灵有限，何不惜取眼前。",
          "link": "//game.gtimg.cn/images/yxzj/zlkdatasys/audios/audio/20220412/16497550215130.wav"
        },
        {
          "text": "如此步态，岂能示人？",
          "link": "//game.gtimg.cn/images/yxzj/zlkdatasys/audios/audio/20220412/16497550365530.wav"
        },
        {
          "text": "故人今已去，华彩终难返……",
          "link": "//game.gtimg.cn/images/yxzj/zlkdatasys/audios/audio/20220412/16497550531298.wav"
        },
        {
          "text": "轻罗金缕，琵琶横笛。",
          "link": "//game.gtimg.cn/images/yxzj/zlkdatasys/audios/audio/20220412/16497550723497.wav"
        },
        {
          "text": "异香天花，缤纷摇坠。",
          "link": "//game.gtimg.cn/images/yxzj/zlkdatasys/audios/audio/20220412/16497550872244.wav"
        }
      ],
      "name": "遇见胡旋"
    },
    {
      "voice": [
        {
          "text": "绚烂一季，不负青春。",
          "link": "//game.gtimg.cn/images/yxzj/zlkdatasys/audios/audio/20220506/16518343569264.mp3"
        },
        {
          "text": "今天，是炎之精灵与我的主场。",
          "link": "//game.gtimg.cn/images/yxzj/zlkdatasys/audios/audio/20220506/16518343702336.mp3"
        },
        {
          "text": "欢迎一起探索召唤术的无限可能。",
          "link": "//game.gtimg.cn/images/yxzj/zlkdatasys/audios/audio/20220506/16518343979553.mp3"
        },
        {
          "text": "顺手解决社团的小麻烦，也是社长学姐的必修课哦。",
          "link": "//game.gtimg.cn/images/yxzj/zlkdatasys/audios/audio/20220506/16518330187933.mp3"
        },
        {
          "text": "爱会消失，唯术法永恒。",
          "link": "//game.gtimg.cn/images/yxzj/zlkdatasys/audios/audio/20220506/16518330372295.wav"
        },
        {
          "text": "心中灵火，给无尽的未知点燃一盏灯。",
          "link": "//game.gtimg.cn/images/yxzj/zlkdatasys/audios/audio/20220506/16518330551343.mp3"
        },
        {
          "text": "傻瓜们只会说你也不行，但召唤术就是无限可能性。",
          "link": "//game.gtimg.cn/images/yxzj/zlkdatasys/audios/audio/20220506/16518330703239.mp3"
        },
        {
          "text": "也许你在学院的传闻中听过我的姓名。",
          "link": "//game.gtimg.cn/images/yxzj/zlkdatasys/audios/audio/20220506/16518330932955.mp3"
        },
        {
          "text": "记住，只有最绚丽的身影，才会被世人铭记。",
          "link": "//game.gtimg.cn/images/yxzj/zlkdatasys/audios/audio/20220506/16518331105386.mp3"
        },
        {
          "text": "术法有时比爱情更危险呢……",
          "link": "//game.gtimg.cn/images/yxzj/zlkdatasys/audios/audio/20220506/16518331349088.mp3"
        },
        {
          "text": "点燃你的小心脏。",
          "link": "//game.gtimg.cn/images/yxzj/zlkdatasys/audios/audio/20220506/16518331577100.wav"
        },
        {
          "text": "听吾之令！",
          "link": "//game.gtimg.cn/images/yxzj/zlkdatasys/audios/audio/20220506/16518331801992.wav"
        },
        {
          "text": "炎灵疾去！",
          "link": "//game.gtimg.cn/images/yxzj/zlkdatasys/audios/audio/20220506/16518331962861.wav"
        },
        {
          "text": "以吾之名，降临此地。",
          "link": "//game.gtimg.cn/images/yxzj/zlkdatasys/audios/audio/20220506/16518332276784.wav"
        },
        {
          "text": "炎之精灵，解除封印。",
          "link": "//game.gtimg.cn/images/yxzj/zlkdatasys/audios/audio/20220506/16518332442000.wav"
        },
        {
          "text": "立誓为约，缔结永契。",
          "link": "//game.gtimg.cn/images/yxzj/zlkdatasys/audios/audio/20220506/16518332623503.wav"
        },
        {
          "text": "这就是轻视召唤术的下场。",
          "link": "//game.gtimg.cn/images/yxzj/zlkdatasys/audios/audio/20220506/16518332885078.wav"
        },
        {
          "text": "小施惩戒。",
          "link": "//game.gtimg.cn/images/yxzj/zlkdatasys/audios/audio/20220506/16518333065723.wav"
        },
        {
          "text": "小心玩火自焚哦。",
          "link": "//game.gtimg.cn/images/yxzj/zlkdatasys/audios/audio/20220506/16518333274868.wav"
        },
        {
          "text": "人生就如召唤，永远充满惊喜。",
          "link": "//game.gtimg.cn/images/yxzj/zlkdatasys/audios/audio/20220506/16518333464300.mp3"
        },
        {
          "text": "说吧，今天又制造了什么麻烦。",
          "link": "//game.gtimg.cn/images/yxzj/zlkdatasys/audios/audio/20220506/16518344164407.mp3"
        },
        {
          "text": "让学姐传授你一点本学院的基本社团礼仪。",
          "link": "//game.gtimg.cn/images/yxzj/zlkdatasys/audios/audio/20220506/16518334084765.mp3"
        },
        {
          "text": "社团的名字也许很长，但你会爱上在这里的时光。",
          "link": "//game.gtimg.cn/images/yxzj/zlkdatasys/audios/audio/20220506/16518334282269.mp3"
        },
        {
          "text": "最后一席，虚位以待。",
          "link": "//game.gtimg.cn/images/yxzj/zlkdatasys/audios/audio/20220506/16518334575904.wav"
        },
        {
          "text": "在你心里种下一颗火种，明年会长出可爱的小精灵吗？",
          "link": "//game.gtimg.cn/images/yxzj/zlkdatasys/audios/audio/20220506/16518344339435.mp3"
        },
        {
          "text": "你见过迷路的精灵吗？我见过。",
          "link": "//game.gtimg.cn/images/yxzj/zlkdatasys/audios/audio/20220506/16518344501619.mp3"
        },
        {
          "text": "你的召唤术，成功引起了我的注意。",
          "link": "//game.gtimg.cn/images/yxzj/zlkdatasys/audios/audio/20220506/16518335235654.wav"
        },
        {
          "text": "青春短暂，不可浪费。",
          "link": "//game.gtimg.cn/images/yxzj/zlkdatasys/audios/audio/20220506/16518335589482.wav"
        },
        {
          "text": "你惹火我了。",
          "link": "//game.gtimg.cn/images/yxzj/zlkdatasys/audios/audio/20220506/16518335758029.wav"
        },
        {
          "text": "在术法的无限奥秘前，也会时常感到人类的渺小。",
          "link": "//game.gtimg.cn/images/yxzj/zlkdatasys/audios/audio/20220506/16518335918534.mp3"
        },
        {
          "text": "华丽演出的背后，是青春的痕迹。",
          "link": "//game.gtimg.cn/images/yxzj/zlkdatasys/audios/audio/20220506/16518336266920.wav"
        }
      ],
      "name": "唤灵魅影"
    },
    {
      "voice": [
        {
          "text": "霓为衣兮霞为裳，蜃楼起兮海雾茫……前梦宛然，去者犹在。",
          "link": "//game.gtimg.cn/images/yxzj/zlkdatasys/audios/audio/20230216/16765280298783.mp3"
        },
        {
          "text": "呵云气兮成万象，筑高台兮凌穹苍……月照天门，蜃境始开。",
          "link": "//game.gtimg.cn/images/yxzj/zlkdatasys/audios/audio/20230216/16765280678397.mp3"
        },
        {
          "text": "天上宫阙无处归……莫回首，梦觉已千秋。",
          "link": "//game.gtimg.cn/images/yxzj/zlkdatasys/audios/audio/20230216/16765281023965.mp3"
        },
        {
          "text": "梦中有人间，海上有云烟。",
          "link": "//game.gtimg.cn/images/yxzj/zlkdatasys/audios/audio/20230214/16763570619575.mp3"
        },
        {
          "text": "“船过沧浪，骤起蜃楼；客行广漠，忽现海市……”这就是凡世中，关于我们的记述？",
          "link": "//game.gtimg.cn/images/yxzj/zlkdatasys/audios/audio/20230214/16763571002637.mp3"
        },
        {
          "text": "见过万物易碎，就见过了我。",
          "link": "//game.gtimg.cn/images/yxzj/zlkdatasys/audios/audio/20230214/16763571381541.mp3"
        },
        {
          "text": "比月华兮短年光，比昙华兮朝暮亡……",
          "link": "//game.gtimg.cn/images/yxzj/zlkdatasys/audios/audio/20230214/16763574653422.mp3"
        },
        {
          "text": "他人笑尔频说梦，（轻笑）焉知彼亦非梦中？",
          "link": "//game.gtimg.cn/images/yxzj/zlkdatasys/audios/audio/20230214/16763574899692.mp3"
        },
        {
          "text": "愚人一做梦，他者遍体鳞伤。",
          "link": "//game.gtimg.cn/images/yxzj/zlkdatasys/audios/audio/20230214/16763575451116.mp3"
        },
        {
          "text": "似假似幻，非雾非烟～",
          "link": "//game.gtimg.cn/images/yxzj/zlkdatasys/audios/audio/20230214/16763575714604.mp3"
        },
        {
          "text": "从来好物不坚牢，彩云易散琉璃碎。",
          "link": "//game.gtimg.cn/images/yxzj/zlkdatasys/audios/audio/20230214/16763576031881.mp3"
        },
        {
          "text": "让故人魂梦，不再四处漂泊。",
          "link": "//game.gtimg.cn/images/yxzj/zlkdatasys/audios/audio/20230214/16763576301236.mp3"
        },
        {
          "text": "都化作，片羽浮光……",
          "link": "//game.gtimg.cn/images/yxzj/zlkdatasys/audios/audio/20230214/16763576938357.mp3"
        },
        {
          "text": "凡所有相，皆是虚妄。",
          "link": "//game.gtimg.cn/images/yxzj/zlkdatasys/audios/audio/20230214/16763577459878.mp3"
        },
        {
          "text": "若非痴人，何以说梦？",
          "link": "//game.gtimg.cn/images/yxzj/zlkdatasys/audios/audio/20230214/16763577845169.mp3"
        },
        {
          "text": "天人栩栩来～",
          "link": "//game.gtimg.cn/images/yxzj/zlkdatasys/audios/audio/20230214/16763578268826.mp3"
        },
        {
          "text": "魂牵旧影～",
          "link": "//game.gtimg.cn/images/yxzj/zlkdatasys/audios/audio/20230214/16763578707616.mp3"
        },
        {
          "text": "斯人出没水云间。",
          "link": "//game.gtimg.cn/images/yxzj/zlkdatasys/audios/audio/20230214/16763579003324.mp3"
        },
        {
          "text": "氤氲蜃气，吁成天阙～",
          "link": "//game.gtimg.cn/images/yxzj/zlkdatasys/audios/audio/20230214/16763579851837.mp3"
        },
        {
          "text": "蜃楼如故，昨梦已非……",
          "link": "//game.gtimg.cn/images/yxzj/zlkdatasys/audios/audio/20230214/16763580142428.mp3"
        },
        {
          "text": "千年旧影，筑作刹那绮境！",
          "link": "//game.gtimg.cn/images/yxzj/zlkdatasys/audios/audio/20230214/16763580416386.mp3"
        },
        {
          "text": "景色如旧，何须再三观赏？",
          "link": "//game.gtimg.cn/images/yxzj/zlkdatasys/audios/audio/20230214/16763580817078.mp3"
        },
        {
          "text": "水中捞月，徒然而已。",
          "link": "//game.gtimg.cn/images/yxzj/zlkdatasys/audios/audio/20230214/16763581286421.mp3"
        },
        {
          "text": "剪明月为蚀，戴天穹之上。",
          "link": "//game.gtimg.cn/images/yxzj/zlkdatasys/audios/audio/20230214/16763581685789.mp3"
        },
        {
          "text": "珠宫贝阙，一如当年。",
          "link": "//game.gtimg.cn/images/yxzj/zlkdatasys/audios/audio/20230214/16763581973279.mp3"
        },
        {
          "text": "重到旧时蜃气楼～",
          "link": "//game.gtimg.cn/images/yxzj/zlkdatasys/audios/audio/20230214/16763582356985.mp3"
        },
        {
          "text": "看取繁华几千重。",
          "link": "//game.gtimg.cn/images/yxzj/zlkdatasys/audios/audio/20230214/16763582663962.mp3"
        },
        {
          "text": "世情多变幻，流水迢无返。",
          "link": "//game.gtimg.cn/images/yxzj/zlkdatasys/audios/audio/20230214/16763582975898.mp3"
        },
        {
          "text": "妄念起，罪孽生。",
          "link": "//game.gtimg.cn/images/yxzj/zlkdatasys/audios/audio/20230214/16763583288334.mp3"
        },
        {
          "text": "幽昙梦短，月明他乡。",
          "link": "//game.gtimg.cn/images/yxzj/zlkdatasys/audios/audio/20230214/16763583541270.mp3"
        },
        {
          "text": "未竟之舞，不可再得。",
          "link": "//game.gtimg.cn/images/yxzj/zlkdatasys/audios/audio/20230214/16763583891667.mp3"
        },
        {
          "text": "牵云以为衣，曳露举作佩。",
          "link": "//game.gtimg.cn/images/yxzj/zlkdatasys/audios/audio/20230214/16763584311110.mp3"
        }
      ],
      "name": "幻阙歌"
    },
    {
      "voice": [
        {
          "text": "汝乃……玄鸦之主？……红尘轮转成劫数，往事一一回溯。",
          "link": "//game.gtimg.cn/images/yxzj/zlkdatasys/audios/audio/20240307/17098055385295.mp3"
        },
        {
          "text": "你我皆为甘渊困兽，身不由己，心有天光。",
          "link": "//game.gtimg.cn/images/yxzj/zlkdatasys/audios/audio/20240307/17098055657673.mp3"
        },
        {
          "text": "以身入魔，焉知不是反噬己身？朱曦化薄蚀，长空复大明。",
          "link": "//game.gtimg.cn/images/yxzj/zlkdatasys/audios/audio/20240307/17098055905179.mp3"
        },
        {
          "text": "吾本曦光仙缘，却谪日谷甘渊。",
          "link": "//game.gtimg.cn/images/yxzj/zlkdatasys/audios/audio/20240306/17097160128397.mp3"
        },
        {
          "text": "身为甘渊神守，心似九霄困囚。",
          "link": "//game.gtimg.cn/images/yxzj/zlkdatasys/audios/audio/20240306/17097160871496.mp3"
        },
        {
          "text": "漫天仙神都笑我，镜花大梦，溟溟舞伶仃。",
          "link": "//game.gtimg.cn/images/yxzj/zlkdatasys/audios/audio/20240306/17097161156519.mp3"
        },
        {
          "text": "天道浩渺锁层岚，困不得清商霓裳，掩不住心底曦光……",
          "link": "//game.gtimg.cn/images/yxzj/zlkdatasys/audios/audio/20240306/17097161526681.mp3"
        },
        {
          "text": "重霄梦碎，不知何人黑鸦伴我？",
          "link": "//game.gtimg.cn/images/yxzj/zlkdatasys/audios/audio/20240306/17097161896008.mp3"
        },
        {
          "text": "玄乌焦尾风乍起，一池涟漪是谁寄？来去无踪迹。",
          "link": "//game.gtimg.cn/images/yxzj/zlkdatasys/audios/audio/20240306/17097162271846.mp3"
        },
        {
          "text": "只闻音律不见影，心事随鸦敲水晶。",
          "link": "//game.gtimg.cn/images/yxzj/zlkdatasys/audios/audio/20240306/17097162692606.mp3"
        },
        {
          "text": "天意堪弄，偏将相峙作重逢。",
          "link": "//game.gtimg.cn/images/yxzj/zlkdatasys/audios/audio/20240306/17097163017037.mp3"
        },
        {
          "text": "仙魔殊途，天规戒妄……无端一念又踌躇。",
          "link": "//game.gtimg.cn/images/yxzj/zlkdatasys/audios/audio/20240306/17097163203681.mp3"
        },
        {
          "text": "若朝日之光还天地重明！",
          "link": "//game.gtimg.cn/images/yxzj/zlkdatasys/audios/audio/20240306/17097163459314.mp3"
        },
        {
          "text": "跌落甘渊，玄鸦已化飞灰去……",
          "link": "//game.gtimg.cn/images/yxzj/zlkdatasys/audios/audio/20240306/17097163772270.mp3"
        },
        {
          "text": "舞罢，意未尽。",
          "link": "//game.gtimg.cn/images/yxzj/zlkdatasys/audios/audio/20240306/17097163986500.mp3"
        },
        {
          "text": "玄鸦知我意……",
          "link": "//game.gtimg.cn/images/yxzj/zlkdatasys/audios/audio/20240306/17097165837673.mp3"
        },
        {
          "text": "笑吾甘渊之中，未知天亦樊笼。",
          "link": "//game.gtimg.cn/images/yxzj/zlkdatasys/audios/audio/20240306/17097166027499.mp3"
        },
        {
          "text": "天道难测！",
          "link": "//game.gtimg.cn/images/yxzj/zlkdatasys/audios/audio/20240306/17097166374026.mp3"
        },
        {
          "text": "不违此心！",
          "link": "//game.gtimg.cn/images/yxzj/zlkdatasys/audios/audio/20240306/17097166606194.mp3"
        },
        {
          "text": "永夜化晨曦！",
          "link": "//game.gtimg.cn/images/yxzj/zlkdatasys/audios/audio/20240306/17097166944720.mp3"
        },
        {
          "text": "凝神，见朱曦！",
          "link": "//game.gtimg.cn/images/yxzj/zlkdatasys/audios/audio/20240306/17097167131637.mp3"
        },
        {
          "text": "破蚀，复清明！",
          "link": "//game.gtimg.cn/images/yxzj/zlkdatasys/audios/audio/20240306/17097167318251.mp3"
        },
        {
          "text": "此曲只向知者舞。",
          "link": "//game.gtimg.cn/images/yxzj/zlkdatasys/audios/audio/20240306/17097167493321.mp3"
        },
        {
          "text": "世人从来只知太阳，不识曦光。",
          "link": "//game.gtimg.cn/images/yxzj/zlkdatasys/audios/audio/20240306/17097167996562.mp3"
        },
        {
          "text": "漫天仙神高踞于九天，又怎知我眉间烦忧……",
          "link": "//game.gtimg.cn/images/yxzj/zlkdatasys/audios/audio/20240306/17097168214210.mp3"
        },
        {
          "text": "今日这甘渊竟平添冷意，许是没了那黑鸦吵吵闹闹……",
          "link": "//game.gtimg.cn/images/yxzj/zlkdatasys/audios/audio/20240306/17097168549806.mp3"
        },
        {
          "text": "舞袖动风铃。",
          "link": "//game.gtimg.cn/images/yxzj/zlkdatasys/audios/audio/20240306/17097168909453.mp3"
        },
        {
          "text": "不见天日，晦阴有蚀。",
          "link": "//game.gtimg.cn/images/yxzj/zlkdatasys/audios/audio/20240306/17097169744183.mp3"
        },
        {
          "text": "玄鸦啼鸣，如梦初醒。",
          "link": "//game.gtimg.cn/images/yxzj/zlkdatasys/audios/audio/20240306/17097170945725.mp3"
        },
        {
          "text": "一舞夺魁，与日之辉。",
          "link": "//game.gtimg.cn/images/yxzj/zlkdatasys/audios/audio/20240306/17097171275244.mp3"
        },
        {
          "text": "水晶为弦柱为琴，清清泠泠至天明。",
          "link": "//game.gtimg.cn/images/yxzj/zlkdatasys/audios/audio/20240306/17097171455729.mp3"
        },
        {
          "text": "玄鸦不至，如之何勿思？",
          "link": "//game.gtimg.cn/images/yxzj/zlkdatasys/audios/audio/20240306/17097171704235.mp3"
        },
        {
          "text": "重霄袖冷，妒心伤人。",
          "link": "//game.gtimg.cn/images/yxzj/zlkdatasys/audios/audio/20240306/17097171999672.mp3"
        },
        {
          "text": "昊天罔极，匪我之思。",
          "link": "//game.gtimg.cn/images/yxzj/zlkdatasys/audios/audio/20240306/17097172182595.mp3"
        },
        {
          "text": "玄鸦为我奏乐舞。",
          "link": "//game.gtimg.cn/images/yxzj/zlkdatasys/audios/audio/20240306/17097172397886.mp3"
        }
      ],
      "name": "曦玄引"
    }
  ]
}
