{
  "data": [
    {
      "voice": [
        {
          "text": "真相只有一个！",
          "link": "//game.gtimg.cn/images/yxzj/zlkdatasys/audios/audio/20220411/16496547963224.wav"
        },
        {
          "text": "代表法律制裁你！",
          "link": "//game.gtimg.cn/images/yxzj/zlkdatasys/audios/audio/20220411/16496548101019.wav"
        },
        {
          "text": "现在是逮捕时间！",
          "link": "//game.gtimg.cn/images/yxzj/zlkdatasys/audios/audio/20220411/16496548272452.wav"
        },
        {
          "text": "为无辜者代言！",
          "link": "//game.gtimg.cn/images/yxzj/zlkdatasys/audios/audio/20220411/16496548453558.wav"
        },
        {
          "text": "以陛下的名义，你被捕了！",
          "link": "//game.gtimg.cn/images/yxzj/zlkdatasys/audios/audio/20220411/16496548582517.wav"
        },
        {
          "text": "想知道自己怎么死的吗？来，马上就告诉你。",
          "link": "//game.gtimg.cn/images/yxzj/zlkdatasys/audios/audio/20220411/16496548709878.wav"
        },
        {
          "text": "死者也会开口说话！",
          "link": "//game.gtimg.cn/images/yxzj/zlkdatasys/audios/audio/20220411/16496548838153.wav"
        },
        {
          "text": "我就是法律的化身！",
          "link": "//game.gtimg.cn/images/yxzj/zlkdatasys/audios/audio/20220411/16496548966732.wav"
        },
        {
          "text": "凶手就在我们中间……",
          "link": "//game.gtimg.cn/images/yxzj/zlkdatasys/audios/audio/20220411/16496549977684.wav"
        },
        {
          "text": "斩立决",
          "link": "//game.gtimg.cn/images/yxzj/zlkdatasys/audios/audio/20220411/16496550118087.wav"
        },
        {
          "text": "全面搜查！",
          "link": "//game.gtimg.cn/images/yxzj/zlkdatasys/audios/audio/20220411/16496550241625.wav"
        },
        {
          "text": "接受法律制裁！",
          "link": "//game.gtimg.cn/images/yxzj/zlkdatasys/audios/audio/20220411/16496550391125.wav"
        },
        {
          "text": "罪犯们，逍遥法外的好日子结束了！",
          "link": "//game.gtimg.cn/images/yxzj/zlkdatasys/audios/audio/20220411/16496550521087.wav"
        },
        {
          "text": "大理寺的工作量有这么不饱和吗？",
          "link": "//game.gtimg.cn/images/yxzj/zlkdatasys/audios/audio/20220427/16510536993716.mp3"
        },
        {
          "text": "不可喧哗，不可追逐，不可随意动武……",
          "link": "//game.gtimg.cn/images/yxzj/zlkdatasys/audios/audio/20220427/16510537216732.mp3"
        },
        {
          "text": "律法会消弭世间的不平",
          "link": "//game.gtimg.cn/images/yxzj/zlkdatasys/audios/audio/20220428/16511338233171.mp3"
        },
        {
          "text": "今日无事，不如对弈一局",
          "link": "//game.gtimg.cn/images/yxzj/zlkdatasys/audios/audio/20220428/16511354978298.mp3"
        },
        {
          "text": "两仪门现世，暗中欲借此搅动风云者，又将行动。",
          "link": "//game.gtimg.cn/images/yxzj/zlkdatasys/audios/audio/20221129/16697152344112.mp3"
        },
        {
          "text": "陛下派人驻守玄都观，实为防备外来之敌。",
          "link": "//game.gtimg.cn/images/yxzj/zlkdatasys/audios/audio/20221129/16697152607784.mp3"
        }
      ],
      "name": "原皮"
    },
    {
      "voice": [
        {
          "text": "你真的看仔细了吗？",
          "link": "//game.gtimg.cn/images/yxzj/zlkdatasys/audios/audio/20220411/16496551486903.wav"
        },
        {
          "text": "下注吧！",
          "link": "//game.gtimg.cn/images/yxzj/zlkdatasys/audios/audio/20220411/16496551601533.wav"
        },
        {
          "text": "化腐朽为神奇！",
          "link": "//game.gtimg.cn/images/yxzj/zlkdatasys/audios/audio/20220411/16496551724871.wav"
        },
        {
          "text": "小鸟们，纸牌的魔术会偷走生命哟~~",
          "link": "//game.gtimg.cn/images/yxzj/zlkdatasys/audios/audio/20220411/16496551868357.wav"
        },
        {
          "text": "看得出来，对面的筹码不多了。",
          "link": "//game.gtimg.cn/images/yxzj/zlkdatasys/audios/audio/20220411/16496552001428.wav"
        },
        {
          "text": "为我的手速来点掌声好嘛！",
          "link": "//game.gtimg.cn/images/yxzj/zlkdatasys/audios/audio/20220411/16496552121733.wav"
        },
        {
          "text": "这不是魔术，是现实。",
          "link": "//game.gtimg.cn/images/yxzj/zlkdatasys/audios/audio/20220411/16496552249038.wav"
        },
        {
          "text": "连胜利女神都在对你的人品吐槽",
          "link": "//game.gtimg.cn/images/yxzj/zlkdatasys/audios/audio/20220411/16496552373386.wav"
        },
        {
          "text": "发牌！",
          "link": "//game.gtimg.cn/images/yxzj/zlkdatasys/audios/audio/20220411/16496552659503.wav"
        },
        {
          "text": "变",
          "link": "//game.gtimg.cn/images/yxzj/zlkdatasys/audios/audio/20220411/16496553086641.wav"
        },
        {
          "text": "看好咯",
          "link": "//game.gtimg.cn/images/yxzj/zlkdatasys/audios/audio/20220411/16496553227722.wav"
        },
        {
          "text": "想找出秘诀？办不到。因为你就是这么好骗！",
          "link": "//game.gtimg.cn/images/yxzj/zlkdatasys/audios/audio/20220411/16496553428838.wav"
        }
      ],
      "name": "魔术师"
    },
    {
      "voice": [
        {
          "text": "跨时空追捕，出动！",
          "link": "//game.gtimg.cn/images/yxzj/zlkdatasys/audios/audio/20220411/16496554449727.wav"
        },
        {
          "text": "这是来自时空管理局的通缉！",
          "link": "//game.gtimg.cn/images/yxzj/zlkdatasys/audios/audio/20220411/16496554561180.wav"
        },
        {
          "text": "代码什么的，也很擅长！",
          "link": "//game.gtimg.cn/images/yxzj/zlkdatasys/audios/audio/20220411/16496554693023.wav"
        },
        {
          "text": "终极大招，断掉对面的WIFI！",
          "link": "//game.gtimg.cn/images/yxzj/zlkdatasys/audios/audio/20220411/16496554847991.wav"
        },
        {
          "text": "罪犯们，你们已经被时代抛弃！",
          "link": "//game.gtimg.cn/images/yxzj/zlkdatasys/audios/audio/20220411/16496554971670.wav"
        },
        {
          "text": "前方，高能预警！",
          "link": "//game.gtimg.cn/images/yxzj/zlkdatasys/audios/audio/20220411/16496555134564.wav"
        },
        {
          "text": "能量，源自内心的小宇宙！",
          "link": "//game.gtimg.cn/images/yxzj/zlkdatasys/audios/audio/20220411/16496555267572.wav"
        },
        {
          "text": "对面的破铜烂铁该升级了！",
          "link": "//game.gtimg.cn/images/yxzj/zlkdatasys/audios/audio/20220411/16496555387654.wav"
        },
        {
          "text": "I WILL BE BACK!",
          "link": "//game.gtimg.cn/images/yxzj/zlkdatasys/audios/audio/20220411/16496555527076.wav"
        },
        {
          "text": "轰趴他们！",
          "link": "//game.gtimg.cn/images/yxzj/zlkdatasys/audios/audio/20220411/16496555698717.wav"
        },
        {
          "text": "充能，校准，轰击！",
          "link": "//game.gtimg.cn/images/yxzj/zlkdatasys/audios/audio/20220411/16496555841178.wav"
        },
        {
          "text": "漏洞百出的BUG，证明你们的犯罪手法和头脑同样业余。",
          "link": "//game.gtimg.cn/images/yxzj/zlkdatasys/audios/audio/20220411/16496556281254.wav"
        }
      ],
      "name": "超时空战士"
    },
    {
      "voice": [
        {
          "text": "信誉即是荣誉",
          "link": "//game.gtimg.cn/images/yxzj/zlkdatasys/audios/audio/20220411/16496557133596.wav"
        },
        {
          "text": "我来帮所有人记住，认真的重要性.",
          "link": "//game.gtimg.cn/images/yxzj/zlkdatasys/audios/audio/20220411/16496557263200.wav"
        },
        {
          "text": "不要为人生留下污点，哪怕是在游戏里",
          "link": "//game.gtimg.cn/images/yxzj/zlkdatasys/audios/audio/20220411/16496557407624.wav"
        },
        {
          "text": "给正直发糖",
          "link": "//game.gtimg.cn/images/yxzj/zlkdatasys/audios/audio/20220411/16496557539963.wav"
        },
        {
          "text": "每座伟大城市中的自由都建立在自律之上",
          "link": "//game.gtimg.cn/images/yxzj/zlkdatasys/audios/audio/20220411/16496557657627.wav"
        },
        {
          "text": "与其修正过失，不如避免犯错。",
          "link": "//game.gtimg.cn/images/yxzj/zlkdatasys/audios/audio/20220411/16496557784945.wav"
        },
        {
          "text": "救赎必将到来，但总得等上一些日子",
          "link": "//game.gtimg.cn/images/yxzj/zlkdatasys/audios/audio/20220411/16496557986598.wav"
        },
        {
          "text": "不是只有生死攸关的时刻，才能检验灵魂.",
          "link": "//game.gtimg.cn/images/yxzj/zlkdatasys/audios/audio/20220411/16496558102970.wav"
        },
        {
          "text": "在我身后，还有很多人。",
          "link": "//game.gtimg.cn/images/yxzj/zlkdatasys/audios/audio/20220411/16496558241723.wav"
        },
        {
          "text": "秩序即光明",
          "link": "//game.gtimg.cn/images/yxzj/zlkdatasys/audios/audio/20220411/16496558429471.wav"
        },
        {
          "text": "打扰了",
          "link": "//game.gtimg.cn/images/yxzj/zlkdatasys/audios/audio/20220411/16496558565340.wav"
        },
        {
          "text": "负能量清零",
          "link": "//game.gtimg.cn/images/yxzj/zlkdatasys/audios/audio/20220411/16496558682075.wav"
        },
        {
          "text": "你的油腻沾染不了我",
          "link": "//game.gtimg.cn/images/yxzj/zlkdatasys/audios/audio/20220411/16496558815717.wav"
        },
        {
          "text": "失信之代价",
          "link": "//game.gtimg.cn/images/yxzj/zlkdatasys/audios/audio/20220411/16496558968119.wav"
        },
        {
          "text": "密令警告",
          "link": "//game.gtimg.cn/images/yxzj/zlkdatasys/audios/audio/20220411/16496559095286.wav"
        },
        {
          "text": "做个人吧",
          "link": "//game.gtimg.cn/images/yxzj/zlkdatasys/audios/audio/20220411/16496559278243.wav"
        },
        {
          "text": "敬酒还是罚酒，选一个吧",
          "link": "//game.gtimg.cn/images/yxzj/zlkdatasys/audios/audio/20220411/16496559488274.wav"
        }
      ],
      "name": "鹰眼统帅"
    },
    {
      "voice": [
        {
          "text": "镇邪魔，守太平。",
          "link": "//game.gtimg.cn/images/yxzj/zlkdatasys/audios/audio/20230104/16728278984152.wav"
        },
        {
          "text": "生为天定，命由人断。",
          "link": "//game.gtimg.cn/images/yxzj/zlkdatasys/audios/audio/20230104/16728279126654.wav"
        },
        {
          "text": "辨善恶，定人心—狴犴听令，魔秽肃清。",
          "link": "//game.gtimg.cn/images/yxzj/zlkdatasys/audios/audio/20230104/16728279259022.wav"
        },
        {
          "text": "掌审判之令，上不负浩浩青冥，下不负万象市井。",
          "link": "//game.gtimg.cn/images/yxzj/zlkdatasys/audios/audio/20230104/16728010294668.wav"
        },
        {
          "text": "察其言，观其行，识其骨，辨其心。",
          "link": "//game.gtimg.cn/images/yxzj/zlkdatasys/audios/audio/20230104/16728010582840.wav"
        },
        {
          "text": "书冤录百卷，奉公道常行。",
          "link": "//game.gtimg.cn/images/yxzj/zlkdatasys/audios/audio/20230104/16728010871963.wav"
        },
        {
          "text": "邪魔乱心，非人本意，岂忍妄加罪名？",
          "link": "//game.gtimg.cn/images/yxzj/zlkdatasys/audios/audio/20230104/16728012362634.wav"
        },
        {
          "text": "除恶行令强者不欺弱，明法度使弱者不畏强。",
          "link": "//game.gtimg.cn/images/yxzj/zlkdatasys/audios/audio/20230104/16728012695101.wav"
        },
        {
          "text": "神器无恒心，唯以百姓之心为心。",
          "link": "//game.gtimg.cn/images/yxzj/zlkdatasys/audios/audio/20230104/16728012994880.wav"
        },
        {
          "text": "身处昭昭之殿，勿忘冥冥之渊。",
          "link": "//game.gtimg.cn/images/yxzj/zlkdatasys/audios/audio/20230104/16728013375539.wav"
        },
        {
          "text": "待到阴霾驱尽时，地上地下，共沐天光",
          "link": "//game.gtimg.cn/images/yxzj/zlkdatasys/audios/audio/20230104/16728013656423.wav"
        },
        {
          "text": "微芒既现，无愧此生。",
          "link": "//game.gtimg.cn/images/yxzj/zlkdatasys/audios/audio/20230104/16728013935206.wav"
        },
        {
          "text": "法度之威，岂容轻视？",
          "link": "//game.gtimg.cn/images/yxzj/zlkdatasys/audios/audio/20230104/16728021324935.wav"
        },
        {
          "text": "治恶，必断其源！",
          "link": "//game.gtimg.cn/images/yxzj/zlkdatasys/audios/audio/20230104/16728021692327.wav"
        },
        {
          "text": "邪祟退散！",
          "link": "//game.gtimg.cn/images/yxzj/zlkdatasys/audios/audio/20230104/16728021952096.wav"
        },
        {
          "text": "守正为心，疾恶不惧！",
          "link": "//game.gtimg.cn/images/yxzj/zlkdatasys/audios/audio/20230104/16728022197742.wav"
        },
        {
          "text": "吾令—善恶昭彰！",
          "link": "//game.gtimg.cn/images/yxzj/zlkdatasys/audios/audio/20230104/16728022467553.wav"
        },
        {
          "text": "义正天地！",
          "link": "//game.gtimg.cn/images/yxzj/zlkdatasys/audios/audio/20230104/16728023421041.wav"
        },
        {
          "text": "索因果，判是非！",
          "link": "//game.gtimg.cn/images/yxzj/zlkdatasys/audios/audio/20230104/16728023655173.wav"
        },
        {
          "text": "君子怀刑，久治以永宁。",
          "link": "//game.gtimg.cn/images/yxzj/zlkdatasys/audios/audio/20230104/16728034213073.wav"
        },
        {
          "text": "神笔绘故影千重，可有记忆最深之作？",
          "link": "//game.gtimg.cn/images/yxzj/zlkdatasys/audios/audio/20230104/16728152715369.wav"
        },
        {
          "text": "略有耳闻……可见初生牛犊不畏虎",
          "link": "//game.gtimg.cn/images/yxzj/zlkdatasys/audios/audio/20230104/16728279475166.wav"
        }
      ],
      "name": "神器·狴犴令"
    }
  ]
}