{
  "data": [
    {
      "voice": [
        {
          "text": "日蚀亲临，如我之神迹！",
          "link": "//game.gtimg.cn/images/yxzj/zlkdatasys/audios/audio/20220408/16493943895685.wav"
        },
        {
          "text": "展现进化的可能性！",
          "link": "//game.gtimg.cn/images/yxzj/zlkdatasys/audios/audio/20220408/16493944046980.wav"
        },
        {
          "text": "听！恒星的哀嚎，它在祭献最后的烛火！",
          "link": "//game.gtimg.cn/images/yxzj/zlkdatasys/audios/audio/20220408/16493944204722.wav"
        },
        {
          "text": "比黑暗更深沉的黑暗，辉映着永恒",
          "link": "//game.gtimg.cn/images/yxzj/zlkdatasys/audios/audio/20220408/16493944459905.wav"
        },
        {
          "text": "舍弃怜悯能让你蜕变为冷血的蜈蚣，丑陋又强大。",
          "link": "//game.gtimg.cn/images/yxzj/zlkdatasys/audios/audio/20220408/16493944614188.wav"
        },
        {
          "text": "俯视低等种族的彷徨，循螺旋而上！",
          "link": "//game.gtimg.cn/images/yxzj/zlkdatasys/audios/audio/20220408/16493944794361.wav"
        },
        {
          "text": "万物皆可知！",
          "link": "//game.gtimg.cn/images/yxzj/zlkdatasys/audios/audio/20220408/16493944937190.wav"
        },
        {
          "text": "庸人幻想禁忌，伟人制造禁忌",
          "link": "//game.gtimg.cn/images/yxzj/zlkdatasys/audios/audio/20220408/16493945106944.wav"
        },
        {
          "text": "快速……衰退……",
          "link": "//game.gtimg.cn/images/yxzj/zlkdatasys/audios/audio/20220408/16493945294297.wav"
        },
        {
          "text": "要么孤独，要么庸俗",
          "link": "//game.gtimg.cn/images/yxzj/zlkdatasys/audios/audio/20220408/16493945495080.wav"
        },
        {
          "text": "陨落在我的意志中！",
          "link": "//game.gtimg.cn/images/yxzj/zlkdatasys/audios/audio/20220408/16493945691629.wav"
        },
        {
          "text": "解体为尘埃吧",
          "link": "//game.gtimg.cn/images/yxzj/zlkdatasys/audios/audio/20220408/16493945872369.wav"
        },
        {
          "text": "你大脑的进化如此不充分，生物考试零分吧！",
          "link": "//game.gtimg.cn/images/yxzj/zlkdatasys/audios/audio/20220408/16493946108647.wav"
        },
        {
          "text": "你好小鹿。",
          "link": "//game.gtimg.cn/images/yxzj/zlkdatasys/audios/audio/20220408/16493946393687.wav"
        }
      ],
      "name": "原皮"
    },
    {
      "voice": [
        {
          "text": "万物皆可辅~",
          "link": "//game.gtimg.cn/images/yxzj/zlkdatasys/audios/audio/20220408/16493947739431.wav"
        },
        {
          "text": "发光吧，成为众星仰望的名字。",
          "link": "//game.gtimg.cn/images/yxzj/zlkdatasys/audios/audio/20220408/16493947866388.wav"
        },
        {
          "text": "用对面的buff开局，才是精髓！",
          "link": "//game.gtimg.cn/images/yxzj/zlkdatasys/audios/audio/20220408/16493948001991.wav"
        },
        {
          "text": "载入星际史的第一条件：要么超纪录连胜，要么终结连胜~",
          "link": "//game.gtimg.cn/images/yxzj/zlkdatasys/audios/audio/20220408/16493948184153.wav"
        },
        {
          "text": "你的对局时长，是本裁判官的最大苦恼。",
          "link": "//game.gtimg.cn/images/yxzj/zlkdatasys/audios/audio/20220408/16493948331319.wav"
        },
        {
          "text": "和平法警告！击败队友乃无效战绩。",
          "link": "//game.gtimg.cn/images/yxzj/zlkdatasys/audios/audio/20220408/16493948477625.wav"
        },
        {
          "text": "冠军魔咒，最可怕的星际玄学。",
          "link": "//game.gtimg.cn/images/yxzj/zlkdatasys/audios/audio/20220408/16493948649020.wav"
        },
        {
          "text": "授予本届超级兵，星球最强称号！",
          "link": "//game.gtimg.cn/images/yxzj/zlkdatasys/audios/audio/20220408/16493991408599.wav"
        },
        {
          "text": "别轻易预测胜利……",
          "link": "//game.gtimg.cn/images/yxzj/zlkdatasys/audios/audio/20220408/16493991705476.wav"
        },
        {
          "text": "暴击，是看脸的！",
          "link": "//game.gtimg.cn/images/yxzj/zlkdatasys/audios/audio/20220408/16493991897702.wav"
        },
        {
          "text": "检索你的灵魂……果然空无一物。",
          "link": "//game.gtimg.cn/images/yxzj/zlkdatasys/audios/audio/20220408/16493992086982.wav"
        },
        {
          "text": "你飞不出我的宇宙。",
          "link": "//game.gtimg.cn/images/yxzj/zlkdatasys/audios/audio/20220408/16493992245910.wav"
        },
        {
          "text": "完美的收官之战！",
          "link": "//game.gtimg.cn/images/yxzj/zlkdatasys/audios/audio/20220408/16493992617294.wav"
        },
        {
          "text": "真是罕见的黑洞，刷新了操作的下限~",
          "link": "//game.gtimg.cn/images/yxzj/zlkdatasys/audios/audio/20220408/16493992806885.wav"
        }
      ],
      "name": "逐梦之光"
    },
    {
      "voice": [
        {
          "text": "永恒荣耀，不灭星辰！",
          "link": "//game.gtimg.cn/images/yxzj/zlkdatasys/audios/audio/20230724/16901805823352.mp3"
        },
        {
          "text": "捧星子兮归其天，饲烈阳兮铸龙魂。",
          "link": "//game.gtimg.cn/images/yxzj/zlkdatasys/audios/audio/20230724/16901806326088.mp3"
        },
        {
          "text": "向阳而生！",
          "link": "//game.gtimg.cn/images/yxzj/zlkdatasys/audios/audio/20230724/16901806589532.mp3"
        },
        {
          "text": "九幽之底，众生蠕行，吾亦曾身列其间。",
          "link": "//game.gtimg.cn/images/yxzj/zlkdatasys/audios/audio/20230724/16901807404632.mp3"
        },
        {
          "text": "阳杲杲其未光兮，凌天地以径度。",
          "link": "//game.gtimg.cn/images/yxzj/zlkdatasys/audios/audio/20230724/16901807808323.mp3"
        },
        {
          "text": "照杳冥兮还故渊。",
          "link": "//game.gtimg.cn/images/yxzj/zlkdatasys/audios/audio/20230724/16901808068999.mp3"
        },
        {
          "text": "吾乃冥冥九幽的第一缕光。",
          "link": "//game.gtimg.cn/images/yxzj/zlkdatasys/audios/audio/20230724/16901808301579.mp3"
        },
        {
          "text": "咏颂吾名者，当沐昭昭之光！",
          "link": "//game.gtimg.cn/images/yxzj/zlkdatasys/audios/audio/20230724/16901808531543.mp3"
        },
        {
          "text": "蔽日浮云不过须臾，焚身之痛只在刹那……唯吾永恒！",
          "link": "//game.gtimg.cn/images/yxzj/zlkdatasys/audios/audio/20230724/16901808788103.mp3"
        },
        {
          "text": "冥昭混沌，吾能极之！",
          "link": "//game.gtimg.cn/images/yxzj/zlkdatasys/audios/audio/20230724/16901809041795.mp3"
        },
        {
          "text": "惟庸庸虫豸，恒俯首不起。",
          "link": "//game.gtimg.cn/images/yxzj/zlkdatasys/audios/audio/20230724/16901809339899.mp3"
        },
        {
          "text": "纵落深渊，吾身弥坚。",
          "link": "//game.gtimg.cn/images/yxzj/zlkdatasys/audios/audio/20230724/16901809561898.mp3"
        },
        {
          "text": "日升中天而睨……",
          "link": "//game.gtimg.cn/images/yxzj/zlkdatasys/audios/audio/20230724/16901810178956.mp3"
        },
        {
          "text": "天道自然……",
          "link": "//game.gtimg.cn/images/yxzj/zlkdatasys/audios/audio/20230724/16901810444388.mp3"
        },
        {
          "text": "九幽夜落！",
          "link": "//game.gtimg.cn/images/yxzj/zlkdatasys/audios/audio/20230724/16901810847006.mp3"
        },
        {
          "text": "仰望吾！",
          "link": "//game.gtimg.cn/images/yxzj/zlkdatasys/audios/audio/20230724/16901811261571.mp3"
        },
        {
          "text": "腐草生荧光，韧力可嘉。",
          "link": "//game.gtimg.cn/images/yxzj/zlkdatasys/audios/audio/20230724/16901811746704.mp3"
        },
        {
          "text": "陨灭！",
          "link": "//game.gtimg.cn/images/yxzj/zlkdatasys/audios/audio/20230724/16901812116857.mp3"
        },
        {
          "text": "临天渊！",
          "link": "//game.gtimg.cn/images/yxzj/zlkdatasys/audios/audio/20230724/16901812399596.mp3"
        },
        {
          "text": "光耀众生！",
          "link": "//game.gtimg.cn/images/yxzj/zlkdatasys/audios/audio/20230724/16901812639179.mp3"
        },
        {
          "text": "寰宇入怀！",
          "link": "//game.gtimg.cn/images/yxzj/zlkdatasys/audios/audio/20230724/16901812889093.mp3"
        },
        {
          "text": "孤日独明！",
          "link": "//game.gtimg.cn/images/yxzj/zlkdatasys/audios/audio/20230724/16901813081821.mp3"
        },
        {
          "text": "天高覆万物！",
          "link": "//game.gtimg.cn/images/yxzj/zlkdatasys/audios/audio/20230724/16901814023170.mp3"
        },
        {
          "text": "太阳终会升起，吾从来言而有信。",
          "link": "//game.gtimg.cn/images/yxzj/zlkdatasys/audios/audio/20230724/16901817641787.mp3"
        },
        {
          "text": "彼此彼此。",
          "link": "//game.gtimg.cn/images/yxzj/zlkdatasys/audios/audio/20230724/16901818582959.mp3"
        },
        {
          "text": "众星高悬天外。",
          "link": "//game.gtimg.cn/images/yxzj/zlkdatasys/audios/audio/20230724/16901818947344.mp3"
        }
      ],
      "name": "灼幽烈阳"
    }
  ]
}