{
  "data": [
    {
      "voice": [
        {
          "text": "海风和浪花协奏着小人鱼动听的一天~",
          "link": "//game.gtimg.cn/images/yxzj/zlkdatasys/audios/audio/20231030/16986604737909.mp3"
        },
        {
          "text": "要藏好我的鱼尾巴，别被人类发现啦！",
          "link": "//game.gtimg.cn/images/yxzj/zlkdatasys/audios/audio/20231030/16986605021802.mp3"
        },
        {
          "text": "我会唱的人鱼祝歌可多啦，总有一首能帮上你的忙！",
          "link": "//game.gtimg.cn/images/yxzj/zlkdatasys/audios/audio/20231030/16986605224475.mp3"
        },
        {
          "text": "搞不懂为什么每次上岸都要被猫追啊？",
          "link": "//game.gtimg.cn/images/yxzj/zlkdatasys/audios/audio/20231030/16986514074799.mp3"
        },
        {
          "text": "我的伙伴可多啦，海鸥、海参、海星、海豚、海诺……",
          "link": "//game.gtimg.cn/images/yxzj/zlkdatasys/audios/audio/20231030/16986514337002.mp3"
        },
        {
          "text": "你听，大海与夕阳之间藏着许多金色的旋律~",
          "link": "//game.gtimg.cn/images/yxzj/zlkdatasys/audios/audio/20231030/16986514601453.mp3"
        },
        {
          "text": "好奇妙！人类世界的水竟然会从天上掉下来！",
          "link": "//game.gtimg.cn/images/yxzj/zlkdatasys/audios/audio/20231030/16986514896145.mp3"
        },
        {
          "text": "外祖母说，最完美的天籁，用热忱和爱才能唱出来",
          "link": "//game.gtimg.cn/images/yxzj/zlkdatasys/audios/audio/20231030/16986515213373.mp3"
        },
        {
          "text": "送你“珍珠”，我的手也会闪闪发亮",
          "link": "//game.gtimg.cn/images/yxzj/zlkdatasys/audios/audio/20231030/16986515544160.mp3"
        },
        {
          "text": "别害怕，黑夜只是白天的前奏",
          "link": "//game.gtimg.cn/images/yxzj/zlkdatasys/audios/audio/20231030/16986515785163.mp3"
        },
        {
          "text": "哪儿有新奇宝贝？我要用它给人鱼族带去一点小小的海都震撼！",
          "link": "//game.gtimg.cn/images/yxzj/zlkdatasys/audios/audio/20231030/16986516049902.mp3"
        },
        {
          "text": "传说中，不该这样被搁浅吧……",
          "link": "//game.gtimg.cn/images/yxzj/zlkdatasys/audios/audio/20231030/16986517676869.mp3"
        },
        {
          "text": "童话书的结尾，好像不是这么写的……",
          "link": "//game.gtimg.cn/images/yxzj/zlkdatasys/audios/audio/20231030/16986517935810.mp3"
        },
        {
          "text": "我可不会变成海上的泡沫，我是可以“再来一次”的人鱼朵朵！",
          "link": "//game.gtimg.cn/images/yxzj/zlkdatasys/audios/audio/20231030/16986518292794.mp3"
        },
        {
          "text": "别担心，我只是做了个关于大海的梦",
          "link": "//game.gtimg.cn/images/yxzj/zlkdatasys/audios/audio/20231030/16986518547009.mp3"
        },
        {
          "text": "准备迎接人鱼的变身吧！",
          "link": "//game.gtimg.cn/images/yxzj/zlkdatasys/audios/audio/20231030/16986519398636.mp3"
        },
        {
          "text": "呼~~~还是躲在水里最自在~~~",
          "link": "//game.gtimg.cn/images/yxzj/zlkdatasys/audios/audio/20231030/16986519807480.mp3"
        },
        {
          "text": "再见了大海，我会早日回家的！",
          "link": "//game.gtimg.cn/images/yxzj/zlkdatasys/audios/audio/20231030/16986520063454.mp3"
        },
        {
          "text": "哇~上岸成功！",
          "link": "//game.gtimg.cn/images/yxzj/zlkdatasys/audios/audio/20231030/16986520357401.mp3"
        },
        {
          "text": "给我一首歌的时间",
          "link": "//game.gtimg.cn/images/yxzj/zlkdatasys/audios/audio/20231030/16986520654279.mp3"
        },
        {
          "text": "为你歌唱！",
          "link": "//game.gtimg.cn/images/yxzj/zlkdatasys/audios/audio/20231030/16986520964848.mp3"
        },
        {
          "text": "时间赏赐的奇迹",
          "link": "//game.gtimg.cn/images/yxzj/zlkdatasys/audios/audio/20231030/16986521187713.mp3"
        },
        {
          "text": "一起合唱火鹰之歌吧！",
          "link": "//game.gtimg.cn/images/yxzj/zlkdatasys/audios/audio/20231030/16986521505047.mp3"
        },
        {
          "text": "送你一朵蓝色波纹",
          "link": "//game.gtimg.cn/images/yxzj/zlkdatasys/audios/audio/20231030/16986571376783.mp3"
        },
        {
          "text": "涟漪荡漾，歌声闪亮",
          "link": "//game.gtimg.cn/images/yxzj/zlkdatasys/audios/audio/20231030/16986523716998.mp3"
        },
        {
          "text": "水，也是我的领域！",
          "link": "//game.gtimg.cn/images/yxzj/zlkdatasys/audios/audio/20231030/16986524355962.mp3"
        },
        {
          "text": "跳跃旋转，碧波闪闪",
          "link": "//game.gtimg.cn/images/yxzj/zlkdatasys/audios/audio/20231030/16986527029373.mp3"
        },
        {
          "text": "再来一次！",
          "link": "//game.gtimg.cn/images/yxzj/zlkdatasys/audios/audio/20231030/16986528543666.mp3"
        },
        {
          "text": "无畏战斗吧！",
          "link": "//game.gtimg.cn/images/yxzj/zlkdatasys/audios/audio/20231030/16986532581689.mp3"
        },
        {
          "text": "再接再厉！",
          "link": "//game.gtimg.cn/images/yxzj/zlkdatasys/audios/audio/20231030/16986532952862.mp3"
        },
        {
          "text": "加油呀！朵朵！",
          "link": "//game.gtimg.cn/images/yxzj/zlkdatasys/audios/audio/20231030/16986537619625.mp3"
        },
        {
          "text": "在歌声里，做一朵凋谢的小浪花吧！",
          "link": "//game.gtimg.cn/images/yxzj/zlkdatasys/audios/audio/20231030/16986538854564.mp3"
        },
        {
          "text": "请休息吧，在潮汐的怀抱里小憩一下",
          "link": "//game.gtimg.cn/images/yxzj/zlkdatasys/audios/audio/20231030/16986539138300.mp3"
        },
        {
          "text": "想听天籁之歌么？可惜外祖母说你的耳朵没有这个福分",
          "link": "//game.gtimg.cn/images/yxzj/zlkdatasys/audios/audio/20231030/16986539446027.mp3"
        },
        {
          "text": "想唱就唱咯~~~",
          "link": "//game.gtimg.cn/images/yxzj/zlkdatasys/audios/audio/20231030/16986539743329.mp3"
        },
        {
          "text": "浪花是海的笑声，星星是天空的梦，这首是人鱼的歌",
          "link": "//game.gtimg.cn/images/yxzj/zlkdatasys/audios/audio/20231030/16986543644602.mp3"
        },
        {
          "text": "带着歌声，我们一起去往星辰大海吧！",
          "link": "//game.gtimg.cn/images/yxzj/zlkdatasys/audios/audio/20231030/16986544123863.mp3"
        },
        {
          "text": "陌生人，我好像在哪儿见过你？",
          "link": "//game.gtimg.cn/images/yxzj/zlkdatasys/audios/audio/20231030/16986544573423.mp3"
        },
        {
          "text": "咦，这张冰块儿脸，总有些面熟呢？",
          "link": "//game.gtimg.cn/images/yxzj/zlkdatasys/audios/audio/20231030/16986544949154.mp3"
        },
        {
          "text": "唔，虽然你看上去冷冷的，但大概率应该不是个坏人",
          "link": "//game.gtimg.cn/images/yxzj/zlkdatasys/audios/audio/20231030/16986545214194.mp3"
        },
        {
          "text": "呼~冰块儿脸，怎么又是跟你一块儿行动",
          "link": "//game.gtimg.cn/images/yxzj/zlkdatasys/audios/audio/20231030/16986545525012.mp3"
        },
        {
          "text": "你小时候都一个人长大，没有伙伴儿么，我都有两条小鱼呢",
          "link": "//game.gtimg.cn/images/yxzj/zlkdatasys/audios/audio/20231030/16986545751986.mp3"
        },
        {
          "text": "虽然没能找回记忆，但我在海都交了好多朋友，也包括你！",
          "link": "//game.gtimg.cn/images/yxzj/zlkdatasys/audios/audio/20231030/16986546139189.mp3"
        },
        {
          "text": "这条古怪的海螺手链，是小蓝从海底叼来的，好看吗？",
          "link": "//game.gtimg.cn/images/yxzj/zlkdatasys/audios/audio/20231030/16986546498959.mp3"
        },
        {
          "text": "对不起，小鱼太热情了，它们平常也不这么样，没打扰到你吧",
          "link": "//game.gtimg.cn/images/yxzj/zlkdatasys/audios/audio/20231030/16986546815112.mp3"
        },
        {
          "text": "海螺，海诺，唔，这个小海螺你要收好咯，能听到我隐藏版的歌声唷",
          "link": "//game.gtimg.cn/images/yxzj/zlkdatasys/audios/audio/20231030/16986547199232.mp3"
        },
        {
          "text": "印象中，似乎有谁答应过，要带我一起去看烟火大会呢？",
          "link": "//game.gtimg.cn/images/yxzj/zlkdatasys/audios/audio/20231030/16986547504690.mp3"
        },
        {
          "text": "虽然你脸上没什么表情，但命运之线编织的东西，可暴露了你的想法。",
          "link": "//game.gtimg.cn/images/yxzj/zlkdatasys/audios/audio/20231030/16986548042140.mp3"
        },
        {
          "text": "哇，那个家族以月亮为标志，似乎比命运家族的好看呢。",
          "link": "//game.gtimg.cn/images/yxzj/zlkdatasys/audios/audio/20231030/16986548677548.mp3"
        },
        {
          "text": "船长先生，我能用这些闪闪的贝壳换一张船票么？",
          "link": "//game.gtimg.cn/images/yxzj/zlkdatasys/audios/audio/20231030/16986549073284.mp3"
        },
        {
          "text": "你的航海日志里有没有记录人鱼族可是很厉害的唷！",
          "link": "//game.gtimg.cn/images/yxzj/zlkdatasys/audios/audio/20231030/16986549381073.mp3"
        },
        {
          "text": "才不会告诉你，我在火鹰号的木桶里偷偷藏了什么",
          "link": "//game.gtimg.cn/images/yxzj/zlkdatasys/audios/audio/20231030/16986549671788.mp3"
        },
        {
          "text": "小满，果酱分我一点嘛，人类的食物可太好吃了！",
          "link": "//game.gtimg.cn/images/yxzj/zlkdatasys/audios/audio/20231030/16986549963617.mp3"
        },
        {
          "text": "先拉钩，如果是人类的下雨天，我们就不要出去逛街！",
          "link": "//game.gtimg.cn/images/yxzj/zlkdatasys/audios/audio/20231030/16986550341676.mp3"
        },
        {
          "text": "你，你在看哪里？",
          "link": "//game.gtimg.cn/images/yxzj/zlkdatasys/audios/audio/20231030/16986550731117.mp3"
        },
        {
          "text": "作为海都酒馆的常客，不如你叫上大伙儿带我一起去开开眼界",
          "link": "//game.gtimg.cn/images/yxzj/zlkdatasys/audios/audio/20231030/16986551328193.mp3"
        },
        {
          "text": "你们海都的路实在太多啦，根本不知道该走哪条……",
          "link": "//game.gtimg.cn/images/yxzj/zlkdatasys/audios/audio/20231030/16986551577136.mp3"
        },
        {
          "text": "先说好，我可不是有意偷吃船上东西的。",
          "link": "//game.gtimg.cn/images/yxzj/zlkdatasys/audios/audio/20231030/16986551816798.mp3"
        },
        {
          "text": "哇！世上真有沙粒聚成的海么？好想去那里游泳！",
          "link": "//game.gtimg.cn/images/yxzj/zlkdatasys/audios/audio/20231030/16986552167574.mp3"
        },
        {
          "text": "咦？难道，你也来自海底？",
          "link": "//game.gtimg.cn/images/yxzj/zlkdatasys/audios/audio/20231030/16986552505537.mp3"
        },
        {
          "text": "你就是传说中喵喵叫的四脚小怪兽么？",
          "link": "//game.gtimg.cn/images/yxzj/zlkdatasys/audios/audio/20231030/16986552757693.mp3"
        },
        {
          "text": "咦？你也一样有尾巴呀？但我的好看多啦！",
          "link": "//game.gtimg.cn/images/yxzj/zlkdatasys/audios/audio/20231030/16986553192496.mp3"
        },
        {
          "text": "什么声音？嘘，暂时留在词语或宁静里吧！",
          "link": "//game.gtimg.cn/images/yxzj/zlkdatasys/audios/audio/20231030/16986553657553.mp3"
        },
        {
          "text": "还来不及看一眼最后的海滩呢",
          "link": "//game.gtimg.cn/images/yxzj/zlkdatasys/audios/audio/20231030/16986554228997.mp3"
        },
        {
          "text": "要下雨啦，我得快回去，一不留神尾巴可就要露馅儿啦！",
          "link": "//game.gtimg.cn/images/yxzj/zlkdatasys/audios/audio/20231030/16986554489117.mp3"
        },
        {
          "text": "嘘，说不定我能听懂这些小家伙在说些什么",
          "link": "//game.gtimg.cn/images/yxzj/zlkdatasys/audios/audio/20231030/16986554882778.mp3"
        },
        {
          "text": "这条小河会通向大海么？那是回家的路！",
          "link": "//game.gtimg.cn/images/yxzj/zlkdatasys/audios/audio/20231030/16986555111143.mp3"
        },
        {
          "text": "哇，这算是人类的魔法吗！",
          "link": "//game.gtimg.cn/images/yxzj/zlkdatasys/audios/audio/20231030/16986555319135.mp3"
        },
        {
          "text": "投身入海洋的睡梦，再苏醒过来",
          "link": "//game.gtimg.cn/images/yxzj/zlkdatasys/audios/audio/20231030/16986555572906.mp3"
        },
        {
          "text": "非得穿鞋不可吗？我们人鱼族可没有这样的规定。",
          "link": "//game.gtimg.cn/images/yxzj/zlkdatasys/audios/audio/20231030/16986555779622.mp3"
        }
      ],
      "name": "原皮"
    },
    {
      "voice": [
        {
          "text": "在阅览室的转角，留下过许多悄悄话~！",
          "link": "//game.gtimg.cn/images/yxzj/zlkdatasys/audios/audio/20240527/17167938277575.mp3"
        },
        {
          "text": "哪位好心人，把每页书角都捋得整整齐齐呀~",
          "link": "//game.gtimg.cn/images/yxzj/zlkdatasys/audios/audio/20240527/17167938465534.mp3"
        },
        {
          "text": "“那天，小人鱼掉进了书本堆积的海洋……”",
          "link": "//game.gtimg.cn/images/yxzj/zlkdatasys/audios/audio/20240527/17167938669680.mp3"
        },
        {
          "text": "写不出口的话，就全部折进纸鹤里吧~",
          "link": "//game.gtimg.cn/images/yxzj/zlkdatasys/audios/audio/20240527/17167938859044.mp3"
        },
        {
          "text": "有很多夏天，都关于阳光、回忆和焰火~！",
          "link": "//game.gtimg.cn/images/yxzj/zlkdatasys/audios/audio/20240527/17167939033322.mp3"
        },
        {
          "text": "开馆钟声即将敲响，开始倒数奔跑的信号~",
          "link": "//game.gtimg.cn/images/yxzj/zlkdatasys/audios/audio/20240527/17167939218488.mp3"
        },
        {
          "text": "图书馆的清晨，安静的像被施加了魔法~",
          "link": "//game.gtimg.cn/images/yxzj/zlkdatasys/audios/audio/20240527/17167939411775.mp3"
        },
        {
          "text": "有趣的故事从有趣的笔名开始~小人鱼，就是我啦",
          "link": "//game.gtimg.cn/images/yxzj/zlkdatasys/audios/audio/20240527/17167939656063.mp3"
        },
        {
          "text": "借阅时间到啦~",
          "link": "//game.gtimg.cn/images/yxzj/zlkdatasys/audios/audio/20240527/17167938097048.mp3"
        },
        {
          "text": "忘记留下真正的名字……",
          "link": "//game.gtimg.cn/images/yxzj/zlkdatasys/audios/audio/20240527/17167937337995.mp3"
        },
        {
          "text": "小人鱼的私人书单，不轻易和谁分享~",
          "link": "//game.gtimg.cn/images/yxzj/zlkdatasys/audios/audio/20240527/17167947678003.mp3"
        },
        {
          "text": "扉页的签名~两个作者都不能落下~",
          "link": "//game.gtimg.cn/images/yxzj/zlkdatasys/audios/audio/20240527/17167947912851.mp3"
        },
        {
          "text": "折只小船做书签吧~",
          "link": "//game.gtimg.cn/images/yxzj/zlkdatasys/audios/audio/20240527/17167940026487.mp3"
        },
        {
          "text": "瞧瞧我新写的日常~",
          "link": "//game.gtimg.cn/images/yxzj/zlkdatasys/audios/audio/20240527/17167940313850.mp3"
        },
        {
          "text": "漫游字里行间~",
          "link": "//game.gtimg.cn/images/yxzj/zlkdatasys/audios/audio/20240527/17167940617606.mp3"
        },
        {
          "text": "留声书海回响~",
          "link": "//game.gtimg.cn/images/yxzj/zlkdatasys/audios/audio/20240527/17167940856589.mp3"
        },
        {
          "text": "有个灵感~一闪而过",
          "link": "//game.gtimg.cn/images/yxzj/zlkdatasys/audios/audio/20240527/17167941215512.mp3"
        },
        {
          "text": "独家记忆~独家珍藏",
          "link": "//game.gtimg.cn/images/yxzj/zlkdatasys/audios/audio/20240527/17167941395390.mp3"
        },
        {
          "text": "穿梭书中世界~",
          "link": "//game.gtimg.cn/images/yxzj/zlkdatasys/audios/audio/20240527/17167941879309.mp3"
        },
        {
          "text": "追寻心跳索引~",
          "link": "//game.gtimg.cn/images/yxzj/zlkdatasys/audios/audio/20240527/17167944641181.mp3"
        },
        {
          "text": "余光寻踪！",
          "link": "//game.gtimg.cn/images/yxzj/zlkdatasys/audios/audio/20240527/17167945147307.mp3"
        },
        {
          "text": "笔尖遐想！",
          "link": "//game.gtimg.cn/images/yxzj/zlkdatasys/audios/audio/20240527/17167945694206.mp3"
        },
        {
          "text": "换个风格！",
          "link": "//game.gtimg.cn/images/yxzj/zlkdatasys/audios/audio/20240527/17167945942281.mp3"
        },
        {
          "text": "下一页，交给你啦~",
          "link": "//game.gtimg.cn/images/yxzj/zlkdatasys/audios/audio/20240527/17167946158196.mp3"
        },
        {
          "text": "嗒哒~主角亮相！",
          "link": "//game.gtimg.cn/images/yxzj/zlkdatasys/audios/audio/20240527/17167946444518.mp3"
        },
        {
          "text": "这次~故事从大海开场！",
          "link": "//game.gtimg.cn/images/yxzj/zlkdatasys/audios/audio/20240527/17167946745888.mp3"
        },
        {
          "text": "昨晚的梦，写在新一章啦",
          "link": "//game.gtimg.cn/images/yxzj/zlkdatasys/audios/audio/20240527/17167946944554.mp3"
        },
        {
          "text": "有个惊喜，藏进折页里啦",
          "link": "//game.gtimg.cn/images/yxzj/zlkdatasys/audios/audio/20240527/17167947106215.mp3"
        },
        {
          "text": "送你一个，我自己写的故事吧~",
          "link": "//game.gtimg.cn/images/yxzj/zlkdatasys/audios/audio/20240527/17167947277661.mp3"
        },
        {
          "text": "“我的故事”~可不会在此落幕~",
          "link": "//game.gtimg.cn/images/yxzj/zlkdatasys/audios/audio/20240527/17167937681476.mp3"
        },
        {
          "text": "等到最后一页，你会怎么收尾故事的结局？",
          "link": "//game.gtimg.cn/images/yxzj/zlkdatasys/audios/audio/20240527/17167948293920.mp3"
        },
        {
          "text": "听说~图书馆收录了系列新书？",
          "link": "//game.gtimg.cn/images/yxzj/zlkdatasys/audios/audio/20240527/17167950808578.mp3"
        },
        {
          "text": "我有一个很厉害的笔友！会用笔尖勾画最绚烂的烟花~",
          "link": "//game.gtimg.cn/images/yxzj/zlkdatasys/audios/audio/20240527/17167970253725.mp3"
        },
        {
          "text": "《我的故事》~读者是我，作者也是我~",
          "link": "//game.gtimg.cn/images/yxzj/zlkdatasys/audios/audio/20240527/17167970554980.mp3"
        },
        {
          "text": "小船驶向天空……去看一场——夏日的焰火~！",
          "link": "//game.gtimg.cn/images/yxzj/zlkdatasys/audios/audio/20240527/17167976686399.mp3"
        },
        {
          "text": "纸笔交给另一位主角~",
          "link": "//game.gtimg.cn/images/yxzj/zlkdatasys/audios/audio/20240527/17167983246875.mp3"
        }
      ],
      "name": "心动手记"
    }
  ]
}
