{
  "data": [
    {
      "voice": [
        {
          "text": "我可不想做什么英雄，太麻烦了",
          "link": "//game.gtimg.cn/images/yxzj/zlkdatasys/audios/audio/20220415/16500160718152.mp3"
        },
        {
          "text": "人们也许存有偏见，但命运没有",
          "link": "//game.gtimg.cn/images/yxzj/zlkdatasys/audios/audio/20220415/16500160866121.mp3"
        },
        {
          "text": "能接住我的刀，就考虑送给你",
          "link": "//game.gtimg.cn/images/yxzj/zlkdatasys/audios/audio/20220415/16500161037255.mp3"
        },
        {
          "text": "我才懒得成为谁认可的样子，哪有自由自在来得逍遥快活",
          "link": "//game.gtimg.cn/images/yxzj/zlkdatasys/audios/audio/20220411/16496620938001.mp3"
        },
        {
          "text": "钟爱美玉美景什么的，只是出于本王子对美的欣赏",
          "link": "//game.gtimg.cn/images/yxzj/zlkdatasys/audios/audio/20220411/16496621073382.mp3"
        },
        {
          "text": "财富不是万能的，否则我就不会有烦恼了",
          "link": "//game.gtimg.cn/images/yxzj/zlkdatasys/audios/audio/20220411/16496621214062.mp3"
        },
        {
          "text": "王座可没想象中那么舒服，还是让晟那小子来吧",
          "link": "//game.gtimg.cn/images/yxzj/zlkdatasys/audios/audio/20220411/16496621456618.mp3"
        },
        {
          "text": "自得其乐，孰是孰非",
          "link": "//game.gtimg.cn/images/yxzj/zlkdatasys/audios/audio/20220411/16496621601108.mp3"
        },
        {
          "text": "总有些东西，能让自由不会堕落为放任",
          "link": "//game.gtimg.cn/images/yxzj/zlkdatasys/audios/audio/20220411/16496621735885.mp3"
        },
        {
          "text": "玉城大王子到底是个什么样的人…比起玉城的命运，并不重要",
          "link": "//game.gtimg.cn/images/yxzj/zlkdatasys/audios/audio/20220411/16496621891391.mp3"
        },
        {
          "text": "我收集满宫殿的玉雕，只是为了留住美好",
          "link": "//game.gtimg.cn/images/yxzj/zlkdatasys/audios/audio/20220411/16496622098985.mp3"
        },
        {
          "text": "晟，玉城就交给你了……",
          "link": "//game.gtimg.cn/images/yxzj/zlkdatasys/audios/audio/20220411/16496622203446.mp3"
        },
        {
          "text": "所爱的一切，是桎梏，也是羽翼……",
          "link": "//game.gtimg.cn/images/yxzj/zlkdatasys/audios/audio/20220411/16496622532696.mp3"
        },
        {
          "text": "呵，欲盖弥彰",
          "link": "//game.gtimg.cn/images/yxzj/zlkdatasys/audios/audio/20220411/16496622763083.mp3"
        },
        {
          "text": "本王子眼皮底下，你认为能藏得住什么？",
          "link": "//game.gtimg.cn/images/yxzj/zlkdatasys/audios/audio/20220411/16496622881946.mp3"
        },
        {
          "text": "我的敌人们，还在东躲西藏吗？",
          "link": "//game.gtimg.cn/images/yxzj/zlkdatasys/audios/audio/20220411/16496623028695.mp3"
        },
        {
          "text": "回玉之刃",
          "link": "//game.gtimg.cn/images/yxzj/zlkdatasys/audios/audio/20220411/16496623225619.mp3"
        },
        {
          "text": "路转锋回",
          "link": "//game.gtimg.cn/images/yxzj/zlkdatasys/audios/audio/20220411/16496623412534.mp3"
        },
        {
          "text": "这刀——可是很贵的",
          "link": "//game.gtimg.cn/images/yxzj/zlkdatasys/audios/audio/20220411/16496623857414.mp3"
        },
        {
          "text": "来去！",
          "link": "//game.gtimg.cn/images/yxzj/zlkdatasys/audios/audio/20220411/16496636222676.mp3"
        },
        {
          "text": "如风！",
          "link": "//game.gtimg.cn/images/yxzj/zlkdatasys/audios/audio/20220411/16496637148830.mp3"
        },
        {
          "text": "去又如风！",
          "link": "//game.gtimg.cn/images/yxzj/zlkdatasys/audios/audio/20220411/16496637373437.mp3"
        },
        {
          "text": "来亦如风！",
          "link": "//game.gtimg.cn/images/yxzj/zlkdatasys/audios/audio/20220411/16496638256072.mp3"
        },
        {
          "text": "只知其一！",
          "link": "//game.gtimg.cn/images/yxzj/zlkdatasys/audios/audio/20220411/16496638456400.mp3"
        },
        {
          "text": "不知其二！",
          "link": "//game.gtimg.cn/images/yxzj/zlkdatasys/audios/audio/20220411/16496638665834.mp3"
        },
        {
          "text": "一来！",
          "link": "//game.gtimg.cn/images/yxzj/zlkdatasys/audios/audio/20220411/16496638946182.mp3"
        },
        {
          "text": "二去！",
          "link": "//game.gtimg.cn/images/yxzj/zlkdatasys/audios/audio/20220411/16496639151539.mp3"
        },
        {
          "text": "飞~",
          "link": "//game.gtimg.cn/images/yxzj/zlkdatasys/audios/audio/20220411/16496639865691.mp3"
        },
        {
          "text": "一飞冲天~",
          "link": "//game.gtimg.cn/images/yxzj/zlkdatasys/audios/audio/20220411/16496640047471.mp3"
        },
        {
          "text": "风景，这边独好",
          "link": "//game.gtimg.cn/images/yxzj/zlkdatasys/audios/audio/20220411/16496640945365.mp3"
        },
        {
          "text": "玉城的夜色里，我偶尔也会这样游荡",
          "link": "//game.gtimg.cn/images/yxzj/zlkdatasys/audios/audio/20220411/16496641084103.mp3"
        },
        {
          "text": "“风一样的男子”是玉城姑娘们对我的形容",
          "link": "//game.gtimg.cn/images/yxzj/zlkdatasys/audios/audio/20220411/16496641244713.mp3"
        },
        {
          "text": "试试追得上我吗？",
          "link": "//game.gtimg.cn/images/yxzj/zlkdatasys/audios/audio/20220411/16496642583456.mp3"
        },
        {
          "text": "“陌上佳公子，翩翩踏玉行”",
          "link": "//game.gtimg.cn/images/yxzj/zlkdatasys/audios/audio/20220411/16496642873325.mp3"
        },
        {
          "text": "这大概就叫做——玉树临风？",
          "link": "//game.gtimg.cn/images/yxzj/zlkdatasys/audios/audio/20220411/16496643045397.mp3"
        },
        {
          "text": "听风赏月这事儿不赖，毕竟“玉城风月总关情”",
          "link": "//game.gtimg.cn/images/yxzj/zlkdatasys/audios/audio/20220411/16496643326025.mp3"
        },
        {
          "text": "踏玉！",
          "link": "//game.gtimg.cn/images/yxzj/zlkdatasys/audios/audio/20220411/16496643608206.mp3"
        },
        {
          "text": "飞檐！",
          "link": "//game.gtimg.cn/images/yxzj/zlkdatasys/audios/audio/20220411/16496643761117.mp3"
        },
        {
          "text": "玉盘珍羞直万钱，得悠着点儿留足劲儿赴宴才行",
          "link": "//game.gtimg.cn/images/yxzj/zlkdatasys/audios/audio/20220411/16496644678138.mp3"
        },
        {
          "text": "凝琼！",
          "link": "//game.gtimg.cn/images/yxzj/zlkdatasys/audios/audio/20220411/16496644884629.mp3"
        },
        {
          "text": "碎玉！",
          "link": "//game.gtimg.cn/images/yxzj/zlkdatasys/audios/audio/20220411/16496645023364.mp3"
        },
        {
          "text": "猜猜 你中了几刀",
          "link": "//game.gtimg.cn/images/yxzj/zlkdatasys/audios/audio/20220420/16504440401097.mp3"
        },
        {
          "text": "美玉 赠英雄",
          "link": "//game.gtimg.cn/images/yxzj/zlkdatasys/audios/audio/20220420/16504440931360.mp3"
        },
        {
          "text": "为你准备了 这场玉烟火",
          "link": "//game.gtimg.cn/images/yxzj/zlkdatasys/audios/audio/20220420/16504441601614.mp3"
        },
        {
          "text": "你们已经无了",
          "link": "//game.gtimg.cn/images/yxzj/zlkdatasys/audios/audio/20220420/16504442251075.mp3"
        },
        {
          "text": "碎了几块玉而已，不必大惊小怪",
          "link": "//game.gtimg.cn/images/yxzj/zlkdatasys/audios/audio/20220411/16496661394963.mp3"
        },
        {
          "text": "说了不要动手嘛，明明可以坐下来好好儿谈谈",
          "link": "//game.gtimg.cn/images/yxzj/zlkdatasys/audios/audio/20220411/16496661577626.mp3"
        },
        {
          "text": "倒在本王子的玉刃下，至少比较华丽",
          "link": "//game.gtimg.cn/images/yxzj/zlkdatasys/audios/audio/20220411/16496661867875.mp3"
        },
        {
          "text": "一起去看玉烟火！",
          "link": "//game.gtimg.cn/images/yxzj/zlkdatasys/audios/audio/20220411/16496661998186.mp3"
        },
        {
          "text": "看玉烟火，当然是人越多越热闹。",
          "link": "//game.gtimg.cn/images/yxzj/zlkdatasys/audios/audio/20220411/16496662119441.mp3"
        },
        {
          "text": "财富并非我唯一的优点，你要慢慢儿了解我",
          "link": "//game.gtimg.cn/images/yxzj/zlkdatasys/audios/audio/20220411/16496662455820.mp3"
        },
        {
          "text": "能配得上见识我这把玉刃的人，非你莫属",
          "link": "//game.gtimg.cn/images/yxzj/zlkdatasys/audios/audio/20220411/16496662575718.mp3"
        },
        {
          "text": "我可不是什么英雄，我也不信什么宿命",
          "link": "//game.gtimg.cn/images/yxzj/zlkdatasys/audios/audio/20220411/16496662864243.mp3"
        },
        {
          "text": "李兄那句“人生得意须尽欢”深得我心，妙啊，妙啊",
          "link": "//game.gtimg.cn/images/yxzj/zlkdatasys/audios/audio/20220415/16500162947459.mp3"
        },
        {
          "text": "盼李兄常来玉城，本王子做东，玉液琼浆，珍馐佳肴保准管够",
          "link": "//game.gtimg.cn/images/yxzj/zlkdatasys/audios/audio/20220411/16496663652988.mp3"
        },
        {
          "text": "我的佳酿呢？",
          "link": "//game.gtimg.cn/images/yxzj/zlkdatasys/audios/audio/20220415/16500163193565.mp3"
        },
        {
          "text": "今年你们几个生辰，我派玉匠准备了新的玉雕，等着大开眼界吧",
          "link": "//game.gtimg.cn/images/yxzj/zlkdatasys/audios/audio/20220415/16500162599090.mp3"
        },
        {
          "text": "又是书？你每年给我们几个的礼物就不能换个花样？",
          "link": "//game.gtimg.cn/images/yxzj/zlkdatasys/audios/audio/20220411/16496664208238.mp3"
        },
        {
          "text": "李白诗集？这玩意，哪有美玉好啊",
          "link": "//game.gtimg.cn/images/yxzj/zlkdatasys/audios/audio/20220411/16496664369338.mp3"
        },
        {
          "text": "有些事，或许是命运设下的试炼",
          "link": "//game.gtimg.cn/images/yxzj/zlkdatasys/audios/audio/20220411/16496664562425.mp3"
        },
        {
          "text": "别藏了，我的一双慧眼早就看到你了",
          "link": "//game.gtimg.cn/images/yxzj/zlkdatasys/audios/audio/20220415/16500162773891.mp3"
        },
        {
          "text": "千窟求学那会儿，逃课的可不只我一个",
          "link": "//game.gtimg.cn/images/yxzj/zlkdatasys/audios/audio/20220411/16496664916332.mp3"
        },
        {
          "text": "哟，我的同伴。",
          "link": "//game.gtimg.cn/images/yxzj/zlkdatasys/audios/audio/20220411/16496665066860.mp3"
        },
        {
          "text": "晟，玉城的未来可要靠你了，你答应过父王的，可别想反悔",
          "link": "//game.gtimg.cn/images/yxzj/zlkdatasys/audios/audio/20220411/16496665287212.mp3"
        },
        {
          "text": "晟，你才是玉城的英雄，我？我在一边加油就好了",
          "link": "//game.gtimg.cn/images/yxzj/zlkdatasys/audios/audio/20220411/16496665414290.mp3"
        },
        {
          "text": "大师，我慧根不知落哪儿了，劳烦帮我指点指点迷津？",
          "link": "//game.gtimg.cn/images/yxzj/zlkdatasys/audios/audio/20220411/16496665647849.mp3"
        },
        {
          "text": "我拥有的，也不比旁人更多，多个王子头衔而已",
          "link": "//game.gtimg.cn/images/yxzj/zlkdatasys/audios/audio/20220411/16496666079353.mp3"
        },
        {
          "text": "美好的事物总令人沉醉，譬如美玉，美景，美食和美……嘿嘿~~~",
          "link": "//game.gtimg.cn/images/yxzj/zlkdatasys/audios/audio/20220411/16496666226645.mp3"
        },
        {
          "text": "在玉城，最不缺的就是玉——人人都爱它的璀璨，迷人",
          "link": "//game.gtimg.cn/images/yxzj/zlkdatasys/audios/audio/20220411/16496666401226.mp3"
        },
        {
          "text": "美玉美景，啧啧，胜却人间无数~",
          "link": "//game.gtimg.cn/images/yxzj/zlkdatasys/audios/audio/20220411/16496666569019.mp3"
        },
        {
          "text": "哎呀，手滑了",
          "link": "//game.gtimg.cn/images/yxzj/zlkdatasys/audios/audio/20220411/16496666843173.mp3"
        },
        {
          "text": "快还是你的箭快",
          "link": "//game.gtimg.cn/images/yxzj/zlkdatasys/audios/audio/20220415/16500161852104.mp3"
        },
        {
          "text": "说好的，我俩只是切磋一下，不许记仇",
          "link": "//game.gtimg.cn/images/yxzj/zlkdatasys/audios/audio/20220415/16500162344279.mp3"
        },
        {
          "text": "都是王子，大可不必这样吧？",
          "link": "//game.gtimg.cn/images/yxzj/zlkdatasys/audios/audio/20220415/16500162011049.mp3"
        },
        {
          "text": "晟，你还是先睡会儿吧",
          "link": "//game.gtimg.cn/images/yxzj/zlkdatasys/audios/audio/20220411/16496667488584.mp3"
        },
        {
          "text": "不错，你小子果然进步了",
          "link": "//game.gtimg.cn/images/yxzj/zlkdatasys/audios/audio/20220415/16500162161609.mp3"
        },
        {
          "text": "让你们见识见识玉城大王子的另一面",
          "link": "//game.gtimg.cn/images/yxzj/zlkdatasys/audios/audio/20220411/16496668292566.mp3"
        },
        {
          "text": "你所看到的不一定是事实，你所知道的不一定是真相",
          "link": "//game.gtimg.cn/images/yxzj/zlkdatasys/audios/audio/20220411/16496668448306.mp3"
        },
        {
          "text": "不拘似风，人生几何？",
          "link": "//game.gtimg.cn/images/yxzj/zlkdatasys/audios/audio/20220411/16496668654786.mp3"
        },
        {
          "text": "我并无意当什么国王，做什么英雄，散了散了~",
          "link": "//game.gtimg.cn/images/yxzj/zlkdatasys/audios/audio/20220411/16496669832971.mp3"
        },
        {
          "text": "峡谷之中，是否也埋藏着美玉呢？",
          "link": "//game.gtimg.cn/images/yxzj/zlkdatasys/audios/audio/20220411/16496669987581.mp3"
        },
        {
          "text": "刀虽好，却少了些金玉点缀",
          "link": "//game.gtimg.cn/images/yxzj/zlkdatasys/audios/audio/20220411/16496670217963.mp3"
        },
        {
          "text": "这件武器不够华丽，得让我的御用工匠再给他拾掇拾掇",
          "link": "//game.gtimg.cn/images/yxzj/zlkdatasys/audios/audio/20220415/16500160525522.mp3"
        },
        {
          "text": "这件金光闪耀的华服，很是对本王子胃口",
          "link": "//game.gtimg.cn/images/yxzj/zlkdatasys/audios/audio/20220411/16496670566089.mp3"
        },
        {
          "text": "鞋子太多，出门都不知道该穿哪一双了",
          "link": "//game.gtimg.cn/images/yxzj/zlkdatasys/audios/audio/20220415/16500160317827.mp3"
        },
        {
          "text": "我没有同伴",
          "link": "//game.gtimg.cn/images/yxzj/zlkdatasys/audios/audio/20220411/16496671216019.mp3"
        },
        {
          "text": "咦，好像一不小心成为了英雄",
          "link": "//game.gtimg.cn/images/yxzj/zlkdatasys/audios/audio/20220411/16496671515524.mp3"
        },
        {
          "text": "我只知道那是魔神。",
          "link": "//game.gtimg.cn/images/yxzj/zlkdatasys/audios/audio/20220915/16632393505338.mp3"
        }
      ],
      "name": "原皮"
    },
    {
      "voice": [
        {
          "text": "穿梭群星之间，回应正义的呼唤！",
          "link": "//game.gtimg.cn/images/yxzj/zlkdatasys/audios/audio/20230110/16733400675892.mp3"
        },
        {
          "text": "罪恶不在乎眼泪，但会畏惧你的刀。",
          "link": "//game.gtimg.cn/images/yxzj/zlkdatasys/audios/audio/20230110/16733398385683.mp3"
        },
        {
          "text": "自在与使命，两难的抉择。",
          "link": "//game.gtimg.cn/images/yxzj/zlkdatasys/audios/audio/20230110/16733398563546.mp3"
        },
        {
          "text": "希望，爱，赫尔星上的烤鱼，人生不可或缺之物。",
          "link": "//game.gtimg.cn/images/yxzj/zlkdatasys/audios/audio/20230110/16733367895593.wav"
        },
        {
          "text": "有人用力量制造罪恶，也有人终其一生都在阻止他们。",
          "link": "//game.gtimg.cn/images/yxzj/zlkdatasys/audios/audio/20230110/16733368768740.wav"
        },
        {
          "text": "厌恶星盗的理由……衣服制式愚蠢算吗？",
          "link": "//game.gtimg.cn/images/yxzj/zlkdatasys/audios/audio/20230110/16733369027272.wav"
        },
        {
          "text": "遇到危险记得喊我的名字，不过不保证会来。",
          "link": "//game.gtimg.cn/images/yxzj/zlkdatasys/audios/audio/20230110/16733369946168.wav"
        },
        {
          "text": "有时混乱是常态……这绝不是在为偷懒找借口。",
          "link": "//game.gtimg.cn/images/yxzj/zlkdatasys/audios/audio/20230110/16733370161083.wav"
        },
        {
          "text": "宇宙的美，超乎人类瑰丽的想象。",
          "link": "//game.gtimg.cn/images/yxzj/zlkdatasys/audios/audio/20230110/16733370401310.wav"
        },
        {
          "text": "脚下不止有脚印，还有黑洞。",
          "link": "//game.gtimg.cn/images/yxzj/zlkdatasys/audios/audio/20230110/16733370645215.wav"
        },
        {
          "text": "漫步天穹，丈量宇宙。",
          "link": "//game.gtimg.cn/images/yxzj/zlkdatasys/audios/audio/20230110/16733371147589.wav"
        },
        {
          "text": "下一个目标——追上前面那艘飞船！",
          "link": "//game.gtimg.cn/images/yxzj/zlkdatasys/audios/audio/20230110/16733371335437.wav"
        },
        {
          "text": "不要只盯着黑暗，也留意那些微弱却美丽的星光。",
          "link": "//game.gtimg.cn/images/yxzj/zlkdatasys/audios/audio/20230110/16733371537058.wav"
        },
        {
          "text": "记得把我留在深空……",
          "link": "//game.gtimg.cn/images/yxzj/zlkdatasys/audios/audio/20230110/16733371845575.wav"
        },
        {
          "text": "翘曲弧光！",
          "link": "//game.gtimg.cn/images/yxzj/zlkdatasys/audios/audio/20230110/16733372141071.wav"
        },
        {
          "text": "利刃漩涡！",
          "link": "//game.gtimg.cn/images/yxzj/zlkdatasys/audios/audio/20230110/16733372317731.wav"
        },
        {
          "text": "时空扭曲",
          "link": "//game.gtimg.cn/images/yxzj/zlkdatasys/audios/audio/20230110/16733372491877.wav"
        },
        {
          "text": "降临异星",
          "link": "//game.gtimg.cn/images/yxzj/zlkdatasys/audios/audio/20230110/16733374107801.wav"
        },
        {
          "text": "穿越屏障",
          "link": "//game.gtimg.cn/images/yxzj/zlkdatasys/audios/audio/20230110/16733373955489.wav"
        },
        {
          "text": "突破力场！",
          "link": "//game.gtimg.cn/images/yxzj/zlkdatasys/audios/audio/20230110/16733376449127.wav"
        },
        {
          "text": "进入高维空间",
          "link": "//game.gtimg.cn/images/yxzj/zlkdatasys/audios/audio/20230110/16733376224238.wav"
        },
        {
          "text": "反物质运行",
          "link": "//game.gtimg.cn/images/yxzj/zlkdatasys/audios/audio/20230110/16733376717402.wav"
        },
        {
          "text": "超能驱动！",
          "link": "//game.gtimg.cn/images/yxzj/zlkdatasys/audios/audio/20230110/16733377126213.wav"
        },
        {
          "text": "曲率推进！",
          "link": "//game.gtimg.cn/images/yxzj/zlkdatasys/audios/audio/20230110/16733377309393.wav"
        },
        {
          "text": "无限折跃！",
          "link": "//game.gtimg.cn/images/yxzj/zlkdatasys/audios/audio/20230110/16733377483405.wav"
        },
        {
          "text": "能量告急，一不小心浪过头了。",
          "link": "//game.gtimg.cn/images/yxzj/zlkdatasys/audios/audio/20230110/16733377687293.wav"
        },
        {
          "text": "虫洞",
          "link": "//game.gtimg.cn/images/yxzj/zlkdatasys/audios/audio/20230110/16733378189524.wav"
        },
        {
          "text": "坍塌",
          "link": "//game.gtimg.cn/images/yxzj/zlkdatasys/audios/audio/20230110/16733378684100.wav"
        },
        {
          "text": "你不够快",
          "link": "//game.gtimg.cn/images/yxzj/zlkdatasys/audios/audio/20230110/16733379003552.wav"
        },
        {
          "text": "也不够强",
          "link": "//game.gtimg.cn/images/yxzj/zlkdatasys/audios/audio/20230110/16733379695993.wav"
        },
        {
          "text": "这一刀",
          "link": "//game.gtimg.cn/images/yxzj/zlkdatasys/audios/audio/20230110/16733379187069.wav"
        },
        {
          "text": "名为永别",
          "link": "//game.gtimg.cn/images/yxzj/zlkdatasys/audios/audio/20230110/16733380185955.wav"
        },
        {
          "text": "宇宙",
          "link": "//game.gtimg.cn/images/yxzj/zlkdatasys/audios/audio/20230110/16733381486304.wav"
        },
        {
          "text": "和平了",
          "link": "//game.gtimg.cn/images/yxzj/zlkdatasys/audios/audio/20230110/16733381861341.wav"
        },
        {
          "text": "让光为你刻下终结。",
          "link": "//game.gtimg.cn/images/yxzj/zlkdatasys/audios/audio/20230110/16733382426726.wav"
        },
        {
          "text": "上一个像你这样的人，已经成为宇宙尘埃了。",
          "link": "//game.gtimg.cn/images/yxzj/zlkdatasys/audios/audio/20230110/16733382688860.wav"
        },
        {
          "text": "小菜一碟，连刀都用不上。",
          "link": "//game.gtimg.cn/images/yxzj/zlkdatasys/audios/audio/20230110/16733382922868.wav"
        }
      ],
      "name": "星界游侠"
    },
    {
      "voice": [
        {
          "text": "人心翻覆如山浪，纵正派名门不可欺。",
          "link": "//game.gtimg.cn/images/yxzj/zlkdatasys/audios/audio/20240731/17224099098524.mp3"
        },
        {
          "text": "千金楼广纳天下至宝，倘若无缘得见龙极武库，岂不颜面扫地？",
          "link": "//game.gtimg.cn/images/yxzj/zlkdatasys/audios/audio/20240731/17224099497114.mp3"
        },
        {
          "text": "富埒天子，贵比公卿，经营天下，一掷千金。",
          "link": "//game.gtimg.cn/images/yxzj/zlkdatasys/audios/audio/20240731/17224100046579.mp3"
        },
        {
          "text": "武林大势如长河将决，掬土难救，何如另疏江渠，引之东流？",
          "link": "//game.gtimg.cn/images/yxzj/zlkdatasys/audios/audio/20240731/17224100365896.mp3"
        },
        {
          "text": "花如堆锦人如月，芳酒朱颜入云间。",
          "link": "//game.gtimg.cn/images/yxzj/zlkdatasys/audios/audio/20240731/17224100735945.mp3"
        },
        {
          "text": "因利与你交游之人，亦会因利背弃你。",
          "link": "//game.gtimg.cn/images/yxzj/zlkdatasys/audios/audio/20240731/17224101071558.mp3"
        },
        {
          "text": "金有足赤，人亦完人。金玉其外，金玉其中。",
          "link": "//game.gtimg.cn/images/yxzj/zlkdatasys/audios/audio/20240731/17224101377372.mp3"
        },
        {
          "text": "若无花与美人，纵仙山琼楼亦是无趣。",
          "link": "//game.gtimg.cn/images/yxzj/zlkdatasys/audios/audio/20240731/17224101667175.mp3"
        },
        {
          "text": "歧路分襟，古已有之。",
          "link": "//game.gtimg.cn/images/yxzj/zlkdatasys/audios/audio/20240731/17224101939582.mp3"
        },
        {
          "text": "前路艰险，莫要徘徊。",
          "link": "//game.gtimg.cn/images/yxzj/zlkdatasys/audios/audio/20240731/17224102241191.mp3"
        },
        {
          "text": "千金楼行动，从无“节用”之说。",
          "link": "//game.gtimg.cn/images/yxzj/zlkdatasys/audios/audio/20240731/17224171013117.mp3"
        },
        {
          "text": "而今重看风止处，有暗潮汹涌，才是江湖。",
          "link": "//game.gtimg.cn/images/yxzj/zlkdatasys/audios/audio/20240731/17224171329106.mp3"
        },
        {
          "text": "亦有金钱无能为力之事……",
          "link": "//game.gtimg.cn/images/yxzj/zlkdatasys/audios/audio/20240731/17224171619926.mp3"
        },
        {
          "text": "阁下的钱袋，我笑纳了。",
          "link": "//game.gtimg.cn/images/yxzj/zlkdatasys/audios/audio/20240731/17224171955493.mp3"
        },
        {
          "text": "你的小买卖，还不值得千金楼主亲自交易。",
          "link": "//game.gtimg.cn/images/yxzj/zlkdatasys/audios/audio/20240731/17224172196600.mp3"
        },
        {
          "text": "千金一掷！",
          "link": "//game.gtimg.cn/images/yxzj/zlkdatasys/audios/audio/20240731/17224172532641.mp3"
        },
        {
          "text": "贵，但好用。",
          "link": "//game.gtimg.cn/images/yxzj/zlkdatasys/audios/audio/20240731/17224178923040.mp3"
        },
        {
          "text": "轻似柳花",
          "link": "//game.gtimg.cn/images/yxzj/zlkdatasys/audios/audio/20240731/17224179218998.mp3"
        },
        {
          "text": "行如飞叶",
          "link": "//game.gtimg.cn/images/yxzj/zlkdatasys/audios/audio/20240731/17224179413738.mp3"
        },
        {
          "text": "丝雨回风",
          "link": "//game.gtimg.cn/images/yxzj/zlkdatasys/audios/audio/20240731/17224180065171.mp3"
        },
        {
          "text": "青蚨穿庭",
          "link": "//game.gtimg.cn/images/yxzj/zlkdatasys/audios/audio/20240731/17224180314176.mp3"
        },
        {
          "text": "浑金潜隐",
          "link": "//game.gtimg.cn/images/yxzj/zlkdatasys/audios/audio/20240731/17224180914029.mp3"
        },
        {
          "text": "璞玉深藏",
          "link": "//game.gtimg.cn/images/yxzj/zlkdatasys/audios/audio/20240731/17224181215313.mp3"
        },
        {
          "text": "如履平地。",
          "link": "//game.gtimg.cn/images/yxzj/zlkdatasys/audios/audio/20240731/17224181451159.mp3"
        },
        {
          "text": "能跟上吗？",
          "link": "//game.gtimg.cn/images/yxzj/zlkdatasys/audios/audio/20240731/17224181714089.mp3"
        },
        {
          "text": "衣冠磊落，容仪斐然。",
          "link": "//game.gtimg.cn/images/yxzj/zlkdatasys/audios/audio/20240731/17224181982974.mp3"
        },
        {
          "text": "登墙攀瓦，亦若翩鸿。",
          "link": "//game.gtimg.cn/images/yxzj/zlkdatasys/audios/audio/20240731/17224182256022.mp3"
        },
        {
          "text": "点石成金——",
          "link": "//game.gtimg.cn/images/yxzj/zlkdatasys/audios/audio/20240731/17224182865396.mp3"
        },
        {
          "text": "想学？",
          "link": "//game.gtimg.cn/images/yxzj/zlkdatasys/audios/audio/20240731/17224183211554.mp3"
        },
        {
          "text": "仅需一刀——",
          "link": "//game.gtimg.cn/images/yxzj/zlkdatasys/audios/audio/20240731/17224183499714.mp3"
        },
        {
          "text": "金钱之力！",
          "link": "//game.gtimg.cn/images/yxzj/zlkdatasys/audios/audio/20240731/17224183743841.mp3"
        },
        {
          "text": "当心——",
          "link": "//game.gtimg.cn/images/yxzj/zlkdatasys/audios/audio/20240731/17224183991405.mp3"
        },
        {
          "text": "我看中了阁下的价值。",
          "link": "//game.gtimg.cn/images/yxzj/zlkdatasys/audios/audio/20240731/17224184273192.mp3"
        },
        {
          "text": "千金散尽——",
          "link": "//game.gtimg.cn/images/yxzj/zlkdatasys/audios/audio/20240731/17224184557940.mp3"
        },
        {
          "text": "复入彀中。",
          "link": "//game.gtimg.cn/images/yxzj/zlkdatasys/audios/audio/20240731/17224184888462.mp3"
        },
        {
          "text": "春日迟迟，何妨高卧？",
          "link": "//game.gtimg.cn/images/yxzj/zlkdatasys/audios/audio/20240731/17224185442956.mp3"
        },
        {
          "text": "我听人说，离恨楼的女子，就像一本本引人入胜的好书。",
          "link": "//game.gtimg.cn/images/yxzj/zlkdatasys/audios/audio/20240731/17224185791791.mp3"
        },
        {
          "text": "金钱，会驱使它的奴仆践踏一切。",
          "link": "//game.gtimg.cn/images/yxzj/zlkdatasys/audios/audio/20240731/17224186282497.mp3"
        },
        {
          "text": "北刀门久在塞外，何必为梅隐山庄鞍前马后？",
          "link": "//game.gtimg.cn/images/yxzj/zlkdatasys/audios/audio/20240731/17224186555219.mp3"
        },
        {
          "text": "虚情假意的「朋友」，还不如手里的铜板靠得住。",
          "link": "//game.gtimg.cn/images/yxzj/zlkdatasys/audios/audio/20240731/17224186863611.mp3"
        },
        {
          "text": "有我这样英俊潇洒之人投靠正派，岂不衬得你黯然无光？",
          "link": "//game.gtimg.cn/images/yxzj/zlkdatasys/audios/audio/20240731/17224187171302.mp3"
        },
        {
          "text": "名满天下的诗语剑，心中可也有贪欲？",
          "link": "//game.gtimg.cn/images/yxzj/zlkdatasys/audios/audio/20240731/17224188036459.mp3"
        },
        {
          "text": "东海亦有无数珍宝，待人发现……",
          "link": "//game.gtimg.cn/images/yxzj/zlkdatasys/audios/audio/20240731/17224188314171.mp3"
        },
        {
          "text": "东海来的「异客剑」，不错的交易对象。",
          "link": "//game.gtimg.cn/images/yxzj/zlkdatasys/audios/audio/20240731/17224188582080.mp3"
        },
        {
          "text": "魂销金帐，路为钱开，身似蝉翼玉中裁。",
          "link": "//game.gtimg.cn/images/yxzj/zlkdatasys/audios/audio/20240731/17224210695304.mp3"
        },
        {
          "text": "笑看人世，利欲难改，转眼富贵成祸灾。",
          "link": "//game.gtimg.cn/images/yxzj/zlkdatasys/audios/audio/20240731/17224210873737.mp3"
        },
        {
          "text": "遥望玉京十二楼，重整寰瀛洗天穹。",
          "link": "//game.gtimg.cn/images/yxzj/zlkdatasys/audios/audio/20240731/17224211108392.mp3"
        }
      ],
      "name": "埋骨钱"
    }
  ]
}
