{
  "data": [
    {
      "voice": [
        {
          "text": "生命与信念，都交托阁下！",
          "link": "//game.gtimg.cn/images/yxzj/zlkdatasys/audios/audio/20220412/16497755789967.wav"
        },
        {
          "text": "血战到底！",
          "link": "//game.gtimg.cn/images/yxzj/zlkdatasys/audios/audio/20220412/16497756003490.wav"
        },
        {
          "text": "自己选择的路，再荒谬也要走完！",
          "link": "//game.gtimg.cn/images/yxzj/zlkdatasys/audios/audio/20220412/16497757159430.wav"
        },
        {
          "text": "聪明人就该跟我的大刀保持安全距离。",
          "link": "//game.gtimg.cn/images/yxzj/zlkdatasys/audios/audio/20220412/16497757466137.wav"
        },
        {
          "text": "全力以赴推倒对面，是战争的基本礼仪！",
          "link": "//game.gtimg.cn/images/yxzj/zlkdatasys/audios/audio/20220412/16497757692258.wav"
        },
        {
          "text": "决定了内心的正道，便绝无动摇。",
          "link": "//game.gtimg.cn/images/yxzj/zlkdatasys/audios/audio/20220412/16497757911485.wav"
        },
        {
          "text": "屈辱比失败更难忍受。",
          "link": "//game.gtimg.cn/images/yxzj/zlkdatasys/audios/audio/20220412/16497758665021.wav"
        },
        {
          "text": "回到……桃园",
          "link": "//game.gtimg.cn/images/yxzj/zlkdatasys/audios/audio/20220412/16497758925898.wav"
        },
        {
          "text": "单刀咆哮！",
          "link": "//game.gtimg.cn/images/yxzj/zlkdatasys/audios/audio/20220412/16497759613909.wav"
        },
        {
          "text": "一骑当千！",
          "link": "//game.gtimg.cn/images/yxzj/zlkdatasys/audios/audio/20220412/16497759836857.wav"
        },
        {
          "text": "来，不要手下留情！",
          "link": "//game.gtimg.cn/images/yxzj/zlkdatasys/audios/audio/20220412/16497760107949.wav"
        },
        {
          "text": "全军突击！",
          "link": "//game.gtimg.cn/images/yxzj/zlkdatasys/audios/audio/20220412/16497760552338.wav"
        },
        {
          "text": "不自量力！哈哈哈！",
          "link": "//game.gtimg.cn/images/yxzj/zlkdatasys/audios/audio/20220412/16497760739521.wav"
        },
        {
          "text": "贪生怕死之徒！",
          "link": "//game.gtimg.cn/images/yxzj/zlkdatasys/audios/audio/20220412/16497761126639.wav"
        },
        {
          "text": "哼！关公门前耍大刀，蠢！",
          "link": "//game.gtimg.cn/images/yxzj/zlkdatasys/audios/audio/20220412/16497761462775.wav"
        }
      ],
      "name": "原皮"
    },
    {
      "voice": [
        {
          "text": "征服，以凛冬的名义！",
          "link": "//game.gtimg.cn/images/yxzj/zlkdatasys/audios/audio/20220412/16497762311345.wav"
        },
        {
          "text": "暴风雪的远征者，君临北地的灾厄之王！",
          "link": "//game.gtimg.cn/images/yxzj/zlkdatasys/audios/audio/20220412/16497762723901.wav"
        },
        {
          "text": "长夜与我同在！",
          "link": "//game.gtimg.cn/images/yxzj/zlkdatasys/audios/audio/20220412/16497762925325.wav"
        },
        {
          "text": "奉上领地，或者化为冻土的尘埃！",
          "link": "//game.gtimg.cn/images/yxzj/zlkdatasys/audios/audio/20220412/16497765735027.wav"
        },
        {
          "text": "不过丧失些许记忆，我对此毫不留恋！",
          "link": "//game.gtimg.cn/images/yxzj/zlkdatasys/audios/audio/20220412/16497765941877.wav"
        },
        {
          "text": "向那位顽抗的公主致敬！",
          "link": "//game.gtimg.cn/images/yxzj/zlkdatasys/audios/audio/20220412/16497766147325.wav"
        },
        {
          "text": "为我们的永生而战！为我们的不朽而战！",
          "link": "//game.gtimg.cn/images/yxzj/zlkdatasys/audios/audio/20220412/16497766914086.wav"
        },
        {
          "text": "我的大刀冰冷如雪",
          "link": "//game.gtimg.cn/images/yxzj/zlkdatasys/audios/audio/20220412/16497767098252.wav"
        },
        {
          "text": "回想起……最后的人性。",
          "link": "//game.gtimg.cn/images/yxzj/zlkdatasys/audios/audio/20220412/16497767273727.wav"
        },
        {
          "text": "践踏他们！",
          "link": "//game.gtimg.cn/images/yxzj/zlkdatasys/audios/audio/20220412/16497767472938.wav"
        },
        {
          "text": "粉碎所有的抵抗！",
          "link": "//game.gtimg.cn/images/yxzj/zlkdatasys/audios/audio/20220412/16497767653910.wav"
        },
        {
          "text": "噢，杂耍小队，你们自愿的牺牲是在为我加冕！",
          "link": "//game.gtimg.cn/images/yxzj/zlkdatasys/audios/audio/20220412/16497767867896.wav"
        }
      ],
      "name": "冰锋战神"
    },
    {
      "voice": [
        {
          "text": "五虎之志未已，再战百世轮回！",
          "link": "//game.gtimg.cn/images/yxzj/zlkdatasys/audios/audio/20220414/16499302815039.mp3"
        },
        {
          "text": "武圣关云长在此！千军万马又何妨！",
          "link": "//game.gtimg.cn/images/yxzj/zlkdatasys/audios/audio/20220414/16499303025488.mp3"
        },
        {
          "text": "战魂不灭，义薄云天！",
          "link": "//game.gtimg.cn/images/yxzj/zlkdatasys/audios/audio/20220414/16499303228316.mp3"
        },
        {
          "text": "五虎上将参见！",
          "link": "//game.gtimg.cn/images/yxzj/zlkdatasys/audios/audio/20220412/16497770333901.wav"
        },
        {
          "text": "乱世之中，我来匡扶大义",
          "link": "//game.gtimg.cn/images/yxzj/zlkdatasys/audios/audio/20220412/16497773004917.wav"
        },
        {
          "text": "青龙偃月，行徐如林",
          "link": "//game.gtimg.cn/images/yxzj/zlkdatasys/audios/audio/20220412/16497773189293.wav"
        },
        {
          "text": "某虽不才，愿赴万军中取其首级",
          "link": "//game.gtimg.cn/images/yxzj/zlkdatasys/audios/audio/20220412/16497773337145.wav"
        },
        {
          "text": "一身转战三千里，一骑横当百万师",
          "link": "//game.gtimg.cn/images/yxzj/zlkdatasys/audios/audio/20220412/16497773938266.wav"
        },
        {
          "text": "誓与兄弟患难与共",
          "link": "//game.gtimg.cn/images/yxzj/zlkdatasys/audios/audio/20220412/16497774149585.wav"
        },
        {
          "text": "威武，不能屈",
          "link": "//game.gtimg.cn/images/yxzj/zlkdatasys/audios/audio/20220412/16497774321195.wav"
        },
        {
          "text": "酒且斟下，某去便回",
          "link": "//game.gtimg.cn/images/yxzj/zlkdatasys/audios/audio/20220412/16497775868676.wav"
        },
        {
          "text": "大丈夫既领重任…除死方休…",
          "link": "//game.gtimg.cn/images/yxzj/zlkdatasys/audios/audio/20220412/16497776024680.wav"
        },
        {
          "text": "踏破山河！",
          "link": "//game.gtimg.cn/images/yxzj/zlkdatasys/audios/audio/20220412/16497776171126.wav"
        },
        {
          "text": "刀锋所向万里颤！",
          "link": "//game.gtimg.cn/images/yxzj/zlkdatasys/audios/audio/20220412/16497776457016.wav"
        },
        {
          "text": "血拓千秋！",
          "link": "//game.gtimg.cn/images/yxzj/zlkdatasys/audios/audio/20220412/16497776691529.wav"
        },
        {
          "text": "力敌千钧！",
          "link": "//game.gtimg.cn/images/yxzj/zlkdatasys/audios/audio/20220412/16497776908986.wav"
        },
        {
          "text": "百战何惧！",
          "link": "//game.gtimg.cn/images/yxzj/zlkdatasys/audios/audio/20220412/16497777046028.wav"
        },
        {
          "text": "哼，插标卖首",
          "link": "//game.gtimg.cn/images/yxzj/zlkdatasys/audios/audio/20220412/16497777285783.wav"
        },
        {
          "text": "匹夫还不快献上首级",
          "link": "//game.gtimg.cn/images/yxzj/zlkdatasys/audios/audio/20220412/16497777789823.wav"
        },
        {
          "text": "大丈夫行事，当义字为先。",
          "link": "//game.gtimg.cn/images/yxzj/zlkdatasys/audios/audio/20220412/16497777962416.wav"
        },
        {
          "text": "威震华夏！",
          "link": "//game.gtimg.cn/images/yxzj/zlkdatasys/audios/audio/20220412/16497778137270.wav"
        },
        {
          "text": "义字当先！",
          "link": "//game.gtimg.cn/images/yxzj/zlkdatasys/audios/audio/20220412/16497778311853.wav"
        }
      ],
      "name": "武圣"
    },
    {
      "voice": [
        {
          "text": "我有一烈马，源自虚妄境，纵横真实间。",
          "link": "//game.gtimg.cn/images/yxzj/zlkdatasys/audios/audio/20230510/16837130197244.mp3"
        },
        {
          "text": "划清现实与梦境的边界者，是为守梦人。",
          "link": "//game.gtimg.cn/images/yxzj/zlkdatasys/audios/audio/20230510/16837130338969.mp3"
        },
        {
          "text": "别向长夜低头！",
          "link": "//game.gtimg.cn/images/yxzj/zlkdatasys/audios/audio/20230510/16837130436135.mp3"
        },
        {
          "text": "分不清真假，自然也辨不出善恶。",
          "link": "//game.gtimg.cn/images/yxzj/zlkdatasys/audios/audio/20230510/16836889473532.mp3"
        },
        {
          "text": "守梦司的职责，驱除灾厄，护万人清梦。",
          "link": "//game.gtimg.cn/images/yxzj/zlkdatasys/audios/audio/20230510/16836889654021.mp3"
        },
        {
          "text": "危难当头，唤我名字便是！",
          "link": "//game.gtimg.cn/images/yxzj/zlkdatasys/audios/audio/20230510/16836889915259.mp3"
        },
        {
          "text": "梦到深处，只有永无休止的混沌。",
          "link": "//game.gtimg.cn/images/yxzj/zlkdatasys/audios/audio/20230510/16836890422195.mp3"
        },
        {
          "text": "天早该亮了。",
          "link": "//game.gtimg.cn/images/yxzj/zlkdatasys/audios/audio/20230510/16836890573142.mp3"
        },
        {
          "text": "人与人有界限，现实与梦境也该有界限！",
          "link": "//game.gtimg.cn/images/yxzj/zlkdatasys/audios/audio/20230510/16836890768965.mp3"
        },
        {
          "text": "人间万事，都敌不过我手里这一刀。",
          "link": "//game.gtimg.cn/images/yxzj/zlkdatasys/audios/audio/20230510/16836890966483.mp3"
        },
        {
          "text": "大哥若向前，我必紧紧相随！",
          "link": "//game.gtimg.cn/images/yxzj/zlkdatasys/audios/audio/20230510/16836891136623.mp3"
        },
        {
          "text": "三弟做的烤鱼……味道还不错。",
          "link": "//game.gtimg.cn/images/yxzj/zlkdatasys/audios/audio/20230510/16836891837371.mp3"
        },
        {
          "text": "长夜……将至……",
          "link": "//game.gtimg.cn/images/yxzj/zlkdatasys/audios/audio/20230510/16836892154973.mp3"
        },
        {
          "text": "现实还是梦……我分不清……",
          "link": "//game.gtimg.cn/images/yxzj/zlkdatasys/audios/audio/20230510/16836892324030.mp3"
        },
        {
          "text": "何惧梦魇！",
          "link": "//game.gtimg.cn/images/yxzj/zlkdatasys/audios/audio/20230510/16836892629612.mp3"
        },
        {
          "text": "面对现实吧！",
          "link": "//game.gtimg.cn/images/yxzj/zlkdatasys/audios/audio/20230510/16836893157558.mp3"
        },
        {
          "text": "沉溺于旧梦，难怪前路昏蒙！",
          "link": "//game.gtimg.cn/images/yxzj/zlkdatasys/audios/audio/20230510/16836893476073.mp3"
        },
        {
          "text": "斩梦！",
          "link": "//game.gtimg.cn/images/yxzj/zlkdatasys/audios/audio/20230510/16836900757367.mp3"
        },
        {
          "text": "驱魇！",
          "link": "//game.gtimg.cn/images/yxzj/zlkdatasys/audios/audio/20230510/16836900923014.mp3"
        },
        {
          "text": "疾行！",
          "link": "//game.gtimg.cn/images/yxzj/zlkdatasys/audios/audio/20230510/16836901275789.mp3"
        },
        {
          "text": "长刀为令！",
          "link": "//game.gtimg.cn/images/yxzj/zlkdatasys/audios/audio/20230510/16836901589152.mp3"
        },
        {
          "text": "纵马扬尘！",
          "link": "//game.gtimg.cn/images/yxzj/zlkdatasys/audios/audio/20230510/16836902962862.mp3"
        },
        {
          "text": "无需假寐！",
          "link": "//game.gtimg.cn/images/yxzj/zlkdatasys/audios/audio/20230510/16836903137793.mp3"
        },
        {
          "text": "当断虚妄！",
          "link": "//game.gtimg.cn/images/yxzj/zlkdatasys/audios/audio/20230510/16836904976140.mp3"
        },
        {
          "text": "刀光耀夜冥！",
          "link": "//game.gtimg.cn/images/yxzj/zlkdatasys/audios/audio/20230510/16836905233330.mp3"
        },
        {
          "text": "踏碎梦魇！",
          "link": "//game.gtimg.cn/images/yxzj/zlkdatasys/audios/audio/20230510/16836905603405.mp3"
        },
        {
          "text": "与我共赴此战！",
          "link": "//game.gtimg.cn/images/yxzj/zlkdatasys/audios/audio/20230510/16836905778891.mp3"
        },
        {
          "text": "于风暴中，斩烈焰！",
          "link": "//game.gtimg.cn/images/yxzj/zlkdatasys/audios/audio/20230510/16836905957863.mp3"
        },
        {
          "text": "笔力点透眉心，神面绘制于身。",
          "link": "//game.gtimg.cn/images/yxzj/zlkdatasys/audios/audio/20230510/16836997715013.mp3"
        },
        {
          "text": "桃源不在虚境，就在人间。",
          "link": "//game.gtimg.cn/images/yxzj/zlkdatasys/audios/audio/20230510/16836997948898.mp3"
        },
        {
          "text": "桃园一拜，千秋不改！",
          "link": "//game.gtimg.cn/images/yxzj/zlkdatasys/audios/audio/20230510/16836998282753.mp3"
        },
        {
          "text": "放心，就算有了兄弟，我也不会忘了你这位老朋友。",
          "link": "//game.gtimg.cn/images/yxzj/zlkdatasys/audios/audio/20230510/16837130579055.mp3"
        },
        {
          "text": "踌躇不前非大丈夫所为。",
          "link": "//game.gtimg.cn/images/yxzj/zlkdatasys/audios/audio/20230510/16836999873785.mp3"
        },
        {
          "text": "梦界的裂隙，出现得越发频繁了。",
          "link": "//game.gtimg.cn/images/yxzj/zlkdatasys/audios/audio/20230510/16837000072337.mp3"
        },
        {
          "text": "据三弟查探，今日的危机都来自北方。",
          "link": "//game.gtimg.cn/images/yxzj/zlkdatasys/audios/audio/20230510/16837000278401.mp3"
        },
        {
          "text": "城市广阔，总有些危机藏在暗中。",
          "link": "//game.gtimg.cn/images/yxzj/zlkdatasys/audios/audio/20230510/16837000436173.mp3"
        },
        {
          "text": "若兄弟齐心，作乱之人便不足为惧。",
          "link": "//game.gtimg.cn/images/yxzj/zlkdatasys/audios/audio/20230510/16837000647548.mp3"
        },
        {
          "text": "这次梦界入侵，没那么简单。",
          "link": "//game.gtimg.cn/images/yxzj/zlkdatasys/audios/audio/20230510/16837000827763.mp3"
        },
        {
          "text": "等下次梦界打开，定把它们都塞回去。",
          "link": "//game.gtimg.cn/images/yxzj/zlkdatasys/audios/audio/20230510/16837000984129.mp3"
        }
      ],
      "name": "百相守梦"
    },
    {
      "voice": [
        {
          "text": "这一刀，将在黑与白之间劈开第三条路！",
          "link": "//game.gtimg.cn/images/yxzj/zlkdatasys/audios/audio/20240520/17161934593361.mp3"
        },
        {
          "text": "以一子之力，搏全盘胜机！",
          "link": "//game.gtimg.cn/images/yxzj/zlkdatasys/audios/audio/20240520/17161934851960.mp3"
        },
        {
          "text": "宁为刀下碎铁，不做掌中傀儡。",
          "link": "//game.gtimg.cn/images/yxzj/zlkdatasys/audios/audio/20240520/17161935064069.mp3"
        },
        {
          "text": "这场无穷尽的对局，应以棋子的自由告终。",
          "link": "//game.gtimg.cn/images/yxzj/zlkdatasys/audios/audio/20240520/17161762804007.mp3"
        },
        {
          "text": "藏匿于幕后的执棋者，可敢与我堂堂正正一战！",
          "link": "//game.gtimg.cn/images/yxzj/zlkdatasys/audios/audio/20240520/17161763039751.mp3"
        },
        {
          "text": "我当是我前路的掌控者，也是我命运的主宰。",
          "link": "//game.gtimg.cn/images/yxzj/zlkdatasys/audios/audio/20240520/17161763327229.mp3"
        },
        {
          "text": "看似微贱的兵卒，也有望驾驭无往不利的战车。",
          "link": "//game.gtimg.cn/images/yxzj/zlkdatasys/audios/audio/20240520/17161763558697.mp3"
        },
        {
          "text": "只要能为后继者开拓前路，我甘愿成为此局弃子。",
          "link": "//game.gtimg.cn/images/yxzj/zlkdatasys/audios/audio/20240520/17161763809966.mp3"
        },
        {
          "text": "并非铠甲给予人勇气，而是勇气使人披上铠甲。",
          "link": "//game.gtimg.cn/images/yxzj/zlkdatasys/audios/audio/20240520/17161764126371.mp3"
        },
        {
          "text": "从过去到现在，一千九百六十六场对弈，由我见证！",
          "link": "//game.gtimg.cn/images/yxzj/zlkdatasys/audios/audio/20240520/17161764374929.mp3"
        },
        {
          "text": "封棋……",
          "link": "//game.gtimg.cn/images/yxzj/zlkdatasys/audios/audio/20240520/17161764681112.mp3"
        },
        {
          "text": "侧翼进攻！",
          "link": "//game.gtimg.cn/images/yxzj/zlkdatasys/audios/audio/20240520/17161764953442.mp3"
        },
        {
          "text": "登锋履刃！",
          "link": "//game.gtimg.cn/images/yxzj/zlkdatasys/audios/audio/20240520/17161765172200.mp3"
        },
        {
          "text": "通天之路！",
          "link": "//game.gtimg.cn/images/yxzj/zlkdatasys/audios/audio/20240520/17161765411075.mp3"
        },
        {
          "text": "无畏不惧！",
          "link": "//game.gtimg.cn/images/yxzj/zlkdatasys/audios/audio/20240520/17161765649791.mp3"
        },
        {
          "text": "腾挪！",
          "link": "//game.gtimg.cn/images/yxzj/zlkdatasys/audios/audio/20240520/17161765897471.mp3"
        },
        {
          "text": "披甲！",
          "link": "//game.gtimg.cn/images/yxzj/zlkdatasys/audios/audio/20240520/17161766088225.mp3"
        },
        {
          "text": "越子！",
          "link": "//game.gtimg.cn/images/yxzj/zlkdatasys/audios/audio/20240520/17161766438612.mp3"
        },
        {
          "text": "冲杀！",
          "link": "//game.gtimg.cn/images/yxzj/zlkdatasys/audios/audio/20240520/17161766658800.mp3"
        },
        {
          "text": "闪击！",
          "link": "//game.gtimg.cn/images/yxzj/zlkdatasys/audios/audio/20240520/17161766871374.mp3"
        },
        {
          "text": "临锋决敌！",
          "link": "//game.gtimg.cn/images/yxzj/zlkdatasys/audios/audio/20240520/17161767108523.mp3"
        },
        {
          "text": "以荣誉为名！",
          "link": "//game.gtimg.cn/images/yxzj/zlkdatasys/audios/audio/20240520/17161767343793.mp3"
        },
        {
          "text": "将军！",
          "link": "//game.gtimg.cn/images/yxzj/zlkdatasys/audios/audio/20240520/17161767618699.mp3"
        },
        {
          "text": "归期已至！",
          "link": "//game.gtimg.cn/images/yxzj/zlkdatasys/audios/audio/20240520/17161767834027.mp3"
        },
        {
          "text": "看清楚了，斩的都是敌人。",
          "link": "//game.gtimg.cn/images/yxzj/zlkdatasys/audios/audio/20240520/17161768166380.mp3"
        },
        {
          "text": "困在方格中，当然不知天地广阔。",
          "link": "//game.gtimg.cn/images/yxzj/zlkdatasys/audios/audio/20240520/17161768393669.mp3"
        },
        {
          "text": "随我冲锋！",
          "link": "//game.gtimg.cn/images/yxzj/zlkdatasys/audios/audio/20240520/17161768608953.mp3"
        }
      ],
      "name": "决胜骁骑"
    }
  ]
}
