{
  "data": [
    {
      "voice": [
        {
          "text": "流光一瞬，碧海桑田。",
          "link": "//game.gtimg.cn/images/yxzj/zlkdatasys/audios/audio/20220915/16632392455566.mp3"
        },
        {
          "text": "梦耶？真耶？情知无益，非梦何期。",
          "link": "//game.gtimg.cn/images/yxzj/zlkdatasys/audios/audio/20220915/16632392557423.mp3"
        },
        {
          "text": "你看见过月亮吗？我是说——最初的月亮。",
          "link": "//game.gtimg.cn/images/yxzj/zlkdatasys/audios/audio/20220915/16632392675977.mp3"
        },
        {
          "text": "看似不朽的生命，不过无聊的枯骨。",
          "link": "//game.gtimg.cn/images/yxzj/zlkdatasys/audios/audio/20220915/16632373745560.mp3"
        },
        {
          "text": "真相终会昭于日月，虽然黄沙将它们掩埋。",
          "link": "//game.gtimg.cn/images/yxzj/zlkdatasys/audios/audio/20220915/16632375046827.mp3"
        },
        {
          "text": "这负载万物的大地，终成不毛的荒原。",
          "link": "//game.gtimg.cn/images/yxzj/zlkdatasys/audios/audio/20220915/16632376295383.mp3"
        },
        {
          "text": "永世不休的狂风，是月裔灵魂的怒号。",
          "link": "//game.gtimg.cn/images/yxzj/zlkdatasys/audios/audio/20220915/16632376551448.mp3"
        },
        {
          "text": "在千万种结局中，死亡是最得解脱的那一种。",
          "link": "//game.gtimg.cn/images/yxzj/zlkdatasys/audios/audio/20220915/16632376769131.mp3"
        },
        {
          "text": "梦乡即是故乡，前路必为归途。",
          "link": "//game.gtimg.cn/images/yxzj/zlkdatasys/audios/audio/20220915/16632376936084.mp3"
        },
        {
          "text": "永夜，如此漫长。",
          "link": "//game.gtimg.cn/images/yxzj/zlkdatasys/audios/audio/20220915/16632377094614.mp3"
        },
        {
          "text": "跋涉千年的月光啊，请聆听信徒的祷告。",
          "link": "//game.gtimg.cn/images/yxzj/zlkdatasys/audios/audio/20220915/16632377267724.mp3"
        },
        {
          "text": "如果您能听见，请于光阴的废墟中呼唤我。",
          "link": "//game.gtimg.cn/images/yxzj/zlkdatasys/audios/audio/20220915/16632377448514.mp3"
        },
        {
          "text": "请再等等，一定……一定带您回家。",
          "link": "//game.gtimg.cn/images/yxzj/zlkdatasys/audios/audio/20220915/16632377636119.mp3"
        },
        {
          "text": "你的月亮不再下落，你的战士永不退缩。",
          "link": "//game.gtimg.cn/images/yxzj/zlkdatasys/audios/audio/20220915/16632377924744.mp3"
        },
        {
          "text": "神必作你的光，你孤独的日子也在此终结。",
          "link": "//game.gtimg.cn/images/yxzj/zlkdatasys/audios/audio/20220915/16632378184547.mp3"
        },
        {
          "text": "等等，等等我……",
          "link": "//game.gtimg.cn/images/yxzj/zlkdatasys/audios/audio/20220915/16632378529913.mp3"
        },
        {
          "text": "原来世上，不曾有我……",
          "link": "//game.gtimg.cn/images/yxzj/zlkdatasys/audios/audio/20220915/16632381141378.mp3"
        },
        {
          "text": "晦明。",
          "link": "//game.gtimg.cn/images/yxzj/zlkdatasys/audios/audio/20220915/16632381452224.mp3"
        },
        {
          "text": "瞬华。",
          "link": "//game.gtimg.cn/images/yxzj/zlkdatasys/audios/audio/20220915/16632381608585.mp3"
        },
        {
          "text": "见月。",
          "link": "//game.gtimg.cn/images/yxzj/zlkdatasys/audios/audio/20220915/16632381938580.mp3"
        },
        {
          "text": "流光。",
          "link": "//game.gtimg.cn/images/yxzj/zlkdatasys/audios/audio/20220915/16632382113111.mp3"
        },
        {
          "text": "素影。",
          "link": "//game.gtimg.cn/images/yxzj/zlkdatasys/audios/audio/20220915/16632382267788.mp3"
        },
        {
          "text": "清心。",
          "link": "//game.gtimg.cn/images/yxzj/zlkdatasys/audios/audio/20220915/16632382443322.mp3"
        },
        {
          "text": "倾听神谕！",
          "link": "//game.gtimg.cn/images/yxzj/zlkdatasys/audios/audio/20220915/16632382631377.mp3"
        },
        {
          "text": "祈祷吧！",
          "link": "//game.gtimg.cn/images/yxzj/zlkdatasys/audios/audio/20220915/16632382783944.mp3"
        },
        {
          "text": "忏悔吧！",
          "link": "//game.gtimg.cn/images/yxzj/zlkdatasys/audios/audio/20220915/16632382932078.mp3"
        },
        {
          "text": "与世同沉吧！",
          "link": "//game.gtimg.cn/images/yxzj/zlkdatasys/audios/audio/20220915/16632383617219.mp3"
        },
        {
          "text": "你们不会明白！也无需明白！",
          "link": "//game.gtimg.cn/images/yxzj/zlkdatasys/audios/audio/20220915/16632384093869.mp3"
        },
        {
          "text": "我要这世间万物，跪迎祂的归来！",
          "link": "//game.gtimg.cn/images/yxzj/zlkdatasys/audios/audio/20220915/16632384338862.mp3"
        },
        {
          "text": "我早已没什么可失去的了！",
          "link": "//game.gtimg.cn/images/yxzj/zlkdatasys/audios/audio/20220915/16632384848266.mp3"
        },
        {
          "text": "我们必定……必定会再次相见！",
          "link": "//game.gtimg.cn/images/yxzj/zlkdatasys/audios/audio/20220915/16632385026399.mp3"
        },
        {
          "text": "月光啊，请告诉我，究竟去往何方。",
          "link": "//game.gtimg.cn/images/yxzj/zlkdatasys/audios/audio/20220915/16632385228989.mp3"
        },
        {
          "text": "来吧，湮灭在美梦里。",
          "link": "//game.gtimg.cn/images/yxzj/zlkdatasys/audios/audio/20220915/16632385597895.mp3"
        },
        {
          "text": "很快，很快，这一切都会结束。",
          "link": "//game.gtimg.cn/images/yxzj/zlkdatasys/audios/audio/20220915/16632385741692.mp3"
        },
        {
          "text": "世人皆活在梦里，蠢笨又无知。",
          "link": "//game.gtimg.cn/images/yxzj/zlkdatasys/audios/audio/20220915/16632385889094.mp3"
        },
        {
          "text": "在月光下死去，是难能可贵的终局。",
          "link": "//game.gtimg.cn/images/yxzj/zlkdatasys/audios/audio/20220915/16632386084322.mp3"
        },
        {
          "text": "如今的人类，竟如此不堪一击。",
          "link": "//game.gtimg.cn/images/yxzj/zlkdatasys/audios/audio/20220915/16632386262030.mp3"
        },
        {
          "text": "你的梦里又有怎样的景色？",
          "link": "//game.gtimg.cn/images/yxzj/zlkdatasys/audios/audio/20220915/16632386555150.mp3"
        },
        {
          "text": "向神下拜！",
          "link": "//game.gtimg.cn/images/yxzj/zlkdatasys/audios/audio/20220915/16632387364115.mp3"
        },
        {
          "text": "你守在这儿，一切都很安静吗？",
          "link": "//game.gtimg.cn/images/yxzj/zlkdatasys/audios/audio/20220915/16632387561168.mp3"
        },
        {
          "text": "不过是回到原点罢了，我本就一无所有。",
          "link": "//game.gtimg.cn/images/yxzj/zlkdatasys/audios/audio/20220915/16632387829173.mp3"
        },
        {
          "text": "我又做了一梦，梦见陨落的众星。",
          "link": "//game.gtimg.cn/images/yxzj/zlkdatasys/audios/audio/20220915/16632388041727.mp3"
        },
        {
          "text": "把不属于你的东西，交还给神。",
          "link": "//game.gtimg.cn/images/yxzj/zlkdatasys/audios/audio/20220915/16632388477371.mp3"
        },
        {
          "text": "玉城备受帝俊大人恩泽，你却要阻止云中的复兴。",
          "link": "//game.gtimg.cn/images/yxzj/zlkdatasys/audios/audio/20220915/16632389874715.mp3"
        },
        {
          "text": "腐草萤光欲掩明月之辉，愚蠢。",
          "link": "//game.gtimg.cn/images/yxzj/zlkdatasys/audios/audio/20220915/16632390193346.mp3"
        },
        {
          "text": "帝俊大人为永夜带来光辉，众神却将祂留在黑暗。",
          "link": "//game.gtimg.cn/images/yxzj/zlkdatasys/audios/audio/20220915/16632390382668.mp3"
        },
        {
          "text": "汝等外神鹰犬，竟也为人之师。",
          "link": "//game.gtimg.cn/images/yxzj/zlkdatasys/audios/audio/20220915/16632390584735.mp3"
        },
        {
          "text": "你所相信的历史，不过是个可笑的谎言。",
          "link": "//game.gtimg.cn/images/yxzj/zlkdatasys/audios/audio/20220915/16632390802147.mp3"
        },
        {
          "text": "为何光明会湮灭于黑暗，为何谎言能替代真言。",
          "link": "//game.gtimg.cn/images/yxzj/zlkdatasys/audios/audio/20220915/16632390985516.mp3"
        },
        {
          "text": "你藏得住形迹，却掩不住过往。",
          "link": "//game.gtimg.cn/images/yxzj/zlkdatasys/audios/audio/20220915/16632391166866.mp3"
        },
        {
          "text": "人类啊，如今不过是流浪蛮荒的沙砾。",
          "link": "//game.gtimg.cn/images/yxzj/zlkdatasys/audios/audio/20220915/16632391394244.mp3"
        },
        {
          "text": "帝俊大人，终会为沙漠重现昔日的盛景。",
          "link": "//game.gtimg.cn/images/yxzj/zlkdatasys/audios/audio/20220915/16632391593734.mp3"
        },
        {
          "text": "当今世间，竟真能有人重新激活五雷震鼓。",
          "link": "//game.gtimg.cn/images/yxzj/zlkdatasys/audios/audio/20220915/16632391784980.mp3"
        },
        {
          "text": "也许永远不会结束，也许明天就有回音。",
          "link": "//game.gtimg.cn/images/yxzj/zlkdatasys/audios/audio/20220915/16632392108639.mp3"
        },
        {
          "text": "我必让你肮脏的兵刃，穿透你自己的肋骨。",
          "link": "//game.gtimg.cn/images/yxzj/zlkdatasys/audios/audio/20220915/16632392299811.mp3"
        },
        {
          "text": "你那位总是在一起的朋友呢，为何孤身前来？",
          "link": "//game.gtimg.cn/images/yxzj/zlkdatasys/audios/audio/20221109/16679868689096.mp3"
        },
        {
          "text": "你已经力不从心了，封神者",
          "link": "//game.gtimg.cn/images/yxzj/zlkdatasys/audios/audio/20221109/16679868848219.mp3"
        },
        {
          "text": "向神跪赎你的罪过",
          "link": "//game.gtimg.cn/images/yxzj/zlkdatasys/audios/audio/20221109/16679869029326.mp3"
        }
      ],
      "name": "原皮"
    },
    {
      "voice": [
        {
          "text": "心有所念，意有所极。意有所极，梦亦同趣。",
          "link": "//game.gtimg.cn/images/yxzj/zlkdatasys/audios/audio/20230803/16910528216771.mp3"
        },
        {
          "text": "造访者，告诉我你为何而来？",
          "link": "//game.gtimg.cn/images/yxzj/zlkdatasys/audios/audio/20230803/16910528523077.mp3"
        },
        {
          "text": "我会实现你的愿望，而代价与之相当。",
          "link": "//game.gtimg.cn/images/yxzj/zlkdatasys/audios/audio/20230803/16910528815075.mp3"
        },
        {
          "text": "你将听从所愿的指引，你将迎接命运的必然。",
          "link": "//game.gtimg.cn/images/yxzj/zlkdatasys/audios/audio/20230803/16910530371043.mp3"
        },
        {
          "text": "踏足此间之人，灵魂亦待价而沽。",
          "link": "//game.gtimg.cn/images/yxzj/zlkdatasys/audios/audio/20230803/16910507023086.mp3"
        },
        {
          "text": "没有轻易得来的幸福，任何选择，代价都是沉重的。",
          "link": "//game.gtimg.cn/images/yxzj/zlkdatasys/audios/audio/20230803/16910507347164.mp3"
        },
        {
          "text": "世间珍贵之物，往往在失去后方能呈现它的价值。",
          "link": "//game.gtimg.cn/images/yxzj/zlkdatasys/audios/audio/20230803/16910507588626.mp3"
        },
        {
          "text": "高尚也好，平庸也罢，世人拥有许愿一切的自由。",
          "link": "//game.gtimg.cn/images/yxzj/zlkdatasys/audios/audio/20230803/16910507919825.mp3"
        },
        {
          "text": "所祈念的终得应许，已倾尽的无可赎回。",
          "link": "//game.gtimg.cn/images/yxzj/zlkdatasys/audios/audio/20230803/16910508302053.mp3"
        },
        {
          "text": "曾经照亮虚空的日月，皆随故人的名字一同陨落……",
          "link": "//game.gtimg.cn/images/yxzj/zlkdatasys/audios/audio/20230803/16910508528995.mp3"
        },
        {
          "text": "诀别为轮回的起始，等待是未竟的终局。",
          "link": "//game.gtimg.cn/images/yxzj/zlkdatasys/audios/audio/20230803/16910509428430.mp3"
        },
        {
          "text": "浮生一梦，百年匆匆……",
          "link": "//game.gtimg.cn/images/yxzj/zlkdatasys/audios/audio/20230803/16910510197814.mp3"
        },
        {
          "text": "沉沦于臆想，钟情于虚妄。",
          "link": "//game.gtimg.cn/images/yxzj/zlkdatasys/audios/audio/20230803/16910510692544.mp3"
        },
        {
          "text": "汝愿既闻，可归去矣。",
          "link": "//game.gtimg.cn/images/yxzj/zlkdatasys/audios/audio/20230803/16910511171895.mp3"
        },
        {
          "text": "珠玑阁地处虚空之界，亦在人心之间。",
          "link": "//game.gtimg.cn/images/yxzj/zlkdatasys/audios/audio/20230803/16910511611711.mp3"
        },
        {
          "text": "长夜未尽，故人未归。",
          "link": "//game.gtimg.cn/images/yxzj/zlkdatasys/audios/audio/20230803/16910512015587.mp3"
        },
        {
          "text": "永恒，不过是每一个孤独的瞬息。",
          "link": "//game.gtimg.cn/images/yxzj/zlkdatasys/audios/audio/20230803/16910513101796.mp3"
        },
        {
          "text": "贪嗔痴。",
          "link": "//game.gtimg.cn/images/yxzj/zlkdatasys/audios/audio/20230803/16910513452501.mp3"
        },
        {
          "text": "怨憎会。",
          "link": "//game.gtimg.cn/images/yxzj/zlkdatasys/audios/audio/20230803/16910513687584.mp3"
        },
        {
          "text": "万般皆苦。",
          "link": "//game.gtimg.cn/images/yxzj/zlkdatasys/audios/audio/20230803/16910514364337.mp3"
        },
        {
          "text": "爱别离。",
          "link": "//game.gtimg.cn/images/yxzj/zlkdatasys/audios/audio/20230803/16910514636075.mp3"
        },
        {
          "text": "求不得。",
          "link": "//game.gtimg.cn/images/yxzj/zlkdatasys/audios/audio/20230803/16910515234369.mp3"
        },
        {
          "text": "万法皆空。",
          "link": "//game.gtimg.cn/images/yxzj/zlkdatasys/audios/audio/20230803/16910515517072.mp3"
        },
        {
          "text": "引魂。",
          "link": "//game.gtimg.cn/images/yxzj/zlkdatasys/audios/audio/20230803/16910515859015.mp3"
        },
        {
          "text": "入幻。",
          "link": "//game.gtimg.cn/images/yxzj/zlkdatasys/audios/audio/20230803/16910516221067.mp3"
        },
        {
          "text": "此灯，照彼归途。",
          "link": "//game.gtimg.cn/images/yxzj/zlkdatasys/audios/audio/20230803/16910516703845.mp3"
        },
        {
          "text": "如梦如幻之月。",
          "link": "//game.gtimg.cn/images/yxzj/zlkdatasys/audios/audio/20230803/16910517705706.mp3"
        },
        {
          "text": "似真似妄之花。",
          "link": "//game.gtimg.cn/images/yxzj/zlkdatasys/audios/audio/20230803/16910517999118.mp3"
        },
        {
          "text": "非虚非实，非生非灭。",
          "link": "//game.gtimg.cn/images/yxzj/zlkdatasys/audios/audio/20230803/16910518374694.mp3"
        },
        {
          "text": "本来无我，何故执着？",
          "link": "//game.gtimg.cn/images/yxzj/zlkdatasys/audios/audio/20230803/16910518696312.mp3"
        },
        {
          "text": "镜花水月，终成虚影。",
          "link": "//game.gtimg.cn/images/yxzj/zlkdatasys/audios/audio/20230803/16910519381438.mp3"
        },
        {
          "text": "锁断三春处，我亦是囚徒……",
          "link": "//game.gtimg.cn/images/yxzj/zlkdatasys/audios/audio/20230803/16910519676267.mp3"
        },
        {
          "text": "三千繁华世，朦胧烟雾中。",
          "link": "//game.gtimg.cn/images/yxzj/zlkdatasys/audios/audio/20230803/16910520157116.mp3"
        }
      ],
      "name": "浮梦罗烟"
    },
    {
      "voice": [
        {
          "text": "负日上天衢，八荒遍明光。",
          "link": "//game.gtimg.cn/images/yxzj/zlkdatasys/audios/audio/20240425/17140407664000.mp3"
        },
        {
          "text": "遂古初，列星隐，今凿破浊晦，广耀诸域！",
          "link": "//game.gtimg.cn/images/yxzj/zlkdatasys/audios/audio/20240425/17140407872558.mp3"
        },
        {
          "text": "西临若木，东谒扶桑，往来如梭，千年不休。",
          "link": "//game.gtimg.cn/images/yxzj/zlkdatasys/audios/audio/20240425/17140408119664.mp3"
        },
        {
          "text": "纵目之人，乃逐光而生。",
          "link": "//game.gtimg.cn/images/yxzj/zlkdatasys/audios/audio/20240425/17140327303455.mp3"
        },
        {
          "text": "昔者上无日星，举世皆夜，九天同冥。",
          "link": "//game.gtimg.cn/images/yxzj/zlkdatasys/audios/audio/20240425/17140326962664.mp3"
        },
        {
          "text": "且赴甘渊羁彤日，重霄当昼，命陨东极何惧！",
          "link": "//game.gtimg.cn/images/yxzj/zlkdatasys/audios/audio/20240425/17140326695558.mp3"
        },
        {
          "text": "残魄朝桑犹未悔，故土磬音唤归来。",
          "link": "//game.gtimg.cn/images/yxzj/zlkdatasys/audios/audio/20240425/17140326336120.mp3"
        },
        {
          "text": "曾经的部族已隐于尘沙，唯余汤谷高阳始终照拂着人间。",
          "link": "//game.gtimg.cn/images/yxzj/zlkdatasys/audios/audio/20240425/17140325927842.mp3"
        },
        {
          "text": "人力或可穷，意气不可尽去。",
          "link": "//game.gtimg.cn/images/yxzj/zlkdatasys/audios/audio/20240425/17140325549762.mp3"
        },
        {
          "text": "危崖高千仞，难遏双翼；瘴雾绝万顷，弗困炽心。",
          "link": "//game.gtimg.cn/images/yxzj/zlkdatasys/audios/audio/20240425/17140325026736.mp3"
        },
        {
          "text": "翎曜四方以律天时，道分十二以执月令。",
          "link": "//game.gtimg.cn/images/yxzj/zlkdatasys/audios/audio/20240425/17140324675296.mp3"
        },
        {
          "text": "怎能再次沉入黑暗……",
          "link": "//game.gtimg.cn/images/yxzj/zlkdatasys/audios/audio/20240425/17140329439137.mp3"
        },
        {
          "text": "太曦破长夜！",
          "link": "//game.gtimg.cn/images/yxzj/zlkdatasys/audios/audio/20240425/17140327623308.mp3"
        },
        {
          "text": "宵小之辈，何与九天争辉？",
          "link": "//game.gtimg.cn/images/yxzj/zlkdatasys/audios/audio/20240425/17140278137540.mp3"
        },
        {
          "text": "神魂作金翅，奋飞出扶桑。",
          "link": "//game.gtimg.cn/images/yxzj/zlkdatasys/audios/audio/20240425/17140277184259.mp3"
        },
        {
          "text": "此后乾坤沧海，无幽不烛。",
          "link": "//game.gtimg.cn/images/yxzj/zlkdatasys/audios/audio/20240425/17140328417592.mp3"
        },
        {
          "text": "凝晖！",
          "link": "//game.gtimg.cn/images/yxzj/zlkdatasys/audios/audio/20240425/17140323699305.mp3"
        },
        {
          "text": "拂晓！",
          "link": "//game.gtimg.cn/images/yxzj/zlkdatasys/audios/audio/20240425/17140323352609.mp3"
        },
        {
          "text": "丹曦彻！",
          "link": "//game.gtimg.cn/images/yxzj/zlkdatasys/audios/audio/20240425/17140323138410.mp3"
        },
        {
          "text": "振羽！",
          "link": "//game.gtimg.cn/images/yxzj/zlkdatasys/audios/audio/20240425/17140320763349.mp3"
        },
        {
          "text": "栖枝！",
          "link": "//game.gtimg.cn/images/yxzj/zlkdatasys/audios/audio/20240425/17140320267571.mp3"
        },
        {
          "text": "观盈虚！",
          "link": "//game.gtimg.cn/images/yxzj/zlkdatasys/audios/audio/20240425/17140293886883.mp3"
        },
        {
          "text": "往迹流金！",
          "link": "//game.gtimg.cn/images/yxzj/zlkdatasys/audios/audio/20240425/17140289826371.mp3"
        },
        {
          "text": "太巫遗泽！",
          "link": "//game.gtimg.cn/images/yxzj/zlkdatasys/audios/audio/20240425/17140289259511.mp3"
        },
        {
          "text": "迢递千载！",
          "link": "//game.gtimg.cn/images/yxzj/zlkdatasys/audios/audio/20240425/17140288901022.mp3"
        },
        {
          "text": "孤影曜众生。",
          "link": "//game.gtimg.cn/images/yxzj/zlkdatasys/audios/audio/20240425/17140286524883.mp3"
        },
        {
          "text": "扶木映古今！",
          "link": "//game.gtimg.cn/images/yxzj/zlkdatasys/audios/audio/20240425/17140284202071.mp3"
        },
        {
          "text": "落照倾沙。",
          "link": "//game.gtimg.cn/images/yxzj/zlkdatasys/audios/audio/20240425/17140281053526.mp3"
        },
        {
          "text": "金乌衔明。",
          "link": "//game.gtimg.cn/images/yxzj/zlkdatasys/audios/audio/20240425/17140280663916.mp3"
        },
        {
          "text": "素景南流，石火光阴。",
          "link": "//game.gtimg.cn/images/yxzj/zlkdatasys/audios/audio/20240425/17140279722675.mp3"
        },
        {
          "text": "浮云万变，朝暮沧桑。",
          "link": "//game.gtimg.cn/images/yxzj/zlkdatasys/audios/audio/20240425/17140278374211.mp3"
        },
        {
          "text": "杲杲薄虞渊。",
          "link": "//game.gtimg.cn/images/yxzj/zlkdatasys/audios/audio/20240425/17140328915769.mp3"
        },
        {
          "text": "万物生灭俱有时。",
          "link": "//game.gtimg.cn/images/yxzj/zlkdatasys/audios/audio/20240425/17140327915855.mp3"
        }
      ],
      "name": "金乌负日"
    }
  ]
}
