{
  "data": [
    {
      "voice": [
        {
          "text": "千窟为佑，太平无忧",
          "link": "//game.gtimg.cn/images/yxzj/zlkdatasys/audios/audio/20220407/16493142509157.wav"
        },
        {
          "text": "无知是恶",
          "link": "//game.gtimg.cn/images/yxzj/zlkdatasys/audios/audio/20220407/16493143382281.wav"
        },
        {
          "text": "既皈依文明，绝不轻易令其破灭",
          "link": "//game.gtimg.cn/images/yxzj/zlkdatasys/audios/audio/20220407/16493143654164.wav"
        },
        {
          "text": "羌笛何须怨杨柳，春风不度玉门关",
          "link": "//game.gtimg.cn/images/yxzj/zlkdatasys/audios/audio/20220407/16493147556451.wav"
        },
        {
          "text": "你我的姓名，将湮灭于野火。家乡的魂灵，随原上草木而复苏。",
          "link": "//game.gtimg.cn/images/yxzj/zlkdatasys/audios/audio/20220407/16493147776248.wav"
        },
        {
          "text": "书本是转瞬即逝的东西，唯有文明才能长存不灭。",
          "link": "//game.gtimg.cn/images/yxzj/zlkdatasys/audios/audio/20220407/16493148323429.wav"
        },
        {
          "text": "不知古道上的风从何处起，可它去往的是故里。",
          "link": "//game.gtimg.cn/images/yxzj/zlkdatasys/audios/audio/20220407/16493148594029.wav"
        },
        {
          "text": "当学问走过漫漫古道凿刻入千窟，心也从愚昧中苏醒。",
          "link": "//game.gtimg.cn/images/yxzj/zlkdatasys/audios/audio/20220407/16493151395635.wav"
        },
        {
          "text": "千窟为佑，万代千秋",
          "link": "//game.gtimg.cn/images/yxzj/zlkdatasys/audios/audio/20220407/16493162772193.wav"
        },
        {
          "text": "学识告诉你何谓不可触碰",
          "link": "//game.gtimg.cn/images/yxzj/zlkdatasys/audios/audio/20220407/16493163278249.wav"
        },
        {
          "text": "消散愚昧！",
          "link": "//game.gtimg.cn/images/yxzj/zlkdatasys/audios/audio/20220407/16493163571615.wav"
        },
        {
          "text": "不学无术的悲哀",
          "link": "//game.gtimg.cn/images/yxzj/zlkdatasys/audios/audio/20220407/16493169619972.wav"
        },
        {
          "text": "读过六道的文字，才能安心抵达彼岸净土",
          "link": "//game.gtimg.cn/images/yxzj/zlkdatasys/audios/audio/20220407/16493170029704.wav"
        },
        {
          "text": "寻回典籍是我的责任，就像寻回长城是你的责任。",
          "link": "//game.gtimg.cn/images/yxzj/zlkdatasys/audios/audio/20220407/16493182234710.wav"
        },
        {
          "text": "每个人从出生起，就走上自己的归乡路。",
          "link": "//game.gtimg.cn/images/yxzj/zlkdatasys/audios/audio/20220407/16493182489800.wav"
        },
        {
          "text": "典籍记载着血脉中的故里。忘不掉，抹不去。",
          "link": "//game.gtimg.cn/images/yxzj/zlkdatasys/audios/audio/20220407/16493182737908.wav"
        },
        {
          "text": "也想走马看一次长安的花，要为我引路吗？",
          "link": "//game.gtimg.cn/images/yxzj/zlkdatasys/audios/audio/20220407/16493182987830.wav"
        },
        {
          "text": "瓣鳞花凋零又盛开，有人却一去不再来。",
          "link": "//game.gtimg.cn/images/yxzj/zlkdatasys/audios/audio/20220407/16493183157063.wav"
        },
        {
          "text": "多多读书，你的偶像才会欣赏你呢",
          "link": "//game.gtimg.cn/images/yxzj/zlkdatasys/audios/audio/20220407/16493183629866.wav"
        },
        {
          "text": "古道是树，典籍和学问就是树上的繁花。",
          "link": "//game.gtimg.cn/images/yxzj/zlkdatasys/audios/audio/20220407/16493183867416.wav"
        },
        {
          "text": "若你的心需要安放，去把它刻在长城上吧。",
          "link": "//game.gtimg.cn/images/yxzj/zlkdatasys/audios/audio/20220407/16493184335904.wav"
        },
        {
          "text": "何不执笔写下菜谱，千百年后人们仍会热爱你的味道。",
          "link": "//game.gtimg.cn/images/yxzj/zlkdatasys/audios/audio/20220407/16493184734408.wav"
        },
        {
          "text": "做不到自律，就等于自我放弃。",
          "link": "//game.gtimg.cn/images/yxzj/zlkdatasys/audios/audio/20220407/16493185132944.wav"
        },
        {
          "text": "真正的真理不让你因执着而狂热",
          "link": "//game.gtimg.cn/images/yxzj/zlkdatasys/audios/audio/20220407/16493185472082.wav"
        },
        {
          "text": "起一声羌笛，在长城远眺瓣鳞花，没有比这更美好的风景",
          "link": "//game.gtimg.cn/images/yxzj/zlkdatasys/audios/audio/20220407/16493185989363.wav"
        },
        {
          "text": "若学会文字，机关也会拥有人性吧。",
          "link": "//game.gtimg.cn/images/yxzj/zlkdatasys/audios/audio/20220407/16493186574180.wav"
        },
        {
          "text": "长安路远，遥望的恐怕不过旧梦一场",
          "link": "//game.gtimg.cn/images/yxzj/zlkdatasys/audios/audio/20220407/16493186971969.wav"
        },
        {
          "text": "你血管里流淌着的就是黑火药吧",
          "link": "//game.gtimg.cn/images/yxzj/zlkdatasys/audios/audio/20220407/16493187379824.wav"
        },
        {
          "text": "胡乱的狂热，嗯，需要罚抄一百遍经文来冷静呢。",
          "link": "//game.gtimg.cn/images/yxzj/zlkdatasys/audios/audio/20220407/16493187852668.wav"
        },
        {
          "text": "想挽留的，已渐行渐远。犹如被抛弃的故土。",
          "link": "//game.gtimg.cn/images/yxzj/zlkdatasys/audios/audio/20220407/16493188257163.wav"
        },
        {
          "text": "千窟不会偏信任何人，历史自有他的判断。",
          "link": "//game.gtimg.cn/images/yxzj/zlkdatasys/audios/audio/20220915/16632394985046.mp3"
        },
        {
          "text": "云中生乱，多年平静，又起风云",
          "link": "//game.gtimg.cn/images/yxzj/zlkdatasys/audios/audio/20221109/16679868075473.mp3"
        }
      ],
      "name": "原皮"
    },
    {
      "voice": [
        {
          "text": "一发入魂！",
          "link": "//game.gtimg.cn/images/yxzj/zlkdatasys/audios/audio/20220407/16493189674040.wav"
        },
        {
          "text": "比利箭更稳的，是我本人",
          "link": "//game.gtimg.cn/images/yxzj/zlkdatasys/audios/audio/20220407/16493190169955.wav"
        },
        {
          "text": "你在我心头的第一章",
          "link": "//game.gtimg.cn/images/yxzj/zlkdatasys/audios/audio/20220407/16493190508425.wav"
        },
        {
          "text": "除非你在我的门前，用柳枝筑一个靶心",
          "link": "//game.gtimg.cn/images/yxzj/zlkdatasys/audios/audio/20220407/16493191124666.wav"
        },
        {
          "text": "除非你会一直吟咏着被冷淡的诗篇",
          "link": "//game.gtimg.cn/images/yxzj/zlkdatasys/audios/audio/20220407/16493191404001.wav"
        },
        {
          "text": "或者，你可以向整个赛场呼喊，让所有的风都叫着我的名字",
          "link": "//game.gtimg.cn/images/yxzj/zlkdatasys/audios/audio/20220407/16493191669734.wav"
        },
        {
          "text": "如果这支箭没有穿过你的信，那就代表着拒绝",
          "link": "//game.gtimg.cn/images/yxzj/zlkdatasys/audios/audio/20220407/16493192838922.wav"
        },
        {
          "text": "一支真心准备的花，胜过千朵玫瑰",
          "link": "//game.gtimg.cn/images/yxzj/zlkdatasys/audios/audio/20220407/16493193581928.wav"
        },
        {
          "text": "下个赛场再见",
          "link": "//game.gtimg.cn/images/yxzj/zlkdatasys/audios/audio/20220407/16493194728727.wav"
        },
        {
          "text": "当心，朋友",
          "link": "//game.gtimg.cn/images/yxzj/zlkdatasys/audios/audio/20220407/16493196183904.wav"
        },
        {
          "text": "有些伤害比我能看见的远",
          "link": "//game.gtimg.cn/images/yxzj/zlkdatasys/audios/audio/20220407/16493196553983.wav"
        },
        {
          "text": "别堵在那，请让下路",
          "link": "//game.gtimg.cn/images/yxzj/zlkdatasys/audios/audio/20220407/16493197795100.wav"
        },
        {
          "text": "学会沉默吧",
          "link": "//game.gtimg.cn/images/yxzj/zlkdatasys/audios/audio/20220407/16493199493565.wav"
        },
        {
          "text": "骄傲值得分享",
          "link": "//game.gtimg.cn/images/yxzj/zlkdatasys/audios/audio/20220407/16493200398565.wav"
        },
        {
          "text": "理解胜于一切！",
          "link": "//game.gtimg.cn/images/yxzj/zlkdatasys/audios/audio/20220407/16493200602575.wav"
        },
        {
          "text": "坚不可摧的胜利！",
          "link": "//game.gtimg.cn/images/yxzj/zlkdatasys/audios/audio/20220407/16493205152071.wav"
        },
        {
          "text": "要为你列一张无用之举的清单么？",
          "link": "//game.gtimg.cn/images/yxzj/zlkdatasys/audios/audio/20220407/16493205558648.wav"
        }
      ],
      "name": "箭羽风息"
    },
    {
      "voice": [
        {
          "text": "撼天地，镇乾坤",
          "link": "//game.gtimg.cn/images/yxzj/zlkdatasys/audios/audio/20220414/16499331422842.mp3"
        },
        {
          "text": "华山如立，不可摧折",
          "link": "//game.gtimg.cn/images/yxzj/zlkdatasys/audios/audio/20220414/16499331544870.mp3"
        },
        {
          "text": "鸿蒙既破！",
          "link": "//game.gtimg.cn/images/yxzj/zlkdatasys/audios/audio/20220414/16499331726911.mp3"
        },
        {
          "text": "屹立于此的，是历代传承之意志",
          "link": "//game.gtimg.cn/images/yxzj/zlkdatasys/audios/audio/20220407/16493219381894.wav"
        },
        {
          "text": "通往太平之路，自古只有一条",
          "link": "//game.gtimg.cn/images/yxzj/zlkdatasys/audios/audio/20220407/16493219899900.wav"
        },
        {
          "text": "箭在弦上，便从未想过回头",
          "link": "//game.gtimg.cn/images/yxzj/zlkdatasys/audios/audio/20220407/16493220678945.wav"
        },
        {
          "text": "以百敌一的勇气，胜于以一敌百的力量",
          "link": "//game.gtimg.cn/images/yxzj/zlkdatasys/audios/audio/20220407/16493221421404.wav"
        },
        {
          "text": "或许千年后，有人会在此留下诗篇",
          "link": "//game.gtimg.cn/images/yxzj/zlkdatasys/audios/audio/20220407/16493223966377.wav"
        },
        {
          "text": "这把弓，交给你了…",
          "link": "//game.gtimg.cn/images/yxzj/zlkdatasys/audios/audio/20220407/16493224314577.wav"
        },
        {
          "text": "积英魂为山，集众志成城",
          "link": "//game.gtimg.cn/images/yxzj/zlkdatasys/audios/audio/20220407/16493224826969.wav"
        },
        {
          "text": "故土，始终在我身后",
          "link": "//game.gtimg.cn/images/yxzj/zlkdatasys/audios/audio/20220407/16493225186767.wav"
        },
        {
          "text": "休想再前进一步！",
          "link": "//game.gtimg.cn/images/yxzj/zlkdatasys/audios/audio/20220407/16493225624422.wav"
        },
        {
          "text": "我等的 就是此刻~",
          "link": "//game.gtimg.cn/images/yxzj/zlkdatasys/audios/audio/20220407/16493226127910.wav"
        },
        {
          "text": "永安之箭，这是你的名字",
          "link": "//game.gtimg.cn/images/yxzj/zlkdatasys/audios/audio/20220407/16493226481336.wav"
        },
        {
          "text": "那天，人间会再次响起清平乐",
          "link": "//game.gtimg.cn/images/yxzj/zlkdatasys/audios/audio/20220407/16493226877509.wav"
        },
        {
          "text": "狼烟证明，你我曾并肩战斗",
          "link": "//game.gtimg.cn/images/yxzj/zlkdatasys/audios/audio/20220407/16493227246194.wav"
        },
        {
          "text": "历史会以特殊的方式铭记你",
          "link": "//game.gtimg.cn/images/yxzj/zlkdatasys/audios/audio/20220407/16493227675237.wav"
        },
        {
          "text": "你所牵挂的，比我更为深远",
          "link": "//game.gtimg.cn/images/yxzj/zlkdatasys/audios/audio/20220428/16511310071131.mp3"
        }
      ],
      "name": "太华"
    },
    {
      "voice": [
        {
          "text": "这里有我，并且不止有我！",
          "link": "//game.gtimg.cn/images/yxzj/zlkdatasys/audios/audio/20220415/16499939005837.mp3"
        },
        {
          "text": "追溯至暗之夜，方见至明之光！",
          "link": "//game.gtimg.cn/images/yxzj/zlkdatasys/audios/audio/20220415/16499939142696.mp3"
        },
        {
          "text": "过往，给予我们向前的力量！",
          "link": "//game.gtimg.cn/images/yxzj/zlkdatasys/audios/audio/20220415/16499939284040.mp3"
        },
        {
          "text": "一座城市的消亡，大多从遗忘开始",
          "link": "//game.gtimg.cn/images/yxzj/zlkdatasys/audios/audio/20220407/16493230466520.wav"
        },
        {
          "text": "超越历史，天狼守则第三条",
          "link": "//game.gtimg.cn/images/yxzj/zlkdatasys/audios/audio/20220407/16493231425705.wav"
        },
        {
          "text": "重要的不是传说讲述的年代，而是讲述传说的年代",
          "link": "//game.gtimg.cn/images/yxzj/zlkdatasys/audios/audio/20220407/16493231643471.wav"
        },
        {
          "text": "选题天马行空，研究脚踏实地",
          "link": "//game.gtimg.cn/images/yxzj/zlkdatasys/audios/audio/20220407/16493231886510.wav"
        },
        {
          "text": "必要的感性，也是理性的一部分",
          "link": "//game.gtimg.cn/images/yxzj/zlkdatasys/audios/audio/20220407/16493232076971.wav"
        },
        {
          "text": "从不相信幸运日，但1号的确常有好事发生",
          "link": "//game.gtimg.cn/images/yxzj/zlkdatasys/audios/audio/20220407/16493232319461.wav"
        },
        {
          "text": "我所信仰的唯一科学，叫做历史学",
          "link": "//game.gtimg.cn/images/yxzj/zlkdatasys/audios/audio/20220407/16493233023951.wav"
        },
        {
          "text": "从来都不止有…...我们……",
          "link": "//game.gtimg.cn/images/yxzj/zlkdatasys/audios/audio/20220407/16493238936775.wav"
        },
        {
          "text": "召唤曙光！",
          "link": "//game.gtimg.cn/images/yxzj/zlkdatasys/audios/audio/20220407/16493239605566.wav"
        },
        {
          "text": "信仰，永不磨灭！",
          "link": "//game.gtimg.cn/images/yxzj/zlkdatasys/audios/audio/20220407/16493239823208.wav"
        },
        {
          "text": "罪恶，在有效射程之内！",
          "link": "//game.gtimg.cn/images/yxzj/zlkdatasys/audios/audio/20220407/16493240054027.wav"
        },
        {
          "text": "分析结果表明，你的历史价值是负数~",
          "link": "//game.gtimg.cn/images/yxzj/zlkdatasys/audios/audio/20220407/16493240443493.wav"
        },
        {
          "text": "清除错误数据！",
          "link": "//game.gtimg.cn/images/yxzj/zlkdatasys/audios/audio/20220407/16493240877668.wav"
        },
        {
          "text": "计划编码5358，你准备好了吗？",
          "link": "//game.gtimg.cn/images/yxzj/zlkdatasys/audios/audio/20220407/16493241263919.wav"
        },
        {
          "text": "主宰变迁史，学术报告的首个课题~",
          "link": "//game.gtimg.cn/images/yxzj/zlkdatasys/audios/audio/20220407/16493241648457.wav"
        },
        {
          "text": "计划代号“天狼星”，进度一切顺利",
          "link": "//game.gtimg.cn/images/yxzj/zlkdatasys/audios/audio/20220407/16493243918222.wav"
        },
        {
          "text": "这次干的漂亮，老虎！",
          "link": "//game.gtimg.cn/images/yxzj/zlkdatasys/audios/audio/20220407/16493245042086.wav"
        },
        {
          "text": "某个画家，答应过我一幅生日礼物哦~",
          "link": "//game.gtimg.cn/images/yxzj/zlkdatasys/audios/audio/20220407/16493247018600.wav"
        },
        {
          "text": "辛苦啦，我们的小朋友~",
          "link": "//game.gtimg.cn/images/yxzj/zlkdatasys/audios/audio/20220407/16493248333000.wav"
        },
        {
          "text": "别误会，我为信仰工作，可不是为了老板",
          "link": "//game.gtimg.cn/images/yxzj/zlkdatasys/audios/audio/20220407/16493250336191.wav"
        },
        {
          "text": "老虎，至今无法用科学解释的生物",
          "link": "//game.gtimg.cn/images/yxzj/zlkdatasys/audios/audio/20220407/16493251416941.wav"
        },
        {
          "text": "当心些，作画者最容易忘记自己的样子",
          "link": "//game.gtimg.cn/images/yxzj/zlkdatasys/audios/audio/20220407/16493251848547.wav"
        },
        {
          "text": "聪明的小朋友更需要多读书哦~",
          "link": "//game.gtimg.cn/images/yxzj/zlkdatasys/audios/audio/20220407/16493252213957.wav"
        },
        {
          "text": "天狼星小队集结完毕，行动开始！",
          "link": "//game.gtimg.cn/images/yxzj/zlkdatasys/audios/audio/20220414/16499249798870.wav"
        }
      ],
      "name": "天狼溯光者"
    },
    {
      "voice": [
        {
          "text": "我自极北的天际，应你心愿而来。",
          "link": "//game.gtimg.cn/images/yxzj/zlkdatasys/audios/audio/20230216/16765281907887.mp3"
        },
        {
          "text": "圣光所至，黑夜尽褪。",
          "link": "//game.gtimg.cn/images/yxzj/zlkdatasys/audios/audio/20230216/16765282142797.mp3"
        },
        {
          "text": "人与龙的重逢，因理解而有意义。",
          "link": "//game.gtimg.cn/images/yxzj/zlkdatasys/audios/audio/20230216/16765282377446.mp3"
        },
        {
          "text": "只需相遇，你我就能拉近苍穹与大地的距离。",
          "link": "//game.gtimg.cn/images/yxzj/zlkdatasys/audios/audio/20230214/16763594018679.mp3"
        },
        {
          "text": "千年来，长夜无边无际，我们都被困在仇恨的牢笼里。",
          "link": "//game.gtimg.cn/images/yxzj/zlkdatasys/audios/audio/20230214/16763594338982.mp3"
        },
        {
          "text": "此后，天空的后裔和大地的子民会流传于同一个传说。",
          "link": "//game.gtimg.cn/images/yxzj/zlkdatasys/audios/audio/20230214/16763594624941.mp3"
        },
        {
          "text": "他说他并不怕我。",
          "link": "//game.gtimg.cn/images/yxzj/zlkdatasys/audios/audio/20230214/16763594922304.mp3"
        },
        {
          "text": "我们都各自孤单地走了太久。",
          "link": "//game.gtimg.cn/images/yxzj/zlkdatasys/audios/audio/20230214/16763595101150.mp3"
        },
        {
          "text": "羁绊，来源于温暖的火焰与烤面包的香气。",
          "link": "//game.gtimg.cn/images/yxzj/zlkdatasys/audios/audio/20230214/16763595306011.mp3"
        },
        {
          "text": "隔阂不会因一人而终，但和解必须从一人而起。",
          "link": "//game.gtimg.cn/images/yxzj/zlkdatasys/audios/audio/20230214/16763595624265.mp3"
        },
        {
          "text": "点燃黑夜的，并非只有我。",
          "link": "//game.gtimg.cn/images/yxzj/zlkdatasys/audios/audio/20230214/16763595921017.mp3"
        },
        {
          "text": "希望不灭，我们就会再次相聚。",
          "link": "//game.gtimg.cn/images/yxzj/zlkdatasys/audios/audio/20230214/16763596408707.mp3"
        },
        {
          "text": "阴云不会再次遮蔽这片土地。",
          "link": "//game.gtimg.cn/images/yxzj/zlkdatasys/audios/audio/20230214/16763596799395.mp3"
        },
        {
          "text": "偏见才是最大的懦弱。",
          "link": "//game.gtimg.cn/images/yxzj/zlkdatasys/audios/audio/20230214/16763597072072.mp3"
        },
        {
          "text": "照亮，更远的地方。",
          "link": "//game.gtimg.cn/images/yxzj/zlkdatasys/audios/audio/20230214/16763597893162.mp3"
        },
        {
          "text": "你相信光吗？",
          "link": "//game.gtimg.cn/images/yxzj/zlkdatasys/audios/audio/20230214/16763598085445.mp3"
        },
        {
          "text": "龙之吐息！",
          "link": "//game.gtimg.cn/images/yxzj/zlkdatasys/audios/audio/20230214/16763598355692.mp3"
        },
        {
          "text": "驱散极夜！",
          "link": "//game.gtimg.cn/images/yxzj/zlkdatasys/audios/audio/20230214/16763598555398.mp3"
        },
        {
          "text": "黎明燃起！",
          "link": "//game.gtimg.cn/images/yxzj/zlkdatasys/audios/audio/20230214/16763598881259.mp3"
        },
        {
          "text": "目之所及，皆是净土。",
          "link": "//game.gtimg.cn/images/yxzj/zlkdatasys/audios/audio/20230214/16763599868035.mp3"
        }
      ],
      "name": "炽翼辉光"
    },
    {
      "voice": [
        {
          "text": "以截星者为名，誓为守护文明而战",
          "link": "//game.gtimg.cn/images/yxzj/zlkdatasys/audios/audio/20240202/17068675647660.mp3"
        },
        {
          "text": "白昼将尽，但人类的勇气会在宇宙的黑夜中燃起",
          "link": "//game.gtimg.cn/images/yxzj/zlkdatasys/audios/audio/20240202/17068675808189.mp3"
        },
        {
          "text": "计算风暴的轨迹，寻回失落的英雄",
          "link": "//game.gtimg.cn/images/yxzj/zlkdatasys/audios/audio/20240202/17068675996142.mp3"
        },
        {
          "text": "请求批准救援行动——我会前往风伯，带每一个队员回家。",
          "link": "//game.gtimg.cn/images/yxzj/zlkdatasys/audios/audio/20240202/17068676153261.mp3"
        },
        {
          "text": "熵增是宇宙的法则，逆熵而行是文明的选择",
          "link": "//game.gtimg.cn/images/yxzj/zlkdatasys/audios/audio/20240202/17068427039627.mp3"
        },
        {
          "text": "仰望星空，只为守护人类仅存的故土",
          "link": "//game.gtimg.cn/images/yxzj/zlkdatasys/audios/audio/20240202/17068427519136.mp3"
        },
        {
          "text": "越透明的事物，越暗藏危机，宇宙如此，琥珀亦如此",
          "link": "//game.gtimg.cn/images/yxzj/zlkdatasys/audios/audio/20240202/17068427721333.mp3"
        },
        {
          "text": "在风暴到达之前，没有人意识到文明的轨迹已经偏移",
          "link": "//game.gtimg.cn/images/yxzj/zlkdatasys/audios/audio/20240202/17068427988679.mp3"
        },
        {
          "text": "人类的存续是宇宙的偶然，却是无数牺牲者换来的必然",
          "link": "//game.gtimg.cn/images/yxzj/zlkdatasys/audios/audio/20240202/17068428144225.mp3"
        },
        {
          "text": "月球已经陨落，但远方还有人在怀念故乡",
          "link": "//game.gtimg.cn/images/yxzj/zlkdatasys/audios/audio/20240202/17068428335296.mp3"
        },
        {
          "text": "我们用琥珀改造了世界，也无意间改变了自己",
          "link": "//game.gtimg.cn/images/yxzj/zlkdatasys/audios/audio/20240202/17068428555639.mp3"
        },
        {
          "text": "舍弃所有人性的进化，终将造就面目全非的文明。",
          "link": "//game.gtimg.cn/images/yxzj/zlkdatasys/audios/audio/20240202/17068429182325.mp3"
        },
        {
          "text": "物理学，敢于直面失败的过往，敢于追问未来的方向。",
          "link": "//game.gtimg.cn/images/yxzj/zlkdatasys/audios/audio/20240202/17068429353792.mp3"
        },
        {
          "text": "（截星计划一阶段结束，准备进入冬眠，倒计时50年）",
          "link": "//game.gtimg.cn/images/yxzj/zlkdatasys/audios/audio/20240202/17068435662067.mp3"
        },
        {
          "text": "分类为科幻的古籍，预言过这个时代的幸与不幸。",
          "link": "//game.gtimg.cn/images/yxzj/zlkdatasys/audios/audio/20240202/17068436387429.mp3"
        },
        {
          "text": "（截星计划二阶段结束，准备进入冬眠，倒计时50年）",
          "link": "//game.gtimg.cn/images/yxzj/zlkdatasys/audios/audio/20240202/17068436894115.mp3"
        },
        {
          "text": "每次苏醒，都得学会告别一部分自我。",
          "link": "//game.gtimg.cn/images/yxzj/zlkdatasys/audios/audio/20240202/17068437195107.mp3"
        },
        {
          "text": "（截星计划三阶段失败，冬眠提前结束，准备启动唤醒）",
          "link": "//game.gtimg.cn/images/yxzj/zlkdatasys/audios/audio/20240202/17068437489169.mp3"
        },
        {
          "text": "收到空间站信号，现在，轮到我们去拯救他们",
          "link": "//game.gtimg.cn/images/yxzj/zlkdatasys/audios/audio/20240202/17068437876415.mp3"
        },
        {
          "text": "生而为人，不会放弃任何一个同胞……",
          "link": "//game.gtimg.cn/images/yxzj/zlkdatasys/audios/audio/20240202/17068438106673.mp3"
        },
        {
          "text": "傲慢的双眼看不到渺小的生命，也同样看不到渺小的自身",
          "link": "//game.gtimg.cn/images/yxzj/zlkdatasys/audios/audio/20240202/17068438288180.mp3"
        },
        {
          "text": "宇宙不在乎，但我在乎！",
          "link": "//game.gtimg.cn/images/yxzj/zlkdatasys/audios/audio/20240202/17068439225222.mp3"
        },
        {
          "text": "超越已知维度！",
          "link": "//game.gtimg.cn/images/yxzj/zlkdatasys/audios/audio/20240202/17068439473455.mp3"
        },
        {
          "text": "拓展理论边界！",
          "link": "//game.gtimg.cn/images/yxzj/zlkdatasys/audios/audio/20240202/17068439649124.mp3"
        },
        {
          "text": "真理，令无知者静默！",
          "link": "//game.gtimg.cn/images/yxzj/zlkdatasys/audios/audio/20240202/17068439889128.mp3"
        },
        {
          "text": "希望，穿越星辉之上！",
          "link": "//game.gtimg.cn/images/yxzj/zlkdatasys/audios/audio/20240202/17068440251066.mp3"
        },
        {
          "text": "以文明点亮岁月！",
          "link": "//game.gtimg.cn/images/yxzj/zlkdatasys/audios/audio/20240202/17068440573005.mp3"
        },
        {
          "text": "人类群星闪耀之时！",
          "link": "//game.gtimg.cn/images/yxzj/zlkdatasys/audios/audio/20240202/17068441302412.mp3"
        },
        {
          "text": "记住这个名字——截星者！",
          "link": "//game.gtimg.cn/images/yxzj/zlkdatasys/audios/audio/20240202/17068441491164.mp3"
        },
        {
          "text": "这次，和我一起回家",
          "link": "//game.gtimg.cn/images/yxzj/zlkdatasys/audios/audio/20240202/17068442105263.mp3"
        },
        {
          "text": "希望铸就的箭矢，比任何武器都更加锐利",
          "link": "//game.gtimg.cn/images/yxzj/zlkdatasys/audios/audio/20240202/17068697894575.mp3"
        },
        {
          "text": "不必称呼我为前辈，我只是比你们更早体验失败的人。",
          "link": "//game.gtimg.cn/images/yxzj/zlkdatasys/audios/audio/20240202/17068443127155.mp3"
        },
        {
          "text": "当年出发的时候，你们有没有怕过？",
          "link": "//game.gtimg.cn/images/yxzj/zlkdatasys/audios/audio/20240202/17068443475740.mp3"
        },
        {
          "text": "数据显示，你的枪上有来自故人的痕迹",
          "link": "//game.gtimg.cn/images/yxzj/zlkdatasys/audios/audio/20240202/17068443714968.mp3"
        },
        {
          "text": "我站在人类的立场。",
          "link": "//game.gtimg.cn/images/yxzj/zlkdatasys/audios/audio/20240202/17068444158341.mp3"
        }
      ],
      "name": "琥珀纪元"
    }
  ]
}
