{
  "data": [
    {
      "voice": [
        {
          "text": "封神再起！",
          "link": "//game.gtimg.cn/images/yxzj/zlkdatasys/audios/audio/20221109/16679878598635.mp3"
        },
        {
          "text": "背负天命之人，就算只剩自己，亦会孤影而行。",
          "link": "//game.gtimg.cn/images/yxzj/zlkdatasys/audios/audio/20221109/16679878765696.mp3"
        },
        {
          "text": "偏执，永远好过遗忘！",
          "link": "//game.gtimg.cn/images/yxzj/zlkdatasys/audios/audio/20221109/16679878896353.mp3"
        },
        {
          "text": "大地尚且荒芜之时，人族求存的意志，便已生生不息。",
          "link": "//game.gtimg.cn/images/yxzj/zlkdatasys/audios/audio/20221109/16679781498838.wav"
        },
        {
          "text": "凡人常以己所不解，强谓之执。",
          "link": "//game.gtimg.cn/images/yxzj/zlkdatasys/audios/audio/20221109/16679781721653.wav"
        },
        {
          "text": "神明常忘己，亦曾为人也。",
          "link": "//game.gtimg.cn/images/yxzj/zlkdatasys/audios/audio/20221109/16679782039513.wav"
        },
        {
          "text": "吾从人族来，自为人族，竭尽全力。",
          "link": "//game.gtimg.cn/images/yxzj/zlkdatasys/audios/audio/20221109/16679784596591.wav"
        },
        {
          "text": "唯眇眇之人，方可见广阔天地。",
          "link": "//game.gtimg.cn/images/yxzj/zlkdatasys/audios/audio/20221109/16679784844503.wav"
        },
        {
          "text": "神居天久矣，常忘观足下草木。",
          "link": "//game.gtimg.cn/images/yxzj/zlkdatasys/audios/audio/20221109/16679785082142.wav"
        },
        {
          "text": "时间不多了！",
          "link": "//game.gtimg.cn/images/yxzj/zlkdatasys/audios/audio/20221109/16679785715301.wav"
        },
        {
          "text": "人心不古啊！",
          "link": "//game.gtimg.cn/images/yxzj/zlkdatasys/audios/audio/20221109/16679785946757.wav"
        },
        {
          "text": "终有一日，人族再无需低头。",
          "link": "//game.gtimg.cn/images/yxzj/zlkdatasys/audios/audio/20221109/16679786188242.wav"
        },
        {
          "text": "强者注定孤独，若在意他人眼光，必寸步难行！",
          "link": "//game.gtimg.cn/images/yxzj/zlkdatasys/audios/audio/20221109/16679786459312.wav"
        },
        {
          "text": "至高无上的不是神明，而是英雄的意志。",
          "link": "//game.gtimg.cn/images/yxzj/zlkdatasys/audios/audio/20221109/16679796537408.mp3"
        },
        {
          "text": "天地不仁，以万物为刍狗！",
          "link": "//game.gtimg.cn/images/yxzj/zlkdatasys/audios/audio/20221109/16679796714254.mp3"
        },
        {
          "text": "保持警惕。",
          "link": "//game.gtimg.cn/images/yxzj/zlkdatasys/audios/audio/20221109/16679797071579.mp3"
        },
        {
          "text": "遗忘才是敌人！",
          "link": "//game.gtimg.cn/images/yxzj/zlkdatasys/audios/audio/20221109/16679797253579.mp3"
        },
        {
          "text": "强者生，弱者死！",
          "link": "//game.gtimg.cn/images/yxzj/zlkdatasys/audios/audio/20221109/16679797435880.mp3"
        },
        {
          "text": "天地同陨！",
          "link": "//game.gtimg.cn/images/yxzj/zlkdatasys/audios/audio/20221109/16679797608564.mp3"
        },
        {
          "text": "哼，无知，幸也。",
          "link": "//game.gtimg.cn/images/yxzj/zlkdatasys/audios/audio/20221109/16679798258445.mp3"
        },
        {
          "text": "不要挑战无法承受的神力。",
          "link": "//game.gtimg.cn/images/yxzj/zlkdatasys/audios/audio/20221109/16679798431600.mp3"
        },
        {
          "text": "无妄的挣扎。",
          "link": "//game.gtimg.cn/images/yxzj/zlkdatasys/audios/audio/20221109/16679800145358.mp3"
        },
        {
          "text": "学会敬畏！",
          "link": "//game.gtimg.cn/images/yxzj/zlkdatasys/audios/audio/20221109/16679800296834.mp3"
        },
        {
          "text": "封！",
          "link": "//game.gtimg.cn/images/yxzj/zlkdatasys/audios/audio/20221109/16679800474577.mp3"
        },
        {
          "text": "直面恐惧！",
          "link": "//game.gtimg.cn/images/yxzj/zlkdatasys/audios/audio/20221109/16679800654381.mp3"
        },
        {
          "text": "混混沌沌，终有一醒。",
          "link": "//game.gtimg.cn/images/yxzj/zlkdatasys/audios/audio/20221109/16679800809946.mp3"
        },
        {
          "text": "罚！",
          "link": "//game.gtimg.cn/images/yxzj/zlkdatasys/audios/audio/20221109/16679800954981.mp3"
        },
        {
          "text": "道不同——不相为谋！",
          "link": "//game.gtimg.cn/images/yxzj/zlkdatasys/audios/audio/20221109/16679801157052.mp3"
        },
        {
          "text": "无需仁慈！",
          "link": "//game.gtimg.cn/images/yxzj/zlkdatasys/audios/audio/20221109/16679801378373.mp3"
        },
        {
          "text": "诸神退避！",
          "link": "//game.gtimg.cn/images/yxzj/zlkdatasys/audios/audio/20221109/16679801523494.mp3"
        },
        {
          "text": "天地同哀！",
          "link": "//game.gtimg.cn/images/yxzj/zlkdatasys/audios/audio/20221109/16679801676973.mp3"
        },
        {
          "text": "万化定基！",
          "link": "//game.gtimg.cn/images/yxzj/zlkdatasys/audios/audio/20221109/16679801849244.mp3"
        },
        {
          "text": "奉天为令，遴选众神。",
          "link": "//game.gtimg.cn/images/yxzj/zlkdatasys/audios/audio/20221109/16679802069767.mp3"
        },
        {
          "text": "未来天命，授之汝也。",
          "link": "//game.gtimg.cn/images/yxzj/zlkdatasys/audios/audio/20221109/16679817383821.mp3"
        },
        {
          "text": "候者听封，赐汝为神。",
          "link": "//game.gtimg.cn/images/yxzj/zlkdatasys/audios/audio/20221109/16679817539839.mp3"
        },
        {
          "text": "此即，登神之时！",
          "link": "//game.gtimg.cn/images/yxzj/zlkdatasys/audios/audio/20221109/16679817722811.mp3"
        },
        {
          "text": "封神已备。",
          "link": "//game.gtimg.cn/images/yxzj/zlkdatasys/audios/audio/20221109/16679817898386.mp3"
        },
        {
          "text": "吾替尊收集神力多时，现今奉上。",
          "link": "//game.gtimg.cn/images/yxzj/zlkdatasys/audios/audio/20221109/16679818313422.mp3"
        },
        {
          "text": "此神力可助尊神一臂之力。",
          "link": "//game.gtimg.cn/images/yxzj/zlkdatasys/audios/audio/20221109/16679818487501.mp3"
        },
        {
          "text": "些微神力，助大人护佑四方。",
          "link": "//game.gtimg.cn/images/yxzj/zlkdatasys/audios/audio/20221109/16679818676787.mp3"
        },
        {
          "text": "汝尽得为师真传，可为衣钵传人。",
          "link": "//game.gtimg.cn/images/yxzj/zlkdatasys/audios/audio/20221109/16679818858945.mp3"
        },
        {
          "text": "后生可畏。",
          "link": "//game.gtimg.cn/images/yxzj/zlkdatasys/audios/audio/20221109/16679819564432.mp3"
        },
        {
          "text": "你不需要赐封，不过锦上添花。",
          "link": "//game.gtimg.cn/images/yxzj/zlkdatasys/audios/audio/20221109/16679819734902.mp3"
        },
        {
          "text": "你做得很好。",
          "link": "//game.gtimg.cn/images/yxzj/zlkdatasys/audios/audio/20221109/16679819903305.mp3"
        },
        {
          "text": "他们都小瞧了你的力量。",
          "link": "//game.gtimg.cn/images/yxzj/zlkdatasys/audios/audio/20221109/16679820085650.mp3"
        },
        {
          "text": "找到自己的路。",
          "link": "//game.gtimg.cn/images/yxzj/zlkdatasys/audios/audio/20221109/16679820245201.mp3"
        },
        {
          "text": "再助你一臂之力，突破极限。",
          "link": "//game.gtimg.cn/images/yxzj/zlkdatasys/audios/audio/20221109/16679820445007.mp3"
        },
        {
          "text": "不要被力量遮住了眼。",
          "link": "//game.gtimg.cn/images/yxzj/zlkdatasys/audios/audio/20221109/16679820642577.mp3"
        },
        {
          "text": "你是一个很好的守护者，继续坚守自己。",
          "link": "//game.gtimg.cn/images/yxzj/zlkdatasys/audios/audio/20221109/16679820809049.mp3"
        },
        {
          "text": "危险，不一定来自于外部。",
          "link": "//game.gtimg.cn/images/yxzj/zlkdatasys/audios/audio/20221109/16679821503865.mp3"
        },
        {
          "text": "保持你的高傲，不要因世界的真相而动摇。",
          "link": "//game.gtimg.cn/images/yxzj/zlkdatasys/audios/audio/20221109/16679821719637.mp3"
        },
        {
          "text": "再临世间，又是多少春秋。",
          "link": "//game.gtimg.cn/images/yxzj/zlkdatasys/audios/audio/20221109/16679840325771.mp3"
        },
        {
          "text": "没有人能从不失败，神亦如此。",
          "link": "//game.gtimg.cn/images/yxzj/zlkdatasys/audios/audio/20221109/16679840514780.mp3"
        },
        {
          "text": "“神职者”虽由神赐名，却为人而生。",
          "link": "//game.gtimg.cn/images/yxzj/zlkdatasys/audios/audio/20221109/16679840714875.mp3"
        },
        {
          "text": "神去尘埃久矣，已忘乎凡人所喜。",
          "link": "//game.gtimg.cn/images/yxzj/zlkdatasys/audios/audio/20221109/16679840873028.mp3"
        },
        {
          "text": "遗落世间的神力，早已无人关心。",
          "link": "//game.gtimg.cn/images/yxzj/zlkdatasys/audios/audio/20221109/16679841031409.mp3"
        },
        {
          "text": "纠缠于口舌之辩，不如独行于漫漫长路。",
          "link": "//game.gtimg.cn/images/yxzj/zlkdatasys/audios/audio/20221109/16679841209299.mp3"
        },
        {
          "text": "神职者与神，本是不同，但在凡人眼中，皆称以神。",
          "link": "//game.gtimg.cn/images/yxzj/zlkdatasys/audios/audio/20221109/16679841374479.mp3"
        },
        {
          "text": "登临绝顶！",
          "link": "//game.gtimg.cn/images/yxzj/zlkdatasys/audios/audio/20221109/16679841822336.mp3"
        },
        {
          "text": "众神仰望！",
          "link": "//game.gtimg.cn/images/yxzj/zlkdatasys/audios/audio/20221109/16679841987609.mp3"
        },
        {
          "text": "仙神之力，昭显世间！",
          "link": "//game.gtimg.cn/images/yxzj/zlkdatasys/audios/audio/20221109/16679842144255.mp3"
        },
        {
          "text": "重拾世间神力。",
          "link": "//game.gtimg.cn/images/yxzj/zlkdatasys/audios/audio/20221109/16679842347246.mp3"
        },
        {
          "text": "生于天地，还于天地。",
          "link": "//game.gtimg.cn/images/yxzj/zlkdatasys/audios/audio/20221109/16679842549719.mp3"
        },
        {
          "text": "如复见日之塔荣光。",
          "link": "//game.gtimg.cn/images/yxzj/zlkdatasys/audios/audio/20221109/16679842741041.mp3"
        },
        {
          "text": "见史之徒，愈少矣。",
          "link": "//game.gtimg.cn/images/yxzj/zlkdatasys/audios/audio/20221109/16679842918556.mp3"
        },
        {
          "text": "苍龙陨落，百泽新生。",
          "link": "//game.gtimg.cn/images/yxzj/zlkdatasys/audios/audio/20221109/16679843353781.mp3"
        },
        {
          "text": "世间古老者，尚余几何。",
          "link": "//game.gtimg.cn/images/yxzj/zlkdatasys/audios/audio/20221109/16679843529789.mp3"
        },
        {
          "text": "低首吧，巨龙！",
          "link": "//game.gtimg.cn/images/yxzj/zlkdatasys/audios/audio/20221109/16679843828770.mp3"
        },
        {
          "text": "神职者，不是一份尊容，而是一种责任。",
          "link": "//game.gtimg.cn/images/yxzj/zlkdatasys/audios/audio/20221109/16679844053984.mp3"
        },
        {
          "text": "神明有数，终会消隐，人世无穷，千载不息。",
          "link": "//game.gtimg.cn/images/yxzj/zlkdatasys/audios/audio/20221109/16679844237363.mp3"
        },
        {
          "text": "岁月化为枯骨，众神夷为荒芜。",
          "link": "//game.gtimg.cn/images/yxzj/zlkdatasys/audios/audio/20221109/16679844393547.mp3"
        },
        {
          "text": "无知是苍芜者的回音。",
          "link": "//game.gtimg.cn/images/yxzj/zlkdatasys/audios/audio/20221109/16679844575514.mp3"
        },
        {
          "text": "长夜余火将尽，何人执炬前行。",
          "link": "//game.gtimg.cn/images/yxzj/zlkdatasys/audios/audio/20221109/16679844741186.mp3"
        },
        {
          "text": "神明既隐，由吾守之。",
          "link": "//game.gtimg.cn/images/yxzj/zlkdatasys/audios/audio/20221109/16679844923827.mp3"
        },
        {
          "text": "至要者，非他人之言，乃自知其所为也。",
          "link": "//game.gtimg.cn/images/yxzj/zlkdatasys/audios/audio/20221109/16679845113531.mp3"
        },
        {
          "text": "光辉终将被尘埃掩埋。",
          "link": "//game.gtimg.cn/images/yxzj/zlkdatasys/audios/audio/20221109/16679845299024.mp3"
        },
        {
          "text": "从未忘记，为何成为神职者。",
          "link": "//game.gtimg.cn/images/yxzj/zlkdatasys/audios/audio/20221109/16679846103613.mp3"
        },
        {
          "text": "世人会做出他们的选择。",
          "link": "//game.gtimg.cn/images/yxzj/zlkdatasys/audios/audio/20221109/16679846283341.mp3"
        },
        {
          "text": "久居苍天的神，是否也该看一看足下的草木。",
          "link": "//game.gtimg.cn/images/yxzj/zlkdatasys/audios/audio/20221109/16679846464713.mp3"
        },
        {
          "text": "你要重现的究竟是辉煌，还是过往。",
          "link": "//game.gtimg.cn/images/yxzj/zlkdatasys/audios/audio/20221109/16679846641511.mp3"
        },
        {
          "text": "保持好奇",
          "link": "//game.gtimg.cn/images/yxzj/zlkdatasys/audios/audio/20221109/16679846867216.mp3"
        },
        {
          "text": "可传道之人，天下难寻，但为师却又得一良才",
          "link": "//game.gtimg.cn/images/yxzj/zlkdatasys/audios/audio/20221109/16679847046206.mp3"
        },
        {
          "text": "嗯，灞上的河流，是岁月流淌之地，你要自己发现",
          "link": "//game.gtimg.cn/images/yxzj/zlkdatasys/audios/audio/20221109/16679847247631.mp3"
        },
        {
          "text": "并不是每一件事，知识里都有答案",
          "link": "//game.gtimg.cn/images/yxzj/zlkdatasys/audios/audio/20221109/16679847443456.mp3"
        },
        {
          "text": "你会传承学问的终极",
          "link": "//game.gtimg.cn/images/yxzj/zlkdatasys/audios/audio/20221109/16679847623167.mp3"
        },
        {
          "text": "等待只能灭亡，必须主动出击",
          "link": "//game.gtimg.cn/images/yxzj/zlkdatasys/audios/audio/20221109/16679850075105.mp3"
        },
        {
          "text": "高塔林立，皆是残垣",
          "link": "//game.gtimg.cn/images/yxzj/zlkdatasys/audios/audio/20221109/16679850649702.mp3"
        },
        {
          "text": "事情，已经远远超出你的想象",
          "link": "//game.gtimg.cn/images/yxzj/zlkdatasys/audios/audio/20221109/16679851494145.mp3"
        },
        {
          "text": "人族给我们的尊号，不是让我们空享",
          "link": "//game.gtimg.cn/images/yxzj/zlkdatasys/audios/audio/20221109/16679851733955.mp3"
        },
        {
          "text": "你是大陆上的灯塔，而我只想解决问题",
          "link": "//game.gtimg.cn/images/yxzj/zlkdatasys/audios/audio/20221109/16679852135623.mp3"
        },
        {
          "text": "不可再心慈手软了",
          "link": "//game.gtimg.cn/images/yxzj/zlkdatasys/audios/audio/20221109/16679852314917.mp3"
        },
        {
          "text": "当年抬头视人的女孩，竟也已扛起这片天地的责任",
          "link": "//game.gtimg.cn/images/yxzj/zlkdatasys/audios/audio/20221109/16679852848661.mp3"
        },
        {
          "text": "人生十年，天地又已改换几遭",
          "link": "//game.gtimg.cn/images/yxzj/zlkdatasys/audios/audio/20221109/16679853067739.mp3"
        },
        {
          "text": "生存，是一种权力，不是强者才配拥有",
          "link": "//game.gtimg.cn/images/yxzj/zlkdatasys/audios/audio/20221109/16679853252853.mp3"
        },
        {
          "text": "看透世间残酷，仍怀赤子之心",
          "link": "//game.gtimg.cn/images/yxzj/zlkdatasys/audios/audio/20221109/16679853754884.mp3"
        },
        {
          "text": "你们这一脉，注定都将身陷风暴之中",
          "link": "//game.gtimg.cn/images/yxzj/zlkdatasys/audios/audio/20221109/16679853926289.mp3"
        },
        {
          "text": "只有力竭之时，方能看到极限所在",
          "link": "//game.gtimg.cn/images/yxzj/zlkdatasys/audios/audio/20221109/16679854298027.mp3"
        },
        {
          "text": "风的力量，让人身轻如燕，你的心，为何重愈磐石？",
          "link": "//game.gtimg.cn/images/yxzj/zlkdatasys/audios/audio/20221109/16679854891060.mp3"
        },
        {
          "text": "高傲的神，根本不会俯视这片天地",
          "link": "//game.gtimg.cn/images/yxzj/zlkdatasys/audios/audio/20221109/16679855134121.mp3"
        },
        {
          "text": "在独行的日子里，我见到的不是岁月，只有自己",
          "link": "//game.gtimg.cn/images/yxzj/zlkdatasys/audios/audio/20221109/16679855348900.mp3"
        },
        {
          "text": "前行之途，必有所牺牲",
          "link": "//game.gtimg.cn/images/yxzj/zlkdatasys/audios/audio/20221109/16679855536246.mp3"
        },
        {
          "text": "你会发现更多真相",
          "link": "//game.gtimg.cn/images/yxzj/zlkdatasys/audios/audio/20221109/16679855811274.mp3"
        },
        {
          "text": "每个神职者，都有他的责任",
          "link": "//game.gtimg.cn/images/yxzj/zlkdatasys/audios/audio/20221109/16679855999059.mp3"
        },
        {
          "text": "哼，海月，不足道也",
          "link": "//game.gtimg.cn/images/yxzj/zlkdatasys/audios/audio/20221109/16679856179994.mp3"
        },
        {
          "text": "旧去新来，生生不息",
          "link": "//game.gtimg.cn/images/yxzj/zlkdatasys/audios/audio/20221109/16679856354455.mp3"
        },
        {
          "text": "落魄的王子，不是你挥刀的理由",
          "link": "//game.gtimg.cn/images/yxzj/zlkdatasys/audios/audio/20221109/16679856602669.mp3"
        },
        {
          "text": "黑夜下的王，可还看得见前行的路",
          "link": "//game.gtimg.cn/images/yxzj/zlkdatasys/audios/audio/20221109/16679857258380.mp3"
        },
        {
          "text": "年轻人的聒噪，阔别千年的回忆",
          "link": "//game.gtimg.cn/images/yxzj/zlkdatasys/audios/audio/20221109/16679857586488.mp3"
        },
        {
          "text": "老家伙有个好学生",
          "link": "//game.gtimg.cn/images/yxzj/zlkdatasys/audios/audio/20221109/16679857813627.mp3"
        },
        {
          "text": "有些规则，超乎你的想象",
          "link": "//game.gtimg.cn/images/yxzj/zlkdatasys/audios/audio/20221109/16679857971631.mp3"
        },
        {
          "text": "你做了我们都会做的选择",
          "link": "//game.gtimg.cn/images/yxzj/zlkdatasys/audios/audio/20221109/16679858204367.mp3"
        },
        {
          "text": "虚灵，你记得…过去吗？",
          "link": "//game.gtimg.cn/images/yxzj/zlkdatasys/audios/audio/20221109/16679858654691.mp3"
        },
        {
          "text": "你该永远沉睡在黄沙之下，为何还醒来？",
          "link": "//game.gtimg.cn/images/yxzj/zlkdatasys/audios/audio/20221109/16679859121628.mp3"
        },
        {
          "text": "魔神爪牙，沆瀣一气",
          "link": "//game.gtimg.cn/images/yxzj/zlkdatasys/audios/audio/20221109/16679859304164.mp3"
        },
        {
          "text": "疯子！",
          "link": "//game.gtimg.cn/images/yxzj/zlkdatasys/audios/audio/20221109/16679859577224.mp3"
        },
        {
          "text": "你可曾见过最初的人族，弱小而无助的人族",
          "link": "//game.gtimg.cn/images/yxzj/zlkdatasys/audios/audio/20221109/16679859828503.mp3"
        },
        {
          "text": "妄自称神者，皆该当诛",
          "link": "//game.gtimg.cn/images/yxzj/zlkdatasys/audios/audio/20221109/16679860434629.mp3"
        },
        {
          "text": "一个迷失的，可怜人",
          "link": "//game.gtimg.cn/images/yxzj/zlkdatasys/audios/audio/20221109/16679860618700.mp3"
        },
        {
          "text": "弃暗投明，方为正道",
          "link": "//game.gtimg.cn/images/yxzj/zlkdatasys/audios/audio/20221109/16679860853271.mp3"
        },
        {
          "text": "迷途知返，善矣",
          "link": "//game.gtimg.cn/images/yxzj/zlkdatasys/audios/audio/20221109/16679861021492.mp3"
        },
        {
          "text": "为魔神所“用”，就是你的罪过",
          "link": "//game.gtimg.cn/images/yxzj/zlkdatasys/audios/audio/20221109/16679861231186.mp3"
        },
        {
          "text": "没有你，他们永远不知道着急",
          "link": "//game.gtimg.cn/images/yxzj/zlkdatasys/audios/audio/20221109/16679879725667.mp3"
        },
        {
          "text": "没有为何，结果选择的，就是你。",
          "link": "//game.gtimg.cn/images/yxzj/zlkdatasys/audios/audio/20221129/16697165288949.mp3"
        },
        {
          "text": "并无不同，世间唯二，一者道，一者责任。",
          "link": "//game.gtimg.cn/images/yxzj/zlkdatasys/audios/audio/20221129/16697165587101.mp3"
        },
        {
          "text": "你以后要做的选择还有许多，这不会是最难的一个。",
          "link": "//game.gtimg.cn/images/yxzj/zlkdatasys/audios/audio/20221129/16697165867272.mp3"
        },
        {
          "text": "被困在这里，你可还有遗憾。",
          "link": "//game.gtimg.cn/images/yxzj/zlkdatasys/audios/audio/20221129/16697166144573.mp3"
        },
        {
          "text": "造化者，弄人。",
          "link": "//game.gtimg.cn/images/yxzj/zlkdatasys/audios/audio/20221129/16697166427622.mp3"
        },
        {
          "text": "当你和阴阳二气绑定，你这一生，就注定不会平静。",
          "link": "//game.gtimg.cn/images/yxzj/zlkdatasys/audios/audio/20221129/16697166678240.mp3"
        },
        {
          "text": "人惟得生之理，方能受“坠尘埃之难”。",
          "link": "//game.gtimg.cn/images/yxzj/zlkdatasys/audios/audio/20221129/16697166972321.mp3"
        }
      ],
      "name": "原皮"
    },
    {
      "voice": [
        {
          "text": "人生苦短，莫要因为工作耽误钓鱼。",
          "link": "//game.gtimg.cn/images/yxzj/zlkdatasys/audios/audio/20231110/16995993543512.mp3"
        },
        {
          "text": "手机打窝，效果不错。",
          "link": "//game.gtimg.cn/images/yxzj/zlkdatasys/audios/audio/20231110/16995993866283.mp3"
        },
        {
          "text": "今日天晴风好浪小，宜出门钓……除鱼之外的东西。",
          "link": "//game.gtimg.cn/images/yxzj/zlkdatasys/audios/audio/20231110/16995994217245.mp3"
        },
        {
          "text": "不要怕，风浪越大鱼越大。",
          "link": "//game.gtimg.cn/images/yxzj/zlkdatasys/audios/audio/20231108/16994346236381.mp3"
        },
        {
          "text": "垂钓者所要掌控的，唯有手中握杆。",
          "link": "//game.gtimg.cn/images/yxzj/zlkdatasys/audios/audio/20231108/16994346494208.mp3"
        },
        {
          "text": "一人一竿一片海，一钩一线一整天。",
          "link": "//game.gtimg.cn/images/yxzj/zlkdatasys/audios/audio/20231108/16994346775795.mp3"
        },
        {
          "text": "等待是收获的铺垫，未知是惊喜的前奏。",
          "link": "//game.gtimg.cn/images/yxzj/zlkdatasys/audios/audio/20231108/16994347005008.mp3"
        },
        {
          "text": "收线讲究张弛有度，生活也是如此。",
          "link": "//game.gtimg.cn/images/yxzj/zlkdatasys/audios/audio/20231108/16994347213475.mp3"
        },
        {
          "text": "骄阳劝不退，暴雨也不休，天气越恼火，越是钓得久。",
          "link": "//game.gtimg.cn/images/yxzj/zlkdatasys/audios/audio/20231108/16994347464274.mp3"
        },
        {
          "text": "钓位没口坚决不走，鱼获不佳禁止回家。",
          "link": "//game.gtimg.cn/images/yxzj/zlkdatasys/audios/audio/20231108/16994347831180.mp3"
        },
        {
          "text": "脚踩平衡车，风风火火赶早潮。",
          "link": "//game.gtimg.cn/images/yxzj/zlkdatasys/audios/audio/20231108/16994348223903.mp3"
        },
        {
          "text": "不小心……挂底了",
          "link": "//game.gtimg.cn/images/yxzj/zlkdatasys/audios/audio/20231108/16994348593045.mp3"
        },
        {
          "text": "哈哈哈，钓鱼人绝不空军！",
          "link": "//game.gtimg.cn/images/yxzj/zlkdatasys/audios/audio/20231108/16994349007653.mp3"
        },
        {
          "text": "虾兵蟹将，喽啰成堆。",
          "link": "//game.gtimg.cn/images/yxzj/zlkdatasys/audios/audio/20231108/16994349261722.mp3"
        },
        {
          "text": "手机补窝！",
          "link": "//game.gtimg.cn/images/yxzj/zlkdatasys/audios/audio/20231108/16994349635074.mp3"
        },
        {
          "text": "骨灰级爱好者！",
          "link": "//game.gtimg.cn/images/yxzj/zlkdatasys/audios/audio/20231108/16994349855493.mp3"
        },
        {
          "text": "放长线，钓大鱼~",
          "link": "//game.gtimg.cn/images/yxzj/zlkdatasys/audios/audio/20231108/16994350142027.mp3"
        },
        {
          "text": "开竿！",
          "link": "//game.gtimg.cn/images/yxzj/zlkdatasys/audios/audio/20231108/16994350519632.mp3"
        },
        {
          "text": "愿者上钩！",
          "link": "//game.gtimg.cn/images/yxzj/zlkdatasys/audios/audio/20231108/16994350774402.mp3"
        },
        {
          "text": "海流在呼唤～",
          "link": "//game.gtimg.cn/images/yxzj/zlkdatasys/audios/audio/20231108/16994351006312.mp3"
        },
        {
          "text": "轻投漂，猛拉线~",
          "link": "//game.gtimg.cn/images/yxzj/zlkdatasys/audios/audio/20231108/16994351242354.mp3"
        },
        {
          "text": "长竿远抛出大物！",
          "link": "//game.gtimg.cn/images/yxzj/zlkdatasys/audios/audio/20231108/16994351699081.mp3"
        },
        {
          "text": "踩惊涛，斗汪洋！",
          "link": "//game.gtimg.cn/images/yxzj/zlkdatasys/audios/audio/20231108/16994351995384.mp3"
        },
        {
          "text": "驰骋江海，博弈风浪！",
          "link": "//game.gtimg.cn/images/yxzj/zlkdatasys/audios/audio/20231108/16994352275222.mp3"
        },
        {
          "text": "鱼随大潮来！",
          "link": "//game.gtimg.cn/images/yxzj/zlkdatasys/audios/audio/20231108/16994352493248.mp3"
        },
        {
          "text": "鱼汛降临！",
          "link": "//game.gtimg.cn/images/yxzj/zlkdatasys/audios/audio/20231108/16994352765085.mp3"
        },
        {
          "text": "教你一招独门钓技~",
          "link": "//game.gtimg.cn/images/yxzj/zlkdatasys/audios/audio/20231108/16994353043055.mp3"
        },
        {
          "text": "记住，这是最佳海流",
          "link": "//game.gtimg.cn/images/yxzj/zlkdatasys/audios/audio/20231108/16994353333984.mp3"
        },
        {
          "text": "狂拉爆护！",
          "link": "//game.gtimg.cn/images/yxzj/zlkdatasys/audios/audio/20231108/16994353618431.mp3"
        },
        {
          "text": "要么鱼上岸，要么人下水，要么……线没了？",
          "link": "//game.gtimg.cn/images/yxzj/zlkdatasys/audios/audio/20231108/16994353888147.mp3"
        }
      ],
      "name": "闲日渔趣"
    }
  ]
}
