{
  "data": [
    {
      "voice": [
        {
          "text": "心有所向，无畏求之",
          "link": "//game.gtimg.cn/images/yxzj/zlkdatasys/audios/audio/20220413/16498495191838.mp3"
        },
        {
          "text": "众生之苦皆为吾苦",
          "link": "//game.gtimg.cn/images/yxzj/zlkdatasys/audios/audio/20220413/16498495443264.mp3"
        },
        {
          "text": "贫僧自东土而来，去往西途求经",
          "link": "//game.gtimg.cn/images/yxzj/zlkdatasys/audios/audio/20220413/16498495604434.mp3"
        },
        {
          "text": "超越前世的自己",
          "link": "//game.gtimg.cn/images/yxzj/zlkdatasys/audios/audio/20220411/16496640112435.wav"
        },
        {
          "text": "领悟到轮回的力量",
          "link": "//game.gtimg.cn/images/yxzj/zlkdatasys/audios/audio/20220411/16496642348400.wav"
        },
        {
          "text": "多行善事，莫问前程",
          "link": "//game.gtimg.cn/images/yxzj/zlkdatasys/audios/audio/20220411/16496642487473.wav"
        },
        {
          "text": "心无迷惘，金身不灭",
          "link": "//game.gtimg.cn/images/yxzj/zlkdatasys/audios/audio/20220411/16496642688096.wav"
        },
        {
          "text": "西行之路，似乎好走了几分",
          "link": "//game.gtimg.cn/images/yxzj/zlkdatasys/audios/audio/20220411/16496642772885.wav"
        },
        {
          "text": "凡身虽陨，信念长存",
          "link": "//game.gtimg.cn/images/yxzj/zlkdatasys/audios/audio/20220411/16496642899288.wav"
        },
        {
          "text": "万物皆无常，有生必有灭",
          "link": "//game.gtimg.cn/images/yxzj/zlkdatasys/audios/audio/20220411/16496643106648.wav"
        },
        {
          "text": "二谛圆融",
          "link": "//game.gtimg.cn/images/yxzj/zlkdatasys/audios/audio/20220411/16496643488541.wav"
        },
        {
          "text": "首度劫难",
          "link": "//game.gtimg.cn/images/yxzj/zlkdatasys/audios/audio/20220411/16496643642583.wav"
        },
        {
          "text": "轮回千载，不灭初心",
          "link": "//game.gtimg.cn/images/yxzj/zlkdatasys/audios/audio/20220411/16496643744402.wav"
        },
        {
          "text": "万物皆有情，化度以往生",
          "link": "//game.gtimg.cn/images/yxzj/zlkdatasys/audios/audio/20220411/16496644009994.wav"
        },
        {
          "text": "心生，种种魔生；心灭，种种魔灭",
          "link": "//game.gtimg.cn/images/yxzj/zlkdatasys/audios/audio/20220411/16496644105848.wav"
        },
        {
          "text": "身心如莲，净脱俗世，淤泥不染",
          "link": "//game.gtimg.cn/images/yxzj/zlkdatasys/audios/audio/20220411/16496644312569.wav"
        },
        {
          "text": "小惩以大诫，净心自思量",
          "link": "//game.gtimg.cn/images/yxzj/zlkdatasys/audios/audio/20220411/16496644428088.wav"
        },
        {
          "text": "泼猴，仍旧顽劣不化",
          "link": "//game.gtimg.cn/images/yxzj/zlkdatasys/audios/audio/20220411/16496644523962.wav"
        },
        {
          "text": "唉，自心迷，则愚则凡；自心悟，则智则圣",
          "link": "//game.gtimg.cn/images/yxzj/zlkdatasys/audios/audio/20220411/16496644681532.wav"
        },
        {
          "text": "悟空，听师父的话",
          "link": "//game.gtimg.cn/images/yxzj/zlkdatasys/audios/audio/20220411/16496644809854.wav"
        },
        {
          "text": "八戒，今日教训当牢记于心",
          "link": "//game.gtimg.cn/images/yxzj/zlkdatasys/audios/audio/20220411/16496645025366.wav"
        },
        {
          "text": "一花一世界，一木一浮生",
          "link": "//game.gtimg.cn/images/yxzj/zlkdatasys/audios/audio/20220411/16496645115672.wav"
        },
        {
          "text": "你我二人就此别过，各奔东西",
          "link": "//game.gtimg.cn/images/yxzj/zlkdatasys/audios/audio/20220411/16496645274572.wav"
        },
        {
          "text": "有缘之人，定会相逢",
          "link": "//game.gtimg.cn/images/yxzj/zlkdatasys/audios/audio/20220411/16496645402214.wav"
        },
        {
          "text": "人生如逆旅，你我皆是行路人",
          "link": "//game.gtimg.cn/images/yxzj/zlkdatasys/audios/audio/20220411/16496645535108.wav"
        },
        {
          "text": "远涉千山万水，终将殊途同归",
          "link": "//game.gtimg.cn/images/yxzj/zlkdatasys/audios/audio/20220411/16496645653686.wav"
        },
        {
          "text": "色即是空，空即是色",
          "link": "//game.gtimg.cn/images/yxzj/zlkdatasys/audios/audio/20220411/16496645756692.wav"
        },
        {
          "text": "千窟浩浩书卷中，是否自有答案",
          "link": "//game.gtimg.cn/images/yxzj/zlkdatasys/audios/audio/20220411/16496645918711.wav"
        },
        {
          "text": "干戈终成玉帛",
          "link": "//game.gtimg.cn/images/yxzj/zlkdatasys/audios/audio/20220411/16496646074411.wav"
        },
        {
          "text": "我这几个徒弟相貌丑陋点，但心地善良，想必你也一样",
          "link": "//game.gtimg.cn/images/yxzj/zlkdatasys/audios/audio/20220411/16496646189625.wav"
        },
        {
          "text": "悟空，不得无礼",
          "link": "//game.gtimg.cn/images/yxzj/zlkdatasys/audios/audio/20220411/16496646281671.wav"
        },
        {
          "text": "悟空切记，修行者念念不离善心",
          "link": "//game.gtimg.cn/images/yxzj/zlkdatasys/audios/audio/20220411/16496646397598.wav"
        },
        {
          "text": "悟空，休得胡闹",
          "link": "//game.gtimg.cn/images/yxzj/zlkdatasys/audios/audio/20220411/16496646548515.wav"
        },
        {
          "text": "悟空，前路艰险，当结伴而行",
          "link": "//game.gtimg.cn/images/yxzj/zlkdatasys/audios/audio/20220411/16496646641588.wav"
        },
        {
          "text": "此一去水远山高，定尽此心求得真谛，望陛下准允",
          "link": "//game.gtimg.cn/images/yxzj/zlkdatasys/audios/audio/20220411/16496646755205.wav"
        },
        {
          "text": "八戒，不得顽皮",
          "link": "//game.gtimg.cn/images/yxzj/zlkdatasys/audios/audio/20220411/16496646897393.wav"
        },
        {
          "text": "八戒切记，离五辛绝三厌，是为八戒",
          "link": "//game.gtimg.cn/images/yxzj/zlkdatasys/audios/audio/20220411/16496647017523.wav"
        },
        {
          "text": "八戒，你又胖了，为师差点没认出你来",
          "link": "//game.gtimg.cn/images/yxzj/zlkdatasys/audios/audio/20220411/16496647149810.wav"
        },
        {
          "text": "八戒，虽前路坎坷，不可轻言放弃",
          "link": "//game.gtimg.cn/images/yxzj/zlkdatasys/audios/audio/20220411/16496647267824.wav"
        },
        {
          "text": "行者餐风宿水，卧月眠霜，随处是家",
          "link": "//game.gtimg.cn/images/yxzj/zlkdatasys/audios/audio/20220411/16496647374985.wav"
        },
        {
          "text": "前世已入轮回，心留一念今生",
          "link": "//game.gtimg.cn/images/yxzj/zlkdatasys/audios/audio/20220411/16496647565565.wav"
        },
        {
          "text": "世事无常亦有常，天边皓月去还来",
          "link": "//game.gtimg.cn/images/yxzj/zlkdatasys/audios/audio/20220411/16496647721881.wav"
        },
        {
          "text": "心诚求之，虽不中，不远矣",
          "link": "//game.gtimg.cn/images/yxzj/zlkdatasys/audios/audio/20220411/16496647831501.wav"
        },
        {
          "text": "善哉善哉，修行者以慈悲为怀",
          "link": "//game.gtimg.cn/images/yxzj/zlkdatasys/audios/audio/20220411/16496647992571.wav"
        },
        {
          "text": "前路漫漫，道阻且长，行则将至",
          "link": "//game.gtimg.cn/images/yxzj/zlkdatasys/audios/audio/20220411/16496648116427.wav"
        },
        {
          "text": "尘寰万丈却困众生，仁心虽小但容慈悲",
          "link": "//game.gtimg.cn/images/yxzj/zlkdatasys/audios/audio/20220411/16496648172952.wav"
        },
        {
          "text": "前尘影事，如明灯引我西行",
          "link": "//game.gtimg.cn/images/yxzj/zlkdatasys/audios/audio/20220411/16496648304590.wav"
        },
        {
          "text": "五蕴皆空",
          "link": "//game.gtimg.cn/images/yxzj/zlkdatasys/audios/audio/20220411/16496648421945.wav"
        },
        {
          "text": "四相无我",
          "link": "//game.gtimg.cn/images/yxzj/zlkdatasys/audios/audio/20220411/16496648851276.wav"
        },
        {
          "text": "业障不除，苍生难度",
          "link": "//game.gtimg.cn/images/yxzj/zlkdatasys/audios/audio/20220411/16496649084249.wav"
        },
        {
          "text": "着我宝衣，不入沉沦",
          "link": "//game.gtimg.cn/images/yxzj/zlkdatasys/audios/audio/20220411/16496649278830.wav"
        },
        {
          "text": "克己定心",
          "link": "//game.gtimg.cn/images/yxzj/zlkdatasys/audios/audio/20220411/16496649579753.wav"
        },
        {
          "text": "律己正心",
          "link": "//game.gtimg.cn/images/yxzj/zlkdatasys/audios/audio/20220411/16496649684693.wav"
        },
        {
          "text": "心猿归正",
          "link": "//game.gtimg.cn/images/yxzj/zlkdatasys/audios/audio/20220411/16496649807282.wav"
        },
        {
          "text": "六贼无踪",
          "link": "//game.gtimg.cn/images/yxzj/zlkdatasys/audios/audio/20220411/16496649911287.wav"
        },
        {
          "text": "着我宝衣，不堕地狱",
          "link": "//game.gtimg.cn/images/yxzj/zlkdatasys/audios/audio/20220411/16496650018922.wav"
        },
        {
          "text": "着我宝衣，不遭恶难",
          "link": "//game.gtimg.cn/images/yxzj/zlkdatasys/audios/audio/20220411/16496650297026.wav"
        },
        {
          "text": "善恶到头终有报",
          "link": "//game.gtimg.cn/images/yxzj/zlkdatasys/audios/audio/20220411/16496650615867.wav"
        },
        {
          "text": "九转轮回",
          "link": "//game.gtimg.cn/images/yxzj/zlkdatasys/audios/audio/20220411/16496651034839.wav"
        },
        {
          "text": "净除业障",
          "link": "//game.gtimg.cn/images/yxzj/zlkdatasys/audios/audio/20220411/16496651291028.wav"
        },
        {
          "text": "九转诛恶",
          "link": "//game.gtimg.cn/images/yxzj/zlkdatasys/audios/audio/20220411/16496651403732.wav"
        },
        {
          "text": "业报跬步不离",
          "link": "//game.gtimg.cn/images/yxzj/zlkdatasys/audios/audio/20220411/16496651496236.wav"
        },
        {
          "text": "九九归一，终成正果",
          "link": "//game.gtimg.cn/images/yxzj/zlkdatasys/audios/audio/20220411/16496651629609.wav"
        },
        {
          "text": "万象轮回",
          "link": "//game.gtimg.cn/images/yxzj/zlkdatasys/audios/audio/20220411/16496651801779.wav"
        },
        {
          "text": "无量涅槃度九天",
          "link": "//game.gtimg.cn/images/yxzj/zlkdatasys/audios/audio/20220411/16496651969274.wav"
        },
        {
          "text": "毫光照大千",
          "link": "//game.gtimg.cn/images/yxzj/zlkdatasys/audios/audio/20220411/16496652107645.wav"
        },
        {
          "text": "慈予众生乐",
          "link": "//game.gtimg.cn/images/yxzj/zlkdatasys/audios/audio/20220411/16496652204134.wav"
        },
        {
          "text": "无色无相",
          "link": "//game.gtimg.cn/images/yxzj/zlkdatasys/audios/audio/20220411/16496652318761.wav"
        },
        {
          "text": "诸恶莫作",
          "link": "//game.gtimg.cn/images/yxzj/zlkdatasys/audios/audio/20220411/16496652407576.wav"
        },
        {
          "text": "悲拔众生苦",
          "link": "//game.gtimg.cn/images/yxzj/zlkdatasys/audios/audio/20220411/16496652495355.wav"
        },
        {
          "text": "无嗔无狂",
          "link": "//game.gtimg.cn/images/yxzj/zlkdatasys/audios/audio/20220411/16496652636024.wav"
        },
        {
          "text": "众善奉行",
          "link": "//game.gtimg.cn/images/yxzj/zlkdatasys/audios/audio/20220411/16496652748503.wav"
        },
        {
          "text": "普渡众生",
          "link": "//game.gtimg.cn/images/yxzj/zlkdatasys/audios/audio/20220411/16496652821374.wav"
        },
        {
          "text": "三昧常寂",
          "link": "//game.gtimg.cn/images/yxzj/zlkdatasys/audios/audio/20220411/16496653001313.wav"
        },
        {
          "text": "净",
          "link": "//game.gtimg.cn/images/yxzj/zlkdatasys/audios/audio/20220411/16496640311378.wav"
        },
        {
          "text": "戒",
          "link": "//game.gtimg.cn/images/yxzj/zlkdatasys/audios/audio/20220411/16496640521096.wav"
        },
        {
          "text": "定",
          "link": "//game.gtimg.cn/images/yxzj/zlkdatasys/audios/audio/20220411/16496640638156.wav"
        },
        {
          "text": "慧",
          "link": "//game.gtimg.cn/images/yxzj/zlkdatasys/audios/audio/20220411/16496640759365.wav"
        },
        {
          "text": "悟",
          "link": "//game.gtimg.cn/images/yxzj/zlkdatasys/audios/audio/20220411/16496640937377.wav"
        },
        {
          "text": "受",
          "link": "//game.gtimg.cn/images/yxzj/zlkdatasys/audios/audio/20220411/16496641069010.wav"
        },
        {
          "text": "持",
          "link": "//game.gtimg.cn/images/yxzj/zlkdatasys/audios/audio/20220411/16496641173926.wav"
        },
        {
          "text": "参",
          "link": "//game.gtimg.cn/images/yxzj/zlkdatasys/audios/audio/20220411/16496641278643.wav"
        },
        {
          "text": "觉",
          "link": "//game.gtimg.cn/images/yxzj/zlkdatasys/audios/audio/20220411/16496641414309.wav"
        },
        {
          "text": "正",
          "link": "//game.gtimg.cn/images/yxzj/zlkdatasys/audios/audio/20220411/16496641491143.wav"
        },
        {
          "text": "戒",
          "link": "//game.gtimg.cn/images/yxzj/zlkdatasys/audios/audio/20220411/16496641627399.wav"
        },
        {
          "text": "定",
          "link": "//game.gtimg.cn/images/yxzj/zlkdatasys/audios/audio/20220411/16496641932187.wav"
        },
        {
          "text": "吾行于此，只愿求得大道，庇护世间",
          "link": "//game.gtimg.cn/images/yxzj/zlkdatasys/audios/audio/20221109/16679866976960.mp3"
        }
      ],
      "name": "原皮"
    },
    {
      "voice": [
        {
          "text": "弟子玄奘奉东土大唐皇帝旨意，遥诣宝刹，拜求真经。",
          "link": "//game.gtimg.cn/images/yxzj/zlkdatasys/audios/audio/20220804/16595942199286.mp3"
        },
        {
          "text": "谢佛祖恩典。",
          "link": "//game.gtimg.cn/images/yxzj/zlkdatasys/audios/audio/20220804/16595942338857.wav"
        },
        {
          "text": "听，这是大唐的钟声啊！我们取经回来了。",
          "link": "//game.gtimg.cn/images/yxzj/zlkdatasys/audios/audio/20220804/16595942484393.mp3"
        },
        {
          "text": "贫僧自东土大唐而来，去往西天拜佛求经。",
          "link": "//game.gtimg.cn/images/yxzj/zlkdatasys/audios/audio/20220804/16595942697717.mp3"
        },
        {
          "text": "珍奇之物，不可使见贪婪之人。",
          "link": "//game.gtimg.cn/images/yxzj/zlkdatasys/audios/audio/20220804/16595942848433.mp3"
        },
        {
          "text": "衣冠虽别，修行之理则同。",
          "link": "//game.gtimg.cn/images/yxzj/zlkdatasys/audios/audio/20220804/16595942995031.mp3"
        },
        {
          "text": "普济苦海群生，广运慈悲舟楫。",
          "link": "//game.gtimg.cn/images/yxzj/zlkdatasys/audios/audio/20220804/16595943148575.mp3"
        },
        {
          "text": "禅心似月迥无尘。",
          "link": "//game.gtimg.cn/images/yxzj/zlkdatasys/audios/audio/20220804/16595943285480.mp3"
        },
        {
          "text": "此去定要直至西天，不得真经誓不回还。",
          "link": "//game.gtimg.cn/images/yxzj/zlkdatasys/audios/audio/20220804/16595943439938.mp3"
        },
        {
          "text": "半枕松风茶未熟，吟怀潇洒满腔春。",
          "link": "//game.gtimg.cn/images/yxzj/zlkdatasys/audios/audio/20220804/16595943757103.mp3"
        },
        {
          "text": "三千功行尽倾颓……",
          "link": "//game.gtimg.cn/images/yxzj/zlkdatasys/audios/audio/20220804/16595943989517.mp3"
        },
        {
          "text": "悟空，你在哪里……",
          "link": "//game.gtimg.cn/images/yxzj/zlkdatasys/audios/audio/20220804/16595944134478.wav"
        },
        {
          "text": "开而当名，遍而弥广",
          "link": "//game.gtimg.cn/images/yxzj/zlkdatasys/audios/audio/20220804/16595944331613.mp3"
        },
        {
          "text": "刀兵不怯",
          "link": "//game.gtimg.cn/images/yxzj/zlkdatasys/audios/audio/20220804/16595944505066.wav"
        },
        {
          "text": "护体庄严",
          "link": "//game.gtimg.cn/images/yxzj/zlkdatasys/audios/audio/20220804/16595944642460.wav"
        },
        {
          "text": "法者，度也。",
          "link": "//game.gtimg.cn/images/yxzj/zlkdatasys/audios/audio/20220804/16595944803020.wav"
        },
        {
          "text": "悟彻菩提",
          "link": "//game.gtimg.cn/images/yxzj/zlkdatasys/audios/audio/20220804/16595944952449.wav"
        },
        {
          "text": "断魔归本",
          "link": "//game.gtimg.cn/images/yxzj/zlkdatasys/audios/audio/20220804/16595945115519.wav"
        },
        {
          "text": "定心真言",
          "link": "//game.gtimg.cn/images/yxzj/zlkdatasys/audios/audio/20220804/16595945258260.wav"
        },
        {
          "text": "教亦不善，非愚而何!",
          "link": "//game.gtimg.cn/images/yxzj/zlkdatasys/audios/audio/20220804/16595945451267.wav"
        },
        {
          "text": "清静灵通，周流三界",
          "link": "//game.gtimg.cn/images/yxzj/zlkdatasys/audios/audio/20220804/16595945783511.wav"
        },
        {
          "text": "入深缘起",
          "link": "//game.gtimg.cn/images/yxzj/zlkdatasys/audios/audio/20220804/16595945928520.wav"
        },
        {
          "text": "见生死际",
          "link": "//game.gtimg.cn/images/yxzj/zlkdatasys/audios/audio/20220804/16595946057326.wav"
        },
        {
          "text": "九九数完魔灭尽",
          "link": "//game.gtimg.cn/images/yxzj/zlkdatasys/audios/audio/20220804/16595946311542.wav"
        },
        {
          "text": "色原无色，空亦非空",
          "link": "//game.gtimg.cn/images/yxzj/zlkdatasys/audios/audio/20220804/16595946514527.mp3"
        },
        {
          "text": "万象澄明",
          "link": "//game.gtimg.cn/images/yxzj/zlkdatasys/audios/audio/20220804/16595946672706.wav"
        },
        {
          "text": "普施善果",
          "link": "//game.gtimg.cn/images/yxzj/zlkdatasys/audios/audio/20220804/16595946814785.wav"
        },
        {
          "text": "不见舟楫，如何可渡？",
          "link": "//game.gtimg.cn/images/yxzj/zlkdatasys/audios/audio/20220804/16595946989915.wav"
        },
        {
          "text": "无所丛生",
          "link": "//game.gtimg.cn/images/yxzj/zlkdatasys/audios/audio/20220804/16595947158779.wav"
        },
        {
          "text": "靡所不生",
          "link": "//game.gtimg.cn/images/yxzj/zlkdatasys/audios/audio/20220804/16595947305748.wav"
        },
        {
          "text": "功成行满",
          "link": "//game.gtimg.cn/images/yxzj/zlkdatasys/audios/audio/20220804/16595947451844.wav"
        },
        {
          "text": "意马收缰",
          "link": "//game.gtimg.cn/images/yxzj/zlkdatasys/audios/audio/20220804/16595947597482.wav"
        },
        {
          "text": "洗心涤虑",
          "link": "//game.gtimg.cn/images/yxzj/zlkdatasys/audios/audio/20220804/16595947733175.wav"
        },
        {
          "text": "善哉善哉",
          "link": "//game.gtimg.cn/images/yxzj/zlkdatasys/audios/audio/20220804/16595947904709.wav"
        },
        {
          "text": "一念之差招致杀身之祸。",
          "link": "//game.gtimg.cn/images/yxzj/zlkdatasys/audios/audio/20220804/16595948789844.mp3"
        },
        {
          "text": "居心不良终竟玩火自焚。",
          "link": "//game.gtimg.cn/images/yxzj/zlkdatasys/audios/audio/20220804/16595948956694.mp3"
        },
        {
          "text": "你是哪里来的妖怪，胆敢前来作祟？",
          "link": "//game.gtimg.cn/images/yxzj/zlkdatasys/audios/audio/20220804/16595949189804.mp3"
        },
        {
          "text": "洗尘涤垢，反本还原。",
          "link": "//game.gtimg.cn/images/yxzj/zlkdatasys/audios/audio/20220804/16595949381098.mp3"
        },
        {
          "text": "悟空，你可降得住这妖怪？",
          "link": "//game.gtimg.cn/images/yxzj/zlkdatasys/audios/audio/20220804/16595949695026.wav"
        },
        {
          "text": "悟空，你怎敢欺心要打师父？",
          "link": "//game.gtimg.cn/images/yxzj/zlkdatasys/audios/audio/20220804/16595949846966.wav"
        },
        {
          "text": "你野性不除，连伤三命，佛祖也不宽容于你。",
          "link": "//game.gtimg.cn/images/yxzj/zlkdatasys/audios/audio/20220804/16595950096877.mp3"
        },
        {
          "text": "八戒，斯文斯文。",
          "link": "//game.gtimg.cn/images/yxzj/zlkdatasys/audios/audio/20220804/16595950395793.wav"
        },
        {
          "text": "八戒，收起嘴脸来。",
          "link": "//game.gtimg.cn/images/yxzj/zlkdatasys/audios/audio/20220804/16595950533729.wav"
        },
        {
          "text": "佛心四大皆空，贫僧尘念已绝，无缘消受人间富贵。",
          "link": "//game.gtimg.cn/images/yxzj/zlkdatasys/audios/audio/20220804/16595951038619.mp3"
        },
        {
          "text": "若来世有缘分……",
          "link": "//game.gtimg.cn/images/yxzj/zlkdatasys/audios/audio/20220804/16595951334252.wav"
        },
        {
          "text": "万望公主成全贫僧，放我西去。",
          "link": "//game.gtimg.cn/images/yxzj/zlkdatasys/audios/audio/20220804/16595951566494.mp3"
        },
        {
          "text": "公主是个假作真形的，等我徒弟拿住，方知好歹。",
          "link": "//game.gtimg.cn/images/yxzj/zlkdatasys/audios/audio/20220804/16595951735627.mp3"
        },
        {
          "text": "恶徒不除，难取真经！",
          "link": "//game.gtimg.cn/images/yxzj/zlkdatasys/audios/audio/20220804/16595951923795.wav"
        },
        {
          "text": "八戒，悟空说你撒谎，我本来不信，不想果真如此，其实该打。",
          "link": "//game.gtimg.cn/images/yxzj/zlkdatasys/audios/audio/20220804/16595952103303.mp3"
        },
        {
          "text": "我这徒弟相貌丑陋，但心地善良。",
          "link": "//game.gtimg.cn/images/yxzj/zlkdatasys/audios/audio/20220804/16595952702018.mp3"
        },
        {
          "text": "你这猴头，为师要念那紧箍咒了。",
          "link": "//game.gtimg.cn/images/yxzj/zlkdatasys/audios/audio/20220804/16595953563698.wav"
        }
      ],
      "name": "唐三藏"
    }
  ]
}