{
  "data": [
    {
      "voice": [
        {
          "text": "武道没有定式，人生亦是如此。",
          "link": "//game.gtimg.cn/images/yxzj/zlkdatasys/audios/audio/20230406/16807687931438.mp3"
        },
        {
          "text": "天塌了，总有想当英雄的家伙顶着。",
          "link": "//game.gtimg.cn/images/yxzj/zlkdatasys/audios/audio/20230406/16807710731724.mp3"
        },
        {
          "text": "变则万物恒通，通则武道长存，小满独家。",
          "link": "//game.gtimg.cn/images/yxzj/zlkdatasys/audios/audio/20230406/16807711271597.mp3"
        },
        {
          "text": "别羡慕，我可是凭本事摸鱼的。",
          "link": "//game.gtimg.cn/images/yxzj/zlkdatasys/audios/audio/20230406/16807711865636.mp3"
        },
        {
          "text": "生于小满，小满即安。",
          "link": "//game.gtimg.cn/images/yxzj/zlkdatasys/audios/audio/20230406/16807712362745.mp3"
        },
        {
          "text": "对自己严苛的人，怎么可能对他人宽容。",
          "link": "//game.gtimg.cn/images/yxzj/zlkdatasys/audios/audio/20230406/16807713021523.mp3"
        },
        {
          "text": "不是偷懒，这叫做……灵活变通地努力。",
          "link": "//game.gtimg.cn/images/yxzj/zlkdatasys/audios/audio/20230406/16807713544811.mp3"
        },
        {
          "text": "人生很长，遇事莫慌。",
          "link": "//game.gtimg.cn/images/yxzj/zlkdatasys/audios/audio/20230406/16807714549146.mp3"
        },
        {
          "text": "做自己内心的君主，胜过众望所归的英雄。",
          "link": "//game.gtimg.cn/images/yxzj/zlkdatasys/audios/audio/20230406/16807715124646.mp3"
        },
        {
          "text": "海都确实热闹，但稷下学院是家——人总是要回家的。",
          "link": "//game.gtimg.cn/images/yxzj/zlkdatasys/audios/audio/20230406/16807716045984.mp3"
        },
        {
          "text": "拯救天下别找我，我的心太小，只够照见身边的人。",
          "link": "//game.gtimg.cn/images/yxzj/zlkdatasys/audios/audio/20230406/16807716759407.mp3"
        },
        {
          "text": "到此为止了吗……嘎",
          "link": "//game.gtimg.cn/images/yxzj/zlkdatasys/audios/audio/20230406/16807717603044.mp3"
        },
        {
          "text": "下次争取演得更像一点……",
          "link": "//game.gtimg.cn/images/yxzj/zlkdatasys/audios/audio/20230406/16807718826112.mp3"
        },
        {
          "text": "不愧是你……",
          "link": "//game.gtimg.cn/images/yxzj/zlkdatasys/audios/audio/20230406/16807719565813.mp3"
        },
        {
          "text": "演技，是摆脱比武的最佳手段。",
          "link": "//game.gtimg.cn/images/yxzj/zlkdatasys/audios/audio/20230406/16807720803979.mp3"
        },
        {
          "text": "很好，夫子不在，可以为所欲为了?",
          "link": "//game.gtimg.cn/images/yxzj/zlkdatasys/audios/audio/20230406/16807722757626.mp3"
        },
        {
          "text": "日朗风清，正好结束后去庄周老师家摸鱼吧。",
          "link": "//game.gtimg.cn/images/yxzj/zlkdatasys/audios/audio/20230406/16807723416096.mp3"
        },
        {
          "text": "和风细雨，正适合结束后去庄周老师家摸鱼。",
          "link": "//game.gtimg.cn/images/yxzj/zlkdatasys/audios/audio/20230406/16807723865678.mp3"
        },
        {
          "text": "又解决一个麻烦。",
          "link": "//game.gtimg.cn/images/yxzj/zlkdatasys/audios/audio/20230406/16807725708068.mp3"
        },
        {
          "text": "承让了。",
          "link": "//game.gtimg.cn/images/yxzj/zlkdatasys/audios/audio/20230406/16807726218807.mp3"
        },
        {
          "text": "休息一会，应该不会被发现吧。",
          "link": "//game.gtimg.cn/images/yxzj/zlkdatasys/audios/audio/20230406/16807726976002.mp3"
        },
        {
          "text": "你的存在，甚至无法让我认真起来。",
          "link": "//game.gtimg.cn/images/yxzj/zlkdatasys/audios/audio/20230406/16807727868001.mp3"
        },
        {
          "text": "让你两只手，行了吧。",
          "link": "//game.gtimg.cn/images/yxzj/zlkdatasys/audios/audio/20230406/16807728317723.mp3"
        },
        {
          "text": "起势！",
          "link": "//game.gtimg.cn/images/yxzj/zlkdatasys/audios/audio/20230406/16807729489670.mp3"
        },
        {
          "text": "小试一记！",
          "link": "//game.gtimg.cn/images/yxzj/zlkdatasys/audios/audio/20230406/16807729908453.mp3"
        },
        {
          "text": "遇弱则进！",
          "link": "//game.gtimg.cn/images/yxzj/zlkdatasys/audios/audio/20230406/16807731055906.mp3"
        },
        {
          "text": "有机会！",
          "link": "//game.gtimg.cn/images/yxzj/zlkdatasys/audios/audio/20230406/16807734349244.mp3"
        },
        {
          "text": "露破绽了！",
          "link": "//game.gtimg.cn/images/yxzj/zlkdatasys/audios/audio/20230406/16807734981701.mp3"
        },
        {
          "text": "武无常势！",
          "link": "//game.gtimg.cn/images/yxzj/zlkdatasys/audios/audio/20230406/16807735302490.mp3"
        },
        {
          "text": "水无常形！",
          "link": "//game.gtimg.cn/images/yxzj/zlkdatasys/audios/audio/20230406/16807735722487.mp3"
        },
        {
          "text": "你以为呢？",
          "link": "//game.gtimg.cn/images/yxzj/zlkdatasys/audios/audio/20230406/16807736116739.mp3"
        },
        {
          "text": "走！",
          "link": "//game.gtimg.cn/images/yxzj/zlkdatasys/audios/audio/20230406/16807736751992.mp3"
        },
        {
          "text": "凌空！",
          "link": "//game.gtimg.cn/images/yxzj/zlkdatasys/audios/audio/20230406/16807739528111.mp3"
        },
        {
          "text": "借势而为！",
          "link": "//game.gtimg.cn/images/yxzj/zlkdatasys/audios/audio/20230406/16807739877332.mp3"
        },
        {
          "text": "以小博大！",
          "link": "//game.gtimg.cn/images/yxzj/zlkdatasys/audios/audio/20230406/16807740674445.mp3"
        },
        {
          "text": "别走神。",
          "link": "//game.gtimg.cn/images/yxzj/zlkdatasys/audios/audio/20230406/16807740958052.mp3"
        },
        {
          "text": "进退有度！",
          "link": "//game.gtimg.cn/images/yxzj/zlkdatasys/audios/audio/20230406/16807741452733.mp3"
        },
        {
          "text": "风紧扯呼！",
          "link": "//game.gtimg.cn/images/yxzj/zlkdatasys/audios/audio/20230406/16807742293207.mp3"
        },
        {
          "text": "没想到吧？",
          "link": "//game.gtimg.cn/images/yxzj/zlkdatasys/audios/audio/20230406/16807742599444.mp3"
        },
        {
          "text": "千变万化，归于一心。",
          "link": "//game.gtimg.cn/images/yxzj/zlkdatasys/audios/audio/20230406/16807743174636.mp3"
        },
        {
          "text": "稍微认真一点。",
          "link": "//game.gtimg.cn/images/yxzj/zlkdatasys/audios/audio/20230406/16807743706700.mp3"
        },
        {
          "text": "一味趋吉避凶，心又何处安放？",
          "link": "//game.gtimg.cn/images/yxzj/zlkdatasys/audios/audio/20230406/16807744395548.mp3"
        },
        {
          "text": "啧，真麻烦。",
          "link": "//game.gtimg.cn/images/yxzj/zlkdatasys/audios/audio/20230406/16807745132484.mp3"
        },
        {
          "text": "速战速决。",
          "link": "//game.gtimg.cn/images/yxzj/zlkdatasys/audios/audio/20230406/16807745573996.mp3"
        },
        {
          "text": "对面餐吧的躺椅配上太阳就很不错。",
          "link": "//game.gtimg.cn/images/yxzj/zlkdatasys/audios/audio/20230406/16807754855209.mp3"
        },
        {
          "text": "诶？这海螺里没有肉啊……",
          "link": "//game.gtimg.cn/images/yxzj/zlkdatasys/audios/audio/20230406/16807755304322.mp3"
        },
        {
          "text": "不愧是你铁子，扬帆的姿势充满了力量，顺便把甲板刷了再把食材搬到厨房吧。",
          "link": "//game.gtimg.cn/images/yxzj/zlkdatasys/audios/audio/20230406/16807755992388.mp3"
        },
        {
          "text": "那我就研究一下重要的钓鱼工作吧。",
          "link": "//game.gtimg.cn/images/yxzj/zlkdatasys/audios/audio/20230406/16807756466403.mp3"
        },
        {
          "text": "唉，笨手笨脚。",
          "link": "//game.gtimg.cn/images/yxzj/zlkdatasys/audios/audio/20230406/16807758671323.mp3"
        },
        {
          "text": "小鱼干？嗯，比稷下的味道好~",
          "link": "//game.gtimg.cn/images/yxzj/zlkdatasys/audios/audio/20230406/16807759453243.mp3"
        },
        {
          "text": "这个世界稀少而珍贵的勇气与善良，值得一个嘉奖。",
          "link": "//game.gtimg.cn/images/yxzj/zlkdatasys/audios/audio/20230406/16807760865640.mp3"
        },
        {
          "text": "海都可太远了，真希望回去的时候能一路睡到家……",
          "link": "//game.gtimg.cn/images/yxzj/zlkdatasys/audios/audio/20230406/16807761373456.mp3"
        },
        {
          "text": "你的存在让我理解母亲为何逃离。",
          "link": "//game.gtimg.cn/images/yxzj/zlkdatasys/audios/audio/20230406/16807762479392.mp3"
        },
        {
          "text": "夫子夫子，您和姜子牙最后谁赢了？",
          "link": "//game.gtimg.cn/images/yxzj/zlkdatasys/audios/audio/20230406/16807762988911.mp3"
        },
        {
          "text": "那就是您赢了嘛，活到最后的就是赢家。",
          "link": "//game.gtimg.cn/images/yxzj/zlkdatasys/audios/audio/20230406/16807763726260.mp3"
        },
        {
          "text": "唉……是夫子的麻烦吧。",
          "link": "//game.gtimg.cn/images/yxzj/zlkdatasys/audios/audio/20230406/16807764399801.mp3"
        },
        {
          "text": "麻烦，不去",
          "link": "//game.gtimg.cn/images/yxzj/zlkdatasys/audios/audio/20230406/16807764882127.mp3"
        },
        {
          "text": "那……去海都找火鹰大伯是母亲的遗愿，谁都不能阻止我。",
          "link": "//game.gtimg.cn/images/yxzj/zlkdatasys/audios/audio/20230406/16807765415087.mp3"
        },
        {
          "text": "夫子，这招如何？",
          "link": "//game.gtimg.cn/images/yxzj/zlkdatasys/audios/audio/20230406/16807766476460.mp3"
        },
        {
          "text": "您也没说报谁的名字嘛。",
          "link": "//game.gtimg.cn/images/yxzj/zlkdatasys/audios/audio/20230406/16807766958670.mp3"
        },
        {
          "text": "我是没下，夫子您不也没上嘛。",
          "link": "//game.gtimg.cn/images/yxzj/zlkdatasys/audios/audio/20230406/16807767552980.mp3"
        },
        {
          "text": "嗨~阿鲲，还是这么好摸。",
          "link": "//game.gtimg.cn/images/yxzj/zlkdatasys/audios/audio/20230406/16807769261990.mp3"
        },
        {
          "text": "听说母亲请您封印了我的魔道能力，为什么？",
          "link": "//game.gtimg.cn/images/yxzj/zlkdatasys/audios/audio/20230406/16807769683351.mp3"
        },
        {
          "text": "好远，忽然不太想知道了。",
          "link": "//game.gtimg.cn/images/yxzj/zlkdatasys/audios/audio/20230406/16807770099248.mp3"
        },
        {
          "text": "墨子老师消消气，以和为贵以和为贵。",
          "link": "//game.gtimg.cn/images/yxzj/zlkdatasys/audios/audio/20230406/16807770784279.mp3"
        },
        {
          "text": "不愧是你！很能干嘛，那我的作业就交给你了！大天才~！",
          "link": "//game.gtimg.cn/images/yxzj/zlkdatasys/audios/audio/20230406/16807771981988.mp3"
        },
        {
          "text": "哦，你更厉害。",
          "link": "//game.gtimg.cn/images/yxzj/zlkdatasys/audios/audio/20230406/16807773218669.mp3"
        },
        {
          "text": "这是上次作业的酬劳。",
          "link": "//game.gtimg.cn/images/yxzj/zlkdatasys/audios/audio/20230406/16807773919953.mp3"
        },
        {
          "text": "好麻烦，不如愉快地停更吧。",
          "link": "//game.gtimg.cn/images/yxzj/zlkdatasys/audios/audio/20230406/16807774543597.mp3"
        },
        {
          "text": "考试啊，随意发挥一下就好啦。",
          "link": "//game.gtimg.cn/images/yxzj/zlkdatasys/audios/audio/20230406/16807775204625.mp3"
        },
        {
          "text": "任教稷下，当场退休，二十岁过上拿退休金的平凡生活。",
          "link": "//game.gtimg.cn/images/yxzj/zlkdatasys/audios/audio/20230406/16807776344451.mp3"
        },
        {
          "text": "不试试蒙叔没有尝试过的新解法吗？这可是证明自己的好机会。",
          "link": "//game.gtimg.cn/images/yxzj/zlkdatasys/audios/audio/20230406/16807777295766.mp3"
        },
        {
          "text": "蒙小犽，创造出让蒙叔大吃一惊的东西吧。",
          "link": "//game.gtimg.cn/images/yxzj/zlkdatasys/audios/audio/20230406/16807777664858.mp3"
        },
        {
          "text": "听说小烦是大师的杰作，功能不错，就是有点……聒噪，帮我改改嘛。",
          "link": "//game.gtimg.cn/images/yxzj/zlkdatasys/audios/audio/20230406/16807778813331.mp3"
        },
        {
          "text": "那算了。",
          "link": "//game.gtimg.cn/images/yxzj/zlkdatasys/audios/audio/20230406/16807779252573.mp3"
        },
        {
          "text": "丑是丑点，管用就行。",
          "link": "//game.gtimg.cn/images/yxzj/zlkdatasys/audios/audio/20230406/16807779792962.mp3"
        },
        {
          "text": "别提我爹，蒙叔。",
          "link": "//game.gtimg.cn/images/yxzj/zlkdatasys/audios/audio/20230406/16807780279941.mp3"
        },
        {
          "text": "蒙叔，今年生日，我爹又食言了……",
          "link": "//game.gtimg.cn/images/yxzj/zlkdatasys/audios/audio/20230406/16807780577836.mp3"
        },
        {
          "text": "故事不会说，英雄拯救了家乡，却没见到妻子最后一面。",
          "link": "//game.gtimg.cn/images/yxzj/zlkdatasys/audios/audio/20230406/16807781494043.mp3"
        },
        {
          "text": "长安城的大英雄？",
          "link": "//game.gtimg.cn/images/yxzj/zlkdatasys/audios/audio/20230406/16807782607098.mp3"
        },
        {
          "text": "说说您和夫子之间相爱相杀的故事呗。",
          "link": "//game.gtimg.cn/images/yxzj/zlkdatasys/audios/audio/20230406/16807783107351.mp3"
        },
        {
          "text": "不想。",
          "link": "//game.gtimg.cn/images/yxzj/zlkdatasys/audios/audio/20230406/16807783606097.mp3"
        },
        {
          "text": "啊，莫非您就是传说中比夫子还要变态的那个朋友？",
          "link": "//game.gtimg.cn/images/yxzj/zlkdatasys/audios/audio/20230406/16807784026781.mp3"
        },
        {
          "text": "还没结束。",
          "link": "//game.gtimg.cn/images/yxzj/zlkdatasys/audios/audio/20230406/16807788456824.mp3"
        },
        {
          "text": "意外吗？",
          "link": "//game.gtimg.cn/images/yxzj/zlkdatasys/audios/audio/20230406/16807788691636.mp3"
        },
        {
          "text": "人生不是独木桥，每个人有自己的步调。",
          "link": "//game.gtimg.cn/images/yxzj/zlkdatasys/audios/audio/20230406/16807789235320.mp3"
        },
        {
          "text": "没有什么比小鱼干更令人心情愉悦了。",
          "link": "//game.gtimg.cn/images/yxzj/zlkdatasys/audios/audio/20230406/16807789741215.mp3"
        },
        {
          "text": "喝足吃饱，阳光正好。",
          "link": "//game.gtimg.cn/images/yxzj/zlkdatasys/audios/audio/20230406/16807790081196.mp3"
        },
        {
          "text": "稍微认真了一点。",
          "link": "//game.gtimg.cn/images/yxzj/zlkdatasys/audios/audio/20230406/16807791101531.mp3"
        },
        {
          "text": "啊是是是，不愧是您，天下无敌。",
          "link": "//game.gtimg.cn/images/yxzj/zlkdatasys/audios/audio/20230406/16807791607130.mp3"
        },
        {
          "text": "勉为其难帮你解决这个麻烦。",
          "link": "//game.gtimg.cn/images/yxzj/zlkdatasys/audios/audio/20230406/16807792414906.mp3"
        },
        {
          "text": "哦？那你可得更努力一点。",
          "link": "//game.gtimg.cn/images/yxzj/zlkdatasys/audios/audio/20230406/16807792693307.mp3"
        },
        {
          "text": "当然是，收工，风紧扯呼。",
          "link": "//game.gtimg.cn/images/yxzj/zlkdatasys/audios/audio/20230406/16807793081510.mp3"
        },
        {
          "text": "有椒盐味的小鱼干卖吗？",
          "link": "//game.gtimg.cn/images/yxzj/zlkdatasys/audios/audio/20230406/16807794527459.mp3"
        },
        {
          "text": "好重，非得拿这个吗？",
          "link": "//game.gtimg.cn/images/yxzj/zlkdatasys/audios/audio/20230406/16807794766664.mp3"
        },
        {
          "text": "安静，这可是人生最重要的零食时间！……算了。",
          "link": "//game.gtimg.cn/images/yxzj/zlkdatasys/audios/audio/20230407/16808381389739.mp3"
        },
        {
          "text": "我们走，皮皮烦。",
          "link": "//game.gtimg.cn/images/yxzj/zlkdatasys/audios/audio/20230407/16808382041773.mp3"
        },
        {
          "text": "化万物变法，我自成武道。",
          "link": "//game.gtimg.cn/images/yxzj/zlkdatasys/audios/audio/20230407/16808389016112.mp3"
        },
        {
          "text": "强弱柔刚，变化无常。",
          "link": "//game.gtimg.cn/images/yxzj/zlkdatasys/audios/audio/20230407/16808389392574.mp3"
        },
        {
          "text": "秉性而行，所欲随心。",
          "link": "//game.gtimg.cn/images/yxzj/zlkdatasys/audios/audio/20230407/16808389754415.mp3"
        },
        {
          "text": "刀疤仔，我来教你这两把剑的绝妙用法——炸鱼一击！",
          "link": "//game.gtimg.cn/images/yxzj/zlkdatasys/audios/audio/20230619/16871606649436.mp3"
        },
        {
          "text": "船上的西瓜已经吃完了，而学会此招，小鱼干要多少有多少。",
          "link": "//game.gtimg.cn/images/yxzj/zlkdatasys/audios/audio/20230619/16871606857688.mp3"
        },
        {
          "text": "绝对不要得罪佣兵协会的人，他们的执着超乎想象……",
          "link": "//game.gtimg.cn/images/yxzj/zlkdatasys/audios/audio/20230619/16871643734879.mp3"
        }
      ],
      "name": "原皮"
    },
    {
      "voice": [
        {
          "text": "嗯？ 披萨、寿司和烧卖？ 烧烤、夹馍、关东煮，布丁、蛋挞、羊角酥！——脑洞代替脚步，香味突破屏幕！",
          "link": "//game.gtimg.cn/images/yxzj/zlkdatasys/audios/audio/20240202/17068676733583.mp3"
        },
        {
          "text": "味蕾不受局限，美食随心而变。",
          "link": "//game.gtimg.cn/images/yxzj/zlkdatasys/audios/audio/20240202/17068676877612.mp3"
        },
        {
          "text": "想象无边，化滋味万千。",
          "link": "//game.gtimg.cn/images/yxzj/zlkdatasys/audios/audio/20240202/17068677012637.mp3"
        },
        {
          "text": "食材是自然的语言，风味是文明的历史。",
          "link": "//game.gtimg.cn/images/yxzj/zlkdatasys/audios/audio/20240202/17068456983679.mp3"
        },
        {
          "text": "无法保鲜的食物，可以打包到胃里。",
          "link": "//game.gtimg.cn/images/yxzj/zlkdatasys/audios/audio/20240202/17068457636280.mp3"
        },
        {
          "text": "吃饭喝汤，生活不忙。",
          "link": "//game.gtimg.cn/images/yxzj/zlkdatasys/audios/audio/20240202/17068457804827.mp3"
        },
        {
          "text": "再高端的食材，一口也能吃掉！",
          "link": "//game.gtimg.cn/images/yxzj/zlkdatasys/audios/audio/20240202/17068459609561.mp3"
        },
        {
          "text": "深刻大道理，不如小板栗。",
          "link": "//game.gtimg.cn/images/yxzj/zlkdatasys/audios/audio/20240202/17068459771481.mp3"
        },
        {
          "text": "晚餐加宵夜，是解决烦恼的最佳组合。",
          "link": "//game.gtimg.cn/images/yxzj/zlkdatasys/audios/audio/20240202/17068459935894.mp3"
        },
        {
          "text": "随机抽取十条弹幕，送出直播间排行前十的新奇料理！",
          "link": "//game.gtimg.cn/images/yxzj/zlkdatasys/audios/audio/20240202/17068460349354.mp3"
        },
        {
          "text": "助理小饭罢工，请假一天。",
          "link": "//game.gtimg.cn/images/yxzj/zlkdatasys/audios/audio/20240202/17068461075251.mp3"
        },
        {
          "text": "小助理修理完毕，直播继续。",
          "link": "//game.gtimg.cn/images/yxzj/zlkdatasys/audios/audio/20240202/17068461408495.mp3"
        },
        {
          "text": "人类驯服食物名场面！",
          "link": "//game.gtimg.cn/images/yxzj/zlkdatasys/audios/audio/20240202/17068461795326.mp3"
        },
        {
          "text": "春困秋乏，不如躺在家里喝奶茶。",
          "link": "//game.gtimg.cn/images/yxzj/zlkdatasys/audios/audio/20240202/17068462087687.mp3"
        },
        {
          "text": "夏倦冬困，正好窝在家中吃火锅。",
          "link": "//game.gtimg.cn/images/yxzj/zlkdatasys/audios/audio/20240202/17068462259671.mp3"
        },
        {
          "text": "古今内外，最爱中华烧卖！",
          "link": "//game.gtimg.cn/images/yxzj/zlkdatasys/audios/audio/20240202/17068462597068.mp3"
        },
        {
          "text": "鱼肉可口，冷食略逊一筹。",
          "link": "//game.gtimg.cn/images/yxzj/zlkdatasys/audios/audio/20240202/17068462756577.mp3"
        },
        {
          "text": "芝士虽好，不如家乡味道。",
          "link": "//game.gtimg.cn/images/yxzj/zlkdatasys/audios/audio/20240202/17068462916683.mp3"
        },
        {
          "text": "电饭煲烫屁股了！",
          "link": "//game.gtimg.cn/images/yxzj/zlkdatasys/audios/audio/20240202/17068463088432.mp3"
        },
        {
          "text": "弹幕可以作证，是食物先动的手。",
          "link": "//game.gtimg.cn/images/yxzj/zlkdatasys/audios/audio/20240202/17068463356877.mp3"
        },
        {
          "text": "食物界的未解之谜——鱼香肉丝为什么没有鱼？",
          "link": "//game.gtimg.cn/images/yxzj/zlkdatasys/audios/audio/20240202/17068463594025.mp3"
        },
        {
          "text": "开播！",
          "link": "//game.gtimg.cn/images/yxzj/zlkdatasys/audios/audio/20240202/17068541317220.mp3"
        },
        {
          "text": "上菜！",
          "link": "//game.gtimg.cn/images/yxzj/zlkdatasys/audios/audio/20240202/17068541468350.mp3"
        },
        {
          "text": "葱爆牛柳！",
          "link": "//game.gtimg.cn/images/yxzj/zlkdatasys/audios/audio/20240202/17068541775201.mp3"
        },
        {
          "text": "剁椒鱼头！",
          "link": "//game.gtimg.cn/images/yxzj/zlkdatasys/audios/audio/20240202/17068541921623.mp3"
        },
        {
          "text": "鲜嫩爆汁！",
          "link": "//game.gtimg.cn/images/yxzj/zlkdatasys/audios/audio/20240202/17068542084836.mp3"
        },
        {
          "text": "豚骨拉面！",
          "link": "//game.gtimg.cn/images/yxzj/zlkdatasys/audios/audio/20240202/17068542247257.mp3"
        },
        {
          "text": "羊肉抓饭！",
          "link": "//game.gtimg.cn/images/yxzj/zlkdatasys/audios/audio/20240202/17068542407123.mp3"
        },
        {
          "text": "征服味蕾！",
          "link": "//game.gtimg.cn/images/yxzj/zlkdatasys/audios/audio/20240202/17068542553235.mp3"
        },
        {
          "text": "借力而为！",
          "link": "//game.gtimg.cn/images/yxzj/zlkdatasys/audios/audio/20240202/17068542931640.mp3"
        },
        {
          "text": "平稳落地！",
          "link": "//game.gtimg.cn/images/yxzj/zlkdatasys/audios/audio/20240202/17068543099198.mp3"
        },
        {
          "text": "开饭！",
          "link": "//game.gtimg.cn/images/yxzj/zlkdatasys/audios/audio/20240202/17068543304784.mp3"
        },
        {
          "text": "尝尝？",
          "link": "//game.gtimg.cn/images/yxzj/zlkdatasys/audios/audio/20240202/17068543465949.mp3"
        },
        {
          "text": "水滑肉！",
          "link": "//game.gtimg.cn/images/yxzj/zlkdatasys/audios/audio/20240202/17068543687915.mp3"
        },
        {
          "text": "油封鸭腿！",
          "link": "//game.gtimg.cn/images/yxzj/zlkdatasys/audios/audio/20240202/17068543846082.mp3"
        },
        {
          "text": "外酥里嫩！",
          "link": "//game.gtimg.cn/images/yxzj/zlkdatasys/audios/audio/20240202/17068544008396.mp3"
        },
        {
          "text": "佛跳墙！",
          "link": "//game.gtimg.cn/images/yxzj/zlkdatasys/audios/audio/20240202/17068544181604.mp3"
        },
        {
          "text": "菠萝飞饼！",
          "link": "//game.gtimg.cn/images/yxzj/zlkdatasys/audios/audio/20240202/17068544353652.mp3"
        },
        {
          "text": "口感轻盈！",
          "link": "//game.gtimg.cn/images/yxzj/zlkdatasys/audios/audio/20240202/17068544619083.mp3"
        },
        {
          "text": "勺筷碗杯，各就各位。",
          "link": "//game.gtimg.cn/images/yxzj/zlkdatasys/audios/audio/20240202/17068544818575.mp3"
        },
        {
          "text": "饭后活动时间。",
          "link": "//game.gtimg.cn/images/yxzj/zlkdatasys/audios/audio/20240202/17068544979607.mp3"
        },
        {
          "text": "足不出户的美食，如何走向世界？",
          "link": "//game.gtimg.cn/images/yxzj/zlkdatasys/audios/audio/20240202/17068545238460.mp3"
        },
        {
          "text": "无限追求不如原地退休。",
          "link": "//game.gtimg.cn/images/yxzj/zlkdatasys/audios/audio/20240202/17068546087606.mp3"
        },
        {
          "text": "红烧牛肉、蜜汁烧鸡、糖醋排骨……紧张刺激的报菜名游戏吗？",
          "link": "//game.gtimg.cn/images/yxzj/zlkdatasys/audios/audio/20240202/17068546429456.mp3"
        },
        {
          "text": "三十年芥末味老鲱鱼拌咸辣海胆冰淇淋！隔壁主播都馋哭了！",
          "link": "//game.gtimg.cn/images/yxzj/zlkdatasys/audios/audio/20240202/17068546809529.mp3"
        },
        {
          "text": "吃的不多不少，生活不急不躁。",
          "link": "//game.gtimg.cn/images/yxzj/zlkdatasys/audios/audio/20240202/17068547063113.mp3"
        }
      ],
      "name": "妄想食味"
    }
  ]
}
