{
  "data": [
    {
      "voice": [
        {
          "text": "飞燕六连",
          "link": "//game.gtimg.cn/images/yxzj/zlkdatasys/audios/audio/20220412/16497330367361.wav"
        },
        {
          "text": "居合",
          "link": "//game.gtimg.cn/images/yxzj/zlkdatasys/audios/audio/20220412/16497330512600.wav"
        },
        {
          "text": "请原谅",
          "link": "//game.gtimg.cn/images/yxzj/zlkdatasys/audios/audio/20220412/16497330659589.wav"
        },
        {
          "text": "就这样…",
          "link": "//game.gtimg.cn/images/yxzj/zlkdatasys/audios/audio/20220412/16497330776591.wav"
        },
        {
          "text": "决不饶恕！",
          "link": "//game.gtimg.cn/images/yxzj/zlkdatasys/audios/audio/20220412/16497330903581.wav"
        },
        {
          "text": "圭小姐——！",
          "link": "//game.gtimg.cn/images/yxzj/zlkdatasys/audios/audio/20220412/16497331031183.wav"
        },
        {
          "text": "燕返！",
          "link": "//game.gtimg.cn/images/yxzj/zlkdatasys/audios/audio/20220412/16497331184778.wav"
        },
        {
          "text": "去死吧",
          "link": "//game.gtimg.cn/images/yxzj/zlkdatasys/audios/audio/20220412/16497331715902.wav"
        }
      ],
      "name": "原皮"
    },
    {
      "voice": [
        {
          "text": "为思念之人，寻最美之花。",
          "link": "//game.gtimg.cn/images/yxzj/zlkdatasys/audios/audio/20220415/16499858103980.mp3"
        },
        {
          "text": "前面就是人世和幽冥的境界。",
          "link": "//game.gtimg.cn/images/yxzj/zlkdatasys/audios/audio/20220415/16499858294502.mp3"
        },
        {
          "text": "我命但在，我剑永辉。",
          "link": "//game.gtimg.cn/images/yxzj/zlkdatasys/audios/audio/20220415/16499858446191.mp3"
        },
        {
          "text": "如你遇见这花，如我遇见你。",
          "link": "//game.gtimg.cn/images/yxzj/zlkdatasys/audios/audio/20220413/16498222277700.wav"
        },
        {
          "text": "黄昏呵 宛如手心里的曼珠沙华",
          "link": "//game.gtimg.cn/images/yxzj/zlkdatasys/audios/audio/20220413/16498222416425.wav"
        },
        {
          "text": "繁华散尽后，行者徒伤悲。",
          "link": "//game.gtimg.cn/images/yxzj/zlkdatasys/audios/audio/20220413/16498222607715.wav"
        },
        {
          "text": "无月虽醉亦易醒，杯中雪花一点红。",
          "link": "//game.gtimg.cn/images/yxzj/zlkdatasys/audios/audio/20220413/16498223114414.wav"
        },
        {
          "text": "我和你既然都已经无法回头，那么……抱歉了！",
          "link": "//game.gtimg.cn/images/yxzj/zlkdatasys/audios/audio/20220413/16498223235932.wav"
        },
        {
          "text": "纵使葬身冬海\n吾亦往矣……看剑。",
          "link": "//game.gtimg.cn/images/yxzj/zlkdatasys/audios/audio/20220413/16498223375250.wav"
        },
        {
          "text": "路边花圃乃我葬身之地，六道轮回是君远离之乡。",
          "link": "//game.gtimg.cn/images/yxzj/zlkdatasys/audios/audio/20220413/16498223517759.wav"
        },
        {
          "text": "命不久矣……",
          "link": "//game.gtimg.cn/images/yxzj/zlkdatasys/audios/audio/20220415/16499879472234.wav"
        },
        {
          "text": "染红自己的手……咳咳。",
          "link": "//game.gtimg.cn/images/yxzj/zlkdatasys/audios/audio/20220413/16498224174419.wav"
        },
        {
          "text": "神梦想一刀流，在此……",
          "link": "//game.gtimg.cn/images/yxzj/zlkdatasys/audios/audio/20220415/16499880043174.wav"
        }
      ],
      "name": "修罗"
    },
    {
      "voice": [
        {
          "text": "红月正当空，挥刃封魂镇妖邪，恐故约难赴",
          "link": "//game.gtimg.cn/images/yxzj/zlkdatasys/audios/audio/20221011/16654596195621.mp3"
        },
        {
          "text": "寒刃尽断处，吾心作剑霜作锋",
          "link": "//game.gtimg.cn/images/yxzj/zlkdatasys/audios/audio/20221011/16654596322550.mp3"
        },
        {
          "text": "百年剑中行，遍斩魍魉又至秋，远乡响旧歌",
          "link": "//game.gtimg.cn/images/yxzj/zlkdatasys/audios/audio/20221011/16654596461179.mp3"
        },
        {
          "text": "吾即为吾之利刃",
          "link": "//game.gtimg.cn/images/yxzj/zlkdatasys/audios/audio/20220920/16636665247526.mp3"
        },
        {
          "text": "何必众生苦，殉身与妖邪者，一人足矣",
          "link": "//game.gtimg.cn/images/yxzj/zlkdatasys/audios/audio/20220920/16636665403073.mp3"
        },
        {
          "text": "死生尽度外，神鬼俱无名",
          "link": "//game.gtimg.cn/images/yxzj/zlkdatasys/audios/audio/20220920/16636665979075.mp3"
        },
        {
          "text": "天下长宁，亦是故人之宁",
          "link": "//game.gtimg.cn/images/yxzj/zlkdatasys/audios/audio/20220920/16636666117910.mp3"
        },
        {
          "text": "剑缠红豆，故约在心，羁留百年又何惧？",
          "link": "//game.gtimg.cn/images/yxzj/zlkdatasys/audios/audio/20220920/16636666367569.mp3"
        },
        {
          "text": "吾曾知归途何方，而今四顾却茫茫",
          "link": "//game.gtimg.cn/images/yxzj/zlkdatasys/audios/audio/20220920/16636667546340.mp3"
        },
        {
          "text": "浮生仓皇景，相对唯顷刻。",
          "link": "//game.gtimg.cn/images/yxzj/zlkdatasys/audios/audio/20220920/16636667755681.mp3"
        },
        {
          "text": "雁当归去否",
          "link": "//game.gtimg.cn/images/yxzj/zlkdatasys/audios/audio/20220920/16636668217710.mp3"
        },
        {
          "text": "世上安得两全法……",
          "link": "//game.gtimg.cn/images/yxzj/zlkdatasys/audios/audio/20220920/16636668506949.mp3"
        },
        {
          "text": "燕返！",
          "link": "//game.gtimg.cn/images/yxzj/zlkdatasys/audios/audio/20220920/16636669361388.mp3"
        },
        {
          "text": "归鸿！",
          "link": "//game.gtimg.cn/images/yxzj/zlkdatasys/audios/audio/20220920/16636669899187.mp3"
        },
        {
          "text": "斩空！",
          "link": "//game.gtimg.cn/images/yxzj/zlkdatasys/audios/audio/20220920/16636670069140.mp3"
        },
        {
          "text": "霜锋！",
          "link": "//game.gtimg.cn/images/yxzj/zlkdatasys/audios/audio/20220920/16636670332882.mp3"
        },
        {
          "text": "碎月！",
          "link": "//game.gtimg.cn/images/yxzj/zlkdatasys/audios/audio/20220920/16636670472567.mp3"
        },
        {
          "text": "破秋！",
          "link": "//game.gtimg.cn/images/yxzj/zlkdatasys/audios/audio/20220920/16636670614977.mp3"
        },
        {
          "text": "秋心一叶红！",
          "link": "//game.gtimg.cn/images/yxzj/zlkdatasys/audios/audio/20220920/16636670907095.mp3"
        },
        {
          "text": "此即封印之时！",
          "link": "//game.gtimg.cn/images/yxzj/zlkdatasys/audios/audio/20220920/16636671063580.mp3"
        },
        {
          "text": "吾魂所镇之地！",
          "link": "//game.gtimg.cn/images/yxzj/zlkdatasys/audios/audio/20220920/16636671212805.mp3"
        },
        {
          "text": "斩尔恶魂，淬吾寒刃！",
          "link": "//game.gtimg.cn/images/yxzj/zlkdatasys/audios/audio/20220920/16636671532053.mp3"
        },
        {
          "text": "无牵无挂之君，正如此霜叶轻易飘落",
          "link": "//game.gtimg.cn/images/yxzj/zlkdatasys/audios/audio/20220920/16636671943353.mp3"
        },
        {
          "text": "义心所向，出鞘无悔",
          "link": "//game.gtimg.cn/images/yxzj/zlkdatasys/audios/audio/20220920/16636672214580.mp3"
        },
        {
          "text": "残页之中，可能寻得故人痕迹？",
          "link": "//game.gtimg.cn/images/yxzj/zlkdatasys/audios/audio/20220920/16636672546251.mp3"
        },
        {
          "text": "悬月有恨，逝水无还，徘徊皆为一人",
          "link": "//game.gtimg.cn/images/yxzj/zlkdatasys/audios/audio/20220920/16636672735321.mp3"
        },
        {
          "text": "既失归处，徒念归期",
          "link": "//game.gtimg.cn/images/yxzj/zlkdatasys/audios/audio/20220920/16636673186356.mp3"
        }
      ],
      "name": "枫霜尽"
    }
  ]
}