{
  "data": [
    {
      "voice": [
        {
          "text": "比任何对手都强，乃人生最大的烦恼。",
          "link": "//game.gtimg.cn/images/yxzj/zlkdatasys/audios/audio/20220412/16497692697687.wav"
        },
        {
          "text": "长城，让你忘记自己孤身一人",
          "link": "//game.gtimg.cn/images/yxzj/zlkdatasys/audios/audio/20220412/16497692844878.wav"
        },
        {
          "text": "以绝望挥剑，着逝者为铠",
          "link": "//game.gtimg.cn/images/yxzj/zlkdatasys/audios/audio/20220412/16497692919363.wav"
        },
        {
          "text": "多管闲事的命运，碎裂于剑士的意志",
          "link": "//game.gtimg.cn/images/yxzj/zlkdatasys/audios/audio/20220412/16497693259924.wav"
        },
        {
          "text": "一个人可以被毁灭，但绝不会被打败",
          "link": "//game.gtimg.cn/images/yxzj/zlkdatasys/audios/audio/20220412/16497693327697.wav"
        },
        {
          "text": "无限接近死亡，更能醒悟生存的真谛",
          "link": "//game.gtimg.cn/images/yxzj/zlkdatasys/audios/audio/20220412/16497693441319.wav"
        },
        {
          "text": "磨砺的不止锋芒，还有灵魂",
          "link": "//game.gtimg.cn/images/yxzj/zlkdatasys/audios/audio/20220412/16497693542775.wav"
        },
        {
          "text": "饮血的刃，越发空虚",
          "link": "//game.gtimg.cn/images/yxzj/zlkdatasys/audios/audio/20220412/16497693728095.wav"
        },
        {
          "text": "诅咒，终结于此",
          "link": "//game.gtimg.cn/images/yxzj/zlkdatasys/audios/audio/20220412/16497693898106.wav"
        },
        {
          "text": "别被剑锋蒙蔽！",
          "link": "//game.gtimg.cn/images/yxzj/zlkdatasys/audios/audio/20220412/16497694167121.wav"
        },
        {
          "text": "人，总是向死而生！",
          "link": "//game.gtimg.cn/images/yxzj/zlkdatasys/audios/audio/20220412/16497694277579.wav"
        },
        {
          "text": "对峙命运！",
          "link": "//game.gtimg.cn/images/yxzj/zlkdatasys/audios/audio/20220412/16497694335000.wav"
        },
        {
          "text": "以绝望挥剑，着逝者为铠",
          "link": "//game.gtimg.cn/images/yxzj/zlkdatasys/audios/audio/20220412/16497694615001.wav"
        },
        {
          "text": "被诅咒的可悲人生，终结于我的剑刃",
          "link": "//game.gtimg.cn/images/yxzj/zlkdatasys/audios/audio/20220412/16497703778730.wav"
        },
        {
          "text": "不，我自己选择了忘却",
          "link": "//game.gtimg.cn/images/yxzj/zlkdatasys/audios/audio/20220415/16499941348837.mp3"
        },
        {
          "text": "我阻碍着你。你的哥哥，会深爱如此充满勇气的你",
          "link": "//game.gtimg.cn/images/yxzj/zlkdatasys/audios/audio/20220415/16499941627528.mp3"
        },
        {
          "text": "我想，那是因为我终于学会了控制自己。",
          "link": "//game.gtimg.cn/images/yxzj/zlkdatasys/audios/audio/20220415/16499941743060.mp3"
        },
        {
          "text": "抛弃执念吧，未尝不是人生的解脱",
          "link": "//game.gtimg.cn/images/yxzj/zlkdatasys/audios/audio/20220412/16497705029130.wav"
        },
        {
          "text": "名字？记不清了。似乎饱含罪孽的意味。",
          "link": "//game.gtimg.cn/images/yxzj/zlkdatasys/audios/audio/20220412/16497705142933.wav"
        },
        {
          "text": "我记得你。",
          "link": "//game.gtimg.cn/images/yxzj/zlkdatasys/audios/audio/20220415/16499941869347.mp3"
        },
        {
          "text": "一夜又一夜被惊醒，寒星下的别离",
          "link": "//game.gtimg.cn/images/yxzj/zlkdatasys/audios/audio/20220412/16497705814487.wav"
        },
        {
          "text": "微笑吧，会很可爱",
          "link": "//game.gtimg.cn/images/yxzj/zlkdatasys/audios/audio/20220412/16497705939945.wav"
        },
        {
          "text": "有个小小的影子，留在我心底，挥之不去",
          "link": "//game.gtimg.cn/images/yxzj/zlkdatasys/audios/audio/20220412/16497706094428.wav"
        },
        {
          "text": "罪恶的因果决定了被玩弄的命运。我则与它对峙到底！",
          "link": "//game.gtimg.cn/images/yxzj/zlkdatasys/audios/audio/20220412/16497706208801.wav"
        },
        {
          "text": "很抱歉，然而无怨无悔",
          "link": "//game.gtimg.cn/images/yxzj/zlkdatasys/audios/audio/20220412/16497706335199.wav"
        },
        {
          "text": "相信我，叛逆期的少年需要更多蔬菜",
          "link": "//game.gtimg.cn/images/yxzj/zlkdatasys/audios/audio/20220412/16497708135031.wav"
        },
        {
          "text": "比子弹更能击穿人心的唯有你的厨艺",
          "link": "//game.gtimg.cn/images/yxzj/zlkdatasys/audios/audio/20220412/16497708235968.wav"
        },
        {
          "text": "珍惜本心",
          "link": "//game.gtimg.cn/images/yxzj/zlkdatasys/audios/audio/20220412/16497708699855.wav"
        },
        {
          "text": "我有多无情，你不会想了解的",
          "link": "//game.gtimg.cn/images/yxzj/zlkdatasys/audios/audio/20220412/16497708951587.wav"
        },
        {
          "text": "为我们祈求的，永无回应的救赎干杯",
          "link": "//game.gtimg.cn/images/yxzj/zlkdatasys/audios/audio/20220412/16497709234868.wav"
        },
        {
          "text": "荒漠中，我看着瓣鳞花，爬往活下去的方向",
          "link": "//game.gtimg.cn/images/yxzj/zlkdatasys/audios/audio/20220412/16497709372464.wav"
        },
        {
          "text": "心在哪里，哪里就成为归宿",
          "link": "//game.gtimg.cn/images/yxzj/zlkdatasys/audios/audio/20220412/16497709459475.wav"
        },
        {
          "text": "它时刻提醒我，自己是什么样的人",
          "link": "//game.gtimg.cn/images/yxzj/zlkdatasys/audios/audio/20220415/16499941199459.mp3"
        },
        {
          "text": "令人沉醉，令人痛苦，令人不懈追求，唯有剑的魔与道。",
          "link": "//game.gtimg.cn/images/yxzj/zlkdatasys/audios/audio/20220412/16497710235180.wav"
        },
        {
          "text": "幽灵萦绕你我不去",
          "link": "//game.gtimg.cn/images/yxzj/zlkdatasys/audios/audio/20220412/16497710327519.wav"
        },
        {
          "text": "谁让谁更失望呢",
          "link": "//game.gtimg.cn/images/yxzj/zlkdatasys/audios/audio/20220412/16497710486249.wav"
        },
        {
          "text": "不，回不去了。",
          "link": "//game.gtimg.cn/images/yxzj/zlkdatasys/audios/audio/20220415/16499940901744.mp3"
        },
        {
          "text": "好像……邂逅了重要的人",
          "link": "//game.gtimg.cn/images/yxzj/zlkdatasys/audios/audio/20220412/16497711163698.wav"
        },
        {
          "text": "你的美丽更胜利刃的锋芒",
          "link": "//game.gtimg.cn/images/yxzj/zlkdatasys/audios/audio/20220412/16497712997158.wav"
        },
        {
          "text": "冷漠深入骨髓",
          "link": "//game.gtimg.cn/images/yxzj/zlkdatasys/audios/audio/20220412/16497713125525.wav"
        },
        {
          "text": "没有生命为了最终的堕落和沉沦而降临世间",
          "link": "//game.gtimg.cn/images/yxzj/zlkdatasys/audios/audio/20220412/16497713212716.wav"
        },
        {
          "text": "求索的不止于剑道，更深达灵魂！",
          "link": "//game.gtimg.cn/images/yxzj/zlkdatasys/audios/audio/20220412/16497713629511.wav"
        },
        {
          "text": "剑刃灼烧魂灵，让我们变成如今的模样",
          "link": "//game.gtimg.cn/images/yxzj/zlkdatasys/audios/audio/20220413/16498347929347.wav"
        },
        {
          "text": "无法击破的……宿命",
          "link": "//game.gtimg.cn/images/yxzj/zlkdatasys/audios/audio/20220412/16497713892512.wav"
        },
        {
          "text": "剑道无法弥补的空虚……",
          "link": "//game.gtimg.cn/images/yxzj/zlkdatasys/audios/audio/20220412/16497714127867.wav"
        },
        {
          "text": "无敌也不能填补的空虚",
          "link": "//game.gtimg.cn/images/yxzj/zlkdatasys/audios/audio/20220412/16497714627995.wav"
        },
        {
          "text": "梦寐以求的救赎吗……",
          "link": "//game.gtimg.cn/images/yxzj/zlkdatasys/audios/audio/20220412/16497714724135.wav"
        },
        {
          "text": "想起来了，被诅咒的名字……凯因",
          "link": "//game.gtimg.cn/images/yxzj/zlkdatasys/audios/audio/20220412/16497714808360.wav"
        }
      ],
      "name": "原皮"
    },
    {
      "voice": [
        {
          "text": "这里有我，并且不止有我。",
          "link": "//game.gtimg.cn/images/yxzj/zlkdatasys/audios/audio/20220412/16497720188844.wav"
        },
        {
          "text": "未来蕴含于历史。",
          "link": "//game.gtimg.cn/images/yxzj/zlkdatasys/audios/audio/20220412/16497720272008.wav"
        },
        {
          "text": "被埋没的，不意味着已毁灭。",
          "link": "//game.gtimg.cn/images/yxzj/zlkdatasys/audios/audio/20220412/16497720426845.wav"
        },
        {
          "text": "永远不要嘲弄一个城市的过往",
          "link": "//game.gtimg.cn/images/yxzj/zlkdatasys/audios/audio/20220412/16497720619743.wav"
        },
        {
          "text": "恶作剧可以修正，恶却需要抵制。",
          "link": "//game.gtimg.cn/images/yxzj/zlkdatasys/audios/audio/20220412/16497720915926.wav"
        },
        {
          "text": "请不必把我视作天使，因为更多的天使没有翅膀。",
          "link": "//game.gtimg.cn/images/yxzj/zlkdatasys/audios/audio/20220412/16497720988475.wav"
        },
        {
          "text": "隔壁老奶奶，能教你什么是正确的人生观。",
          "link": "//game.gtimg.cn/images/yxzj/zlkdatasys/audios/audio/20220412/16497721148228.wav"
        },
        {
          "text": "总有一刻，你比自己想象得要善良。",
          "link": "//game.gtimg.cn/images/yxzj/zlkdatasys/audios/audio/20220412/16497721271170.wav"
        },
        {
          "text": "记住传说，就能重建信仰。",
          "link": "//game.gtimg.cn/images/yxzj/zlkdatasys/audios/audio/20220412/16497721353609.wav"
        },
        {
          "text": "你想知道恶的存在是多么短暂么？",
          "link": "//game.gtimg.cn/images/yxzj/zlkdatasys/audios/audio/20220412/16497721691501.wav"
        },
        {
          "text": "回到地底下去吧！",
          "link": "//game.gtimg.cn/images/yxzj/zlkdatasys/audios/audio/20220412/16497721921613.wav"
        },
        {
          "text": "光刃啊，请再次庇护这座城！",
          "link": "//game.gtimg.cn/images/yxzj/zlkdatasys/audios/audio/20220412/16497722012644.wav"
        },
        {
          "text": "守护者长眠的地方，就是纪念碑！",
          "link": "//game.gtimg.cn/images/yxzj/zlkdatasys/audios/audio/20220412/16497722124640.wav"
        }
      ],
      "name": "曙光守护者"
    },
    {
      "voice": [
        {
          "text": "辟邪恶，调阴阳！",
          "link": "//game.gtimg.cn/images/yxzj/zlkdatasys/audios/audio/20220412/16497722534815.wav"
        },
        {
          "text": "列阵在东！",
          "link": "//game.gtimg.cn/images/yxzj/zlkdatasys/audios/audio/20220412/16497722622345.wav"
        },
        {
          "text": "青龙听命！",
          "link": "//game.gtimg.cn/images/yxzj/zlkdatasys/audios/audio/20220412/16497722701143.wav"
        },
        {
          "text": "长得帅有什么用，还不得听女孩子的话。",
          "link": "//game.gtimg.cn/images/yxzj/zlkdatasys/audios/audio/20220412/16497723243748.wav"
        },
        {
          "text": "这颗心，像青天一样恢弘。",
          "link": "//game.gtimg.cn/images/yxzj/zlkdatasys/audios/audio/20220412/16497723409841.wav"
        },
        {
          "text": "威泽四方~~",
          "link": "//game.gtimg.cn/images/yxzj/zlkdatasys/audios/audio/20220412/16497723507048.wav"
        },
        {
          "text": "有些事……就不告诉你。",
          "link": "//game.gtimg.cn/images/yxzj/zlkdatasys/audios/audio/20220412/16497723586002.wav"
        },
        {
          "text": "听，我的回音！",
          "link": "//game.gtimg.cn/images/yxzj/zlkdatasys/audios/audio/20220412/16497723712712.wav"
        },
        {
          "text": "到深渊里找我……",
          "link": "//game.gtimg.cn/images/yxzj/zlkdatasys/audios/audio/20220412/16497724122109.wav"
        },
        {
          "text": "腾空出海！",
          "link": "//game.gtimg.cn/images/yxzj/zlkdatasys/audios/audio/20220412/16497724224341.wav"
        },
        {
          "text": "雷电风云！",
          "link": "//game.gtimg.cn/images/yxzj/zlkdatasys/audios/audio/20220412/16497724395092.wav"
        },
        {
          "text": "飞龙在天！",
          "link": "//game.gtimg.cn/images/yxzj/zlkdatasys/audios/audio/20220412/16497724545338.wav"
        },
        {
          "text": "来，看谁变幻莫测。",
          "link": "//game.gtimg.cn/images/yxzj/zlkdatasys/audios/audio/20220412/16497724764052.wav"
        },
        {
          "text": "无人可见，无人能敌！",
          "link": "//game.gtimg.cn/images/yxzj/zlkdatasys/audios/audio/20220412/16497725061326.wav"
        }
      ],
      "name": "青龙志"
    },
    {
      "voice": [
        {
          "text": "催生智能的，是我们的孤独。",
          "link": "//game.gtimg.cn/images/yxzj/zlkdatasys/audios/audio/20220412/16497727641504.wav"
        },
        {
          "text": "文明，并不因某一人的强大而构成。",
          "link": "//game.gtimg.cn/images/yxzj/zlkdatasys/audios/audio/20220412/16497727728977.wav"
        },
        {
          "text": "你的源代码里，也有“仁慈”吗？",
          "link": "//game.gtimg.cn/images/yxzj/zlkdatasys/audios/audio/20220412/16497727956711.wav"
        },
        {
          "text": "灼热的心，为此刻而跳动！",
          "link": "//game.gtimg.cn/images/yxzj/zlkdatasys/audios/audio/20220412/16497728019324.wav"
        },
        {
          "text": "永远向更强者挥剑！",
          "link": "//game.gtimg.cn/images/yxzj/zlkdatasys/audios/audio/20220412/16497728127488.wav"
        },
        {
          "text": "你可曾算到，人类勇气！",
          "link": "//game.gtimg.cn/images/yxzj/zlkdatasys/audios/audio/20220415/16499940052903.mp3"
        },
        {
          "text": "我们为共同的明天而战！",
          "link": "//game.gtimg.cn/images/yxzj/zlkdatasys/audios/audio/20220415/16499940315182.mp3"
        },
        {
          "text": "但，绝不是现在！",
          "link": "//game.gtimg.cn/images/yxzj/zlkdatasys/audios/audio/20220415/16499940537097.mp3"
        },
        {
          "text": "意志……永存……",
          "link": "//game.gtimg.cn/images/yxzj/zlkdatasys/audios/audio/20220412/16497729124695.wav"
        },
        {
          "text": "我——最后的防线！",
          "link": "//game.gtimg.cn/images/yxzj/zlkdatasys/audios/audio/20220412/16497729336389.wav"
        },
        {
          "text": "与我——合一！",
          "link": "//game.gtimg.cn/images/yxzj/zlkdatasys/audios/audio/20220412/16497729518103.wav"
        },
        {
          "text": "“斩”——破一切！",
          "link": "//game.gtimg.cn/images/yxzj/zlkdatasys/audios/audio/20220412/16497729696456.wav"
        },
        {
          "text": "无法回头？——那又如何？！",
          "link": "//game.gtimg.cn/images/yxzj/zlkdatasys/audios/audio/20220412/16497729887308.wav"
        },
        {
          "text": "给予你最后的怜悯。",
          "link": "//game.gtimg.cn/images/yxzj/zlkdatasys/audios/audio/20220412/16497730353372.wav"
        },
        {
          "text": "傲慢，将是你的墓志铭~",
          "link": "//game.gtimg.cn/images/yxzj/zlkdatasys/audios/audio/20220412/16497730768699.wav"
        },
        {
          "text": "下一个，轮到谁？",
          "link": "//game.gtimg.cn/images/yxzj/zlkdatasys/audios/audio/20220412/16497731336942.wav"
        },
        {
          "text": "这一击，在概率之外！",
          "link": "//game.gtimg.cn/images/yxzj/zlkdatasys/audios/audio/20220412/16497731439132.wav"
        }
      ],
      "name": "绛天战甲"
    },
    {
      "voice": [
        {
          "text": "（旁白:至高无上的王冠，曾见证了王国千年的繁荣。）铠:后路已断，唯有向前。",
          "link": "//game.gtimg.cn/images/yxzj/zlkdatasys/audios/audio/20230111/16734089835160.wav"
        },
        {
          "text": "（旁白:懦弱的国王，臣服于魔神的低语，将他释放。）铠:贪婪招致毁灭，坚定存于一心。",
          "link": "//game.gtimg.cn/images/yxzj/zlkdatasys/audios/audio/20230111/16734090061193.wav"
        },
        {
          "text": "（旁白:银白的王子，将魔神封印于铠甲中，再无踪迹。）铠:若光明以牺牲铸就，我将背负永夜前行。",
          "link": "//game.gtimg.cn/images/yxzj/zlkdatasys/audios/audio/20230111/16734090323793.wav"
        },
        {
          "text": "魔神:你终将臣服于宿命！",
          "link": "//game.gtimg.cn/images/yxzj/zlkdatasys/audios/audio/20230110/16733416524108.wav"
        },
        {
          "text": "意志的支配者，何惧宿命的低语。",
          "link": "//game.gtimg.cn/images/yxzj/zlkdatasys/audios/audio/20230110/16733416772122.wav"
        },
        {
          "text": "以凡人之躯封印魔神，才是传说背后的真相。",
          "link": "//game.gtimg.cn/images/yxzj/zlkdatasys/audios/audio/20230110/16733417019501.wav"
        },
        {
          "text": "残存的意志尚未凋零，逝去的荣光，却栩栩如生。",
          "link": "//game.gtimg.cn/images/yxzj/zlkdatasys/audios/audio/20230110/16733417365783.wav"
        },
        {
          "text": "释放无限光明的是人心，制造无边黑暗的也是人心。",
          "link": "//game.gtimg.cn/images/yxzj/zlkdatasys/audios/audio/20230110/16733417577641.wav"
        },
        {
          "text": "本该逝去的仍苟活于世，早被封印的必坠入深渊。",
          "link": "//game.gtimg.cn/images/yxzj/zlkdatasys/audios/audio/20230110/16733417791324.wav"
        },
        {
          "text": "银白之国的王子吗……很久没有听过这个称呼了。",
          "link": "//game.gtimg.cn/images/yxzj/zlkdatasys/audios/audio/20230110/16733429924855.wav"
        },
        {
          "text": "所有力量，皆有代价。",
          "link": "//game.gtimg.cn/images/yxzj/zlkdatasys/audios/audio/20230110/16733430762795.wav"
        },
        {
          "text": "我不曾有勇者的过去，也不会有英雄的未来。",
          "link": "//game.gtimg.cn/images/yxzj/zlkdatasys/audios/audio/20230110/16733431097150.wav"
        },
        {
          "text": "魔神:我最喜欢将美好的东西，撕毁给世人看。",
          "link": "//game.gtimg.cn/images/yxzj/zlkdatasys/audios/audio/20230110/16733431431933.wav"
        },
        {
          "text": "那就由我来重铸美好，以彰显于世人！",
          "link": "//game.gtimg.cn/images/yxzj/zlkdatasys/audios/audio/20230110/16733431899551.wav"
        },
        {
          "text": "我还不能埋骨于此……",
          "link": "//game.gtimg.cn/images/yxzj/zlkdatasys/audios/audio/20230110/16733432205649.wav"
        },
        {
          "text": "魔神:承认吧，你内心渴望永久的安眠。",
          "link": "//game.gtimg.cn/images/yxzj/zlkdatasys/audios/audio/20230110/16733432405530.wav"
        },
        {
          "text": "你我都无路可退。",
          "link": "//game.gtimg.cn/images/yxzj/zlkdatasys/audios/audio/20230110/16733432901463.wav"
        },
        {
          "text": "我的使命还没有完成。",
          "link": "//game.gtimg.cn/images/yxzj/zlkdatasys/audios/audio/20230110/16733433084381.wav"
        },
        {
          "text": "这是你不配干涉的战争。",
          "link": "//game.gtimg.cn/images/yxzj/zlkdatasys/audios/audio/20230110/16733433441128.wav"
        },
        {
          "text": "（旁白:王子将魔神永久封印，这便是银白咏叹的终章。）",
          "link": "//game.gtimg.cn/images/yxzj/zlkdatasys/audios/audio/20230110/16733433696567.wav"
        },
        {
          "text": "（旁白:王子控制了魔神的力量，灵魂却于孤独中徘徊。）",
          "link": "//game.gtimg.cn/images/yxzj/zlkdatasys/audios/audio/20230110/16733434146278.wav"
        },
        {
          "text": "魔神:孑然一身的王子啊，命汝，低吟吾名。",
          "link": "//game.gtimg.cn/images/yxzj/zlkdatasys/audios/audio/20230110/16733434538810.wav"
        },
        {
          "text": "以王冠与圣剑为誓，银白之子永不屈服。",
          "link": "//game.gtimg.cn/images/yxzj/zlkdatasys/audios/audio/20230110/16733434765311.wav"
        },
        {
          "text": "魔神:哈哈哈哈，又是一次徒劳而返。",
          "link": "//game.gtimg.cn/images/yxzj/zlkdatasys/audios/audio/20230110/16733434995669.wav"
        },
        {
          "text": "无尽黑暗的力量！",
          "link": "//game.gtimg.cn/images/yxzj/zlkdatasys/audios/audio/20230111/16734192248387.wav"
        },
        {
          "text": "以意志征服黑夜！",
          "link": "//game.gtimg.cn/images/yxzj/zlkdatasys/audios/audio/20230111/16734192453187.wav"
        },
        {
          "text": "万劫，不复！",
          "link": "//game.gtimg.cn/images/yxzj/zlkdatasys/audios/audio/20230111/16734192684356.wav"
        },
        {
          "text": "想要我的力量吗？来啊！",
          "link": "//game.gtimg.cn/images/yxzj/zlkdatasys/audios/audio/20230111/16734192905462.wav"
        },
        {
          "text": "至死方休！",
          "link": "//game.gtimg.cn/images/yxzj/zlkdatasys/audios/audio/20230111/16734193416666.wav"
        },
        {
          "text": "深渊将至，何妨独行。",
          "link": "//game.gtimg.cn/images/yxzj/zlkdatasys/audios/audio/20230111/16734193638119.wav"
        },
        {
          "text": "魔神:无人在意你的挣扎与牺牲！",
          "link": "//game.gtimg.cn/images/yxzj/zlkdatasys/audios/audio/20230111/16734193866152.wav"
        },
        {
          "text": "我所珍视的，值得我奋战到底。",
          "link": "//game.gtimg.cn/images/yxzj/zlkdatasys/audios/audio/20230111/16734194184248.wav"
        },
        {
          "text": "铠甲与深渊同色，意志因背负而不朽。",
          "link": "//game.gtimg.cn/images/yxzj/zlkdatasys/audios/audio/20230111/16734194481769.wav"
        },
        {
          "text": "黑暗再临，燃烧我为光明！",
          "link": "//game.gtimg.cn/images/yxzj/zlkdatasys/audios/audio/20230111/16734194751370.wav"
        },
        {
          "text": "魔神:不可言喻的力量！",
          "link": "//game.gtimg.cn/images/yxzj/zlkdatasys/audios/audio/20230111/16734194999265.wav"
        },
        {
          "text": "无法宽恕的罪孽！",
          "link": "//game.gtimg.cn/images/yxzj/zlkdatasys/audios/audio/20230111/16734195237020.wav"
        },
        {
          "text": "即使必须毁灭，也要抗争不息。",
          "link": "//game.gtimg.cn/images/yxzj/zlkdatasys/audios/audio/20230111/16734195548241.wav"
        }
      ],
      "name": "银白咏叹调"
    },
    {
      "voice": [
        {
          "text": "以截星者为名，誓为守护文明而战",
          "link": "//game.gtimg.cn/images/yxzj/zlkdatasys/audios/audio/20240202/17068677537119.mp3"
        },
        {
          "text": "白昼将尽，但人类的勇气会在宇宙的黑夜中燃起",
          "link": "//game.gtimg.cn/images/yxzj/zlkdatasys/audios/audio/20240202/17068677689744.mp3"
        },
        {
          "text": "重复，这里是截星空间站，向地球发出警告",
          "link": "//game.gtimg.cn/images/yxzj/zlkdatasys/audios/audio/20240202/17068677869708.mp3"
        },
        {
          "text": "或许从登陆异星的那一刻起，人，便不再是人了",
          "link": "//game.gtimg.cn/images/yxzj/zlkdatasys/audios/audio/20240202/17068678004132.mp3"
        },
        {
          "text": "只为守护人类而挥刃……无论是否以“人类”的形态",
          "link": "//game.gtimg.cn/images/yxzj/zlkdatasys/audios/audio/20240202/17068678155977.mp3"
        },
        {
          "text": "螳臂当车、蚍蜉撼树……我们正是在无数的不可能中，寻求人类文明的一点可能",
          "link": "//game.gtimg.cn/images/yxzj/zlkdatasys/audios/audio/20240202/17068550292340.mp3"
        },
        {
          "text": "那些名字，有的镌刻在风伯的废墟上，有的掩埋在木星的尘埃中",
          "link": "//game.gtimg.cn/images/yxzj/zlkdatasys/audios/audio/20240202/17068550473572.mp3"
        },
        {
          "text": "没有归路，方为征途！",
          "link": "//game.gtimg.cn/images/yxzj/zlkdatasys/audios/audio/20240202/17068550612430.mp3"
        },
        {
          "text": "被封印在琥珀里的虫子，该如何定义自我的存在？",
          "link": "//game.gtimg.cn/images/yxzj/zlkdatasys/audios/audio/20240202/17068550822823.mp3"
        },
        {
          "text": "无论对于风伯还是地球，我都是一个异乡者",
          "link": "//game.gtimg.cn/images/yxzj/zlkdatasys/audios/audio/20240202/17068550987945.mp3"
        },
        {
          "text": "抬头看——那颗蔚蓝色行星，我们脆弱但唯一的故乡",
          "link": "//game.gtimg.cn/images/yxzj/zlkdatasys/audios/audio/20240202/17068551149106.mp3"
        },
        {
          "text": "重复，这里是截星空间站，向地球发出警报——不要过来",
          "link": "//game.gtimg.cn/images/yxzj/zlkdatasys/audios/audio/20240202/17068551301909.mp3"
        },
        {
          "text": "意志动摇的前一刻，剑锋必将转向自己。",
          "link": "//game.gtimg.cn/images/yxzj/zlkdatasys/audios/audio/20240202/17068551976099.mp3"
        },
        {
          "text": "人类，存在于人性之中！",
          "link": "//game.gtimg.cn/images/yxzj/zlkdatasys/audios/audio/20240202/17068552169420.mp3"
        },
        {
          "text": "（系统警告：琥珀具有生命，正在侵蚀你的身体）",
          "link": "//game.gtimg.cn/images/yxzj/zlkdatasys/audios/audio/20240202/17068552524678.mp3"
        },
        {
          "text": "即使变异成为生存的最终解，也总有些“永恒”值得我们守护",
          "link": "//game.gtimg.cn/images/yxzj/zlkdatasys/audios/audio/20240202/17068552779186.mp3"
        },
        {
          "text": "（系统警告：琥珀神经元正在入侵你的意志……）",
          "link": "//game.gtimg.cn/images/yxzj/zlkdatasys/audios/audio/20240202/17068552954941.mp3"
        },
        {
          "text": "守护的意志，绝不屈从于任何自诩高等的文明。",
          "link": "//game.gtimg.cn/images/yxzj/zlkdatasys/audios/audio/20240202/17068553166796.mp3"
        },
        {
          "text": "（系统警告：琥珀完全入侵，系统失效…… （你已进化……高等生命））",
          "link": "//game.gtimg.cn/images/yxzj/zlkdatasys/audios/audio/20240202/17068553736672.mp3"
        },
        {
          "text": "决定你是谁的，并非生命的形态，而是内心的选择",
          "link": "//game.gtimg.cn/images/yxzj/zlkdatasys/audios/audio/20240202/17068553939509.mp3"
        },
        {
          "text": "不能返航，因为那是我们的家……",
          "link": "//game.gtimg.cn/images/yxzj/zlkdatasys/audios/audio/20240202/17068554162686.mp3"
        },
        {
          "text": "非人的外表亦有守护的内心，而你却正好相反。",
          "link": "//game.gtimg.cn/images/yxzj/zlkdatasys/audios/audio/20240202/17068554374255.mp3"
        },
        {
          "text": "你站在了人类的对立面！",
          "link": "//game.gtimg.cn/images/yxzj/zlkdatasys/audios/audio/20240202/17068554588812.mp3"
        },
        {
          "text": "对抗异化！",
          "link": "//game.gtimg.cn/images/yxzj/zlkdatasys/audios/audio/20240202/17068554813421.mp3"
        },
        {
          "text": "信念永恒！",
          "link": "//game.gtimg.cn/images/yxzj/zlkdatasys/audios/audio/20240202/17068555013202.mp3"
        },
        {
          "text": "没有后退的理由！",
          "link": "//game.gtimg.cn/images/yxzj/zlkdatasys/audios/audio/20240202/17068555242697.mp3"
        },
        {
          "text": "战至清醒的终局！",
          "link": "//game.gtimg.cn/images/yxzj/zlkdatasys/audios/audio/20240202/17068555488515.mp3"
        },
        {
          "text": "人类……屈服于吾",
          "link": "//game.gtimg.cn/images/yxzj/zlkdatasys/audios/audio/20240202/17068556326959.mp3"
        },
        {
          "text": "你唯一无法战胜的，是生而为人的意志！",
          "link": "//game.gtimg.cn/images/yxzj/zlkdatasys/audios/audio/20240202/17068556583959.mp3"
        },
        {
          "text": "吞噬……一切文明！",
          "link": "//game.gtimg.cn/images/yxzj/zlkdatasys/audios/audio/20240202/17068556789215.mp3"
        },
        {
          "text": "永不背弃誓言，为守护文明而战！",
          "link": "//game.gtimg.cn/images/yxzj/zlkdatasys/audios/audio/20240202/17068556942774.mp3"
        },
        {
          "text": "你已进化为……高等生命！",
          "link": "//game.gtimg.cn/images/yxzj/zlkdatasys/audios/audio/20240202/17068557155063.mp3"
        },
        {
          "text": "不，我还记得自己的名字——截星者！",
          "link": "//game.gtimg.cn/images/yxzj/zlkdatasys/audios/audio/20240202/17068557325398.mp3"
        },
        {
          "text": "所有琥珀共享同一个意识——它说，前往地球文明",
          "link": "//game.gtimg.cn/images/yxzj/zlkdatasys/audios/audio/20240202/17068557533544.mp3"
        },
        {
          "text": "肩负每个队友的希望！",
          "link": "//game.gtimg.cn/images/yxzj/zlkdatasys/audios/audio/20240202/17068557843348.mp3"
        },
        {
          "text": "流淌着星辉的琥珀，正在吞噬一切它所触及的生命。",
          "link": "//game.gtimg.cn/images/yxzj/zlkdatasys/audios/audio/20240202/17068558054225.mp3"
        },
        {
          "text": "但同样的是，没有人选择后退",
          "link": "//game.gtimg.cn/images/yxzj/zlkdatasys/audios/audio/20240202/17068558396073.mp3"
        },
        {
          "text": "伽罗前辈，截星空间站最后一位队员铠，向您汇报。",
          "link": "//game.gtimg.cn/images/yxzj/zlkdatasys/audios/audio/20240202/17068558632206.mp3"
        },
        {
          "text": "怕过。怕回不来，更怕回来了却已经没有‘地球’存在。",
          "link": "//game.gtimg.cn/images/yxzj/zlkdatasys/audios/audio/20240202/17068558825923.mp3"
        }
      ],
      "name": "琥珀纪元"
    },
    {
      "voice": [
        {
          "text": "吾为生命之始，也是生命之终。",
          "link": "//game.gtimg.cn/images/yxzj/zlkdatasys/audios/audio/20240805/17228455057086.mp3"
        },
        {
          "text": "排列成线的九颗星球不再移动，这片大地已是永恒的黑暗！",
          "link": "//game.gtimg.cn/images/yxzj/zlkdatasys/audios/audio/20240805/17228455356497.mp3"
        },
        {
          "text": "抬起头来，迎接这伟大的日蚀！",
          "link": "//game.gtimg.cn/images/yxzj/zlkdatasys/audios/audio/20240719/17213562182841.mp3"
        },
        {
          "text": "圣斗士啊，无论你们怎么挣扎，最终都是徒劳。",
          "link": "//game.gtimg.cn/images/yxzj/zlkdatasys/audios/audio/20240719/17213562468603.mp3"
        },
        {
          "text": "自神话时代起轮回至今的战争，必以吾之胜利告终。",
          "link": "//game.gtimg.cn/images/yxzj/zlkdatasys/audios/audio/20240719/17213562897730.mp3"
        },
        {
          "text": "在冥斗士面前，圣斗士不过是群可怜的渣滓。",
          "link": "//game.gtimg.cn/images/yxzj/zlkdatasys/audios/audio/20240719/17213563214652.mp3"
        },
        {
          "text": "失去虔诚之心的人类，与其说是愚蠢，不如说是可悲。",
          "link": "//game.gtimg.cn/images/yxzj/zlkdatasys/audios/audio/20240719/17213563459039.mp3"
        },
        {
          "text": "不敬神明，其罪当诛。",
          "link": "//game.gtimg.cn/images/yxzj/zlkdatasys/audios/audio/20240719/17213563787402.mp3"
        },
        {
          "text": "爱？那是人类缔造的虚无缥缈之物，只是一种妄想罢了。",
          "link": "//game.gtimg.cn/images/yxzj/zlkdatasys/audios/audio/20240719/17213564024587.mp3"
        },
        {
          "text": "来到冥界，你该舍弃一切希望。",
          "link": "//game.gtimg.cn/images/yxzj/zlkdatasys/audios/audio/20240719/17213564251735.mp3"
        },
        {
          "text": "极乐净土在悲怆河的上游，遗忘河的彼岸，唯吾选中之人可来此乐园。",
          "link": "//game.gtimg.cn/images/yxzj/zlkdatasys/audios/audio/20240719/17213564658154.mp3"
        },
        {
          "text": "积累恶业者死后将坠入地狱，遭受永世不能超生的无尽折磨！",
          "link": "//game.gtimg.cn/images/yxzj/zlkdatasys/audios/audio/20240719/17213564918795.mp3"
        },
        {
          "text": "可笑，吾可是掌管死亡的神！",
          "link": "//game.gtimg.cn/images/yxzj/zlkdatasys/audios/audio/20240719/17213565439667.mp3"
        },
        {
          "text": "不可饶恕！",
          "link": "//game.gtimg.cn/images/yxzj/zlkdatasys/audios/audio/20240719/17213565752137.mp3"
        },
        {
          "text": "冥府审判！",
          "link": "//game.gtimg.cn/images/yxzj/zlkdatasys/audios/audio/20240719/17213566053489.mp3"
        },
        {
          "text": "偿恶业！",
          "link": "//game.gtimg.cn/images/yxzj/zlkdatasys/audios/audio/20240719/17213566325740.mp3"
        },
        {
          "text": "赐予你解脱！",
          "link": "//game.gtimg.cn/images/yxzj/zlkdatasys/audios/audio/20240719/17213566557262.mp3"
        },
        {
          "text": "众星断绝！",
          "link": "//game.gtimg.cn/images/yxzj/zlkdatasys/audios/audio/20240719/17213566845993.mp3"
        },
        {
          "text": "灰飞烟灭吧！",
          "link": "//game.gtimg.cn/images/yxzj/zlkdatasys/audios/audio/20240719/17213567051030.mp3"
        },
        {
          "text": "肃清一切！",
          "link": "//game.gtimg.cn/images/yxzj/zlkdatasys/audios/audio/20240719/17213567336154.mp3"
        },
        {
          "text": "终于吾手，尔等应感到光荣。",
          "link": "//game.gtimg.cn/images/yxzj/zlkdatasys/audios/audio/20240719/17213568704016.mp3"
        },
        {
          "text": "可悲。",
          "link": "//game.gtimg.cn/images/yxzj/zlkdatasys/audios/audio/20240719/17213568978290.mp3"
        },
        {
          "text": "吾允许你跪下。",
          "link": "//game.gtimg.cn/images/yxzj/zlkdatasys/audios/audio/20240719/17213569221457.mp3"
        },
        {
          "text": "愚蠢的凡人。",
          "link": "//game.gtimg.cn/images/yxzj/zlkdatasys/audios/audio/20240719/17213569429113.mp3"
        },
        {
          "text": "新的战争已经开启。",
          "link": "//game.gtimg.cn/images/yxzj/zlkdatasys/audios/audio/20240719/17213570478222.mp3"
        },
        {
          "text": "在叹息之墙面前，你们唯一能做的只有绝望。",
          "link": "//game.gtimg.cn/images/yxzj/zlkdatasys/audios/audio/20240719/17213570662920.mp3"
        },
        {
          "text": "上一只狮子已经失去了利爪和獠牙。",
          "link": "//game.gtimg.cn/images/yxzj/zlkdatasys/audios/audio/20240719/17213570986990.mp3"
        },
        {
          "text": "见到你的师父了吗？能成为冥斗士，是他至高无上的荣耀！",
          "link": "//game.gtimg.cn/images/yxzj/zlkdatasys/audios/audio/20240719/17213571446737.mp3"
        },
        {
          "text": "冥王真身！",
          "link": "//game.gtimg.cn/images/yxzj/zlkdatasys/audios/audio/20240719/17213603815945.mp3"
        },
        {
          "text": "永恒的日蚀！",
          "link": "//game.gtimg.cn/images/yxzj/zlkdatasys/audios/audio/20240719/17213604169671.mp3"
        },
        {
          "text": "黑暗降临！",
          "link": "//game.gtimg.cn/images/yxzj/zlkdatasys/audios/audio/20240719/17213604373804.mp3"
        },
        {
          "text": "哼，一群蝼蚁。",
          "link": "//game.gtimg.cn/images/yxzj/zlkdatasys/audios/audio/20240719/17213604849998.mp3"
        },
        {
          "text": "世界终焉。",
          "link": "//game.gtimg.cn/images/yxzj/zlkdatasys/audios/audio/20240719/17213605065998.mp3"
        },
        {
          "text": "万物皆尽。",
          "link": "//game.gtimg.cn/images/yxzj/zlkdatasys/audios/audio/20240719/17213605339145.mp3"
        },
        {
          "text": "落入寒冰地狱是所有圣斗士的宿命。",
          "link": "//game.gtimg.cn/images/yxzj/zlkdatasys/audios/audio/20240719/17213711428380.mp3"
        }
      ],
      "name": "冥王哈迪斯"
    }
  ]
}
