{
  "data": [
    {
      "voice": [
        {
          "text": "越是恐惧，越要战胜它",
          "link": "//game.gtimg.cn/images/yxzj/zlkdatasys/audios/audio/20220409/16494882628529.wav"
        },
        {
          "text": "勇气是唯一的信仰",
          "link": "//game.gtimg.cn/images/yxzj/zlkdatasys/audios/audio/20220409/16494882805752.wav"
        },
        {
          "text": "为何而战的意志，胜于钢铁之躯",
          "link": "//game.gtimg.cn/images/yxzj/zlkdatasys/audios/audio/20220409/16494883778608.wav"
        },
        {
          "text": "做那个挑战风车的傻子，鲁莽也比怯懦更接近勇敢",
          "link": "//game.gtimg.cn/images/yxzj/zlkdatasys/audios/audio/20220409/16494884339135.wav"
        },
        {
          "text": "放弃，就等同失败",
          "link": "//game.gtimg.cn/images/yxzj/zlkdatasys/audios/audio/20220409/16494884577813.wav"
        },
        {
          "text": "迄今所有人生都大写着失败，但不妨碍我继续向前",
          "link": "//game.gtimg.cn/images/yxzj/zlkdatasys/audios/audio/20220409/16494884807533.wav"
        },
        {
          "text": "寄望审判干嘛，雷电会劈倒高塔",
          "link": "//game.gtimg.cn/images/yxzj/zlkdatasys/audios/audio/20220409/16494885033660.wav"
        },
        {
          "text": "真理，并不掌握在多数人手中",
          "link": "//game.gtimg.cn/images/yxzj/zlkdatasys/audios/audio/20220409/16494885279522.wav"
        },
        {
          "text": "璀璨的破灭",
          "link": "//game.gtimg.cn/images/yxzj/zlkdatasys/audios/audio/20220409/16494885594053.wav"
        },
        {
          "text": "十万伏特！",
          "link": "//game.gtimg.cn/images/yxzj/zlkdatasys/audios/audio/20220409/16494885981564.wav"
        },
        {
          "text": "全力以赴做正确的事！",
          "link": "//game.gtimg.cn/images/yxzj/zlkdatasys/audios/audio/20220409/16494886179378.wav"
        },
        {
          "text": "撕裂空间，去看清本源！",
          "link": "//game.gtimg.cn/images/yxzj/zlkdatasys/audios/audio/20220409/16494886528280.wav"
        },
        {
          "text": "钢铁怪兽的咆哮，让你深刻体会脆弱和渺小",
          "link": "//game.gtimg.cn/images/yxzj/zlkdatasys/audios/audio/20220409/16494886814573.wav"
        },
        {
          "text": "是你吗？幽灵。",
          "link": "//game.gtimg.cn/images/yxzj/zlkdatasys/audios/audio/20220409/16494887306282.wav"
        },
        {
          "text": "找到解除诅咒的方法没？",
          "link": "//game.gtimg.cn/images/yxzj/zlkdatasys/audios/audio/20220409/16494887568443.wav"
        },
        {
          "text": "机关与定律之上，还有着对亲人和大地的爱",
          "link": "//game.gtimg.cn/images/yxzj/zlkdatasys/audios/audio/20220409/16494887928193.wav"
        },
        {
          "text": "感受到一股来自东方的神秘力量",
          "link": "//game.gtimg.cn/images/yxzj/zlkdatasys/audios/audio/20220409/16494888273435.wav"
        },
        {
          "text": "对错误的事习以为常，才是真正的卑鄙",
          "link": "//game.gtimg.cn/images/yxzj/zlkdatasys/audios/audio/20220409/16494888653111.wav"
        },
        {
          "text": "以神的代理人自居，却不过是群仿冒品",
          "link": "//game.gtimg.cn/images/yxzj/zlkdatasys/audios/audio/20220409/16494888993884.wav"
        },
        {
          "text": "凯因，被遗忘的名字，我永远记住的友人",
          "link": "//game.gtimg.cn/images/yxzj/zlkdatasys/audios/audio/20220409/16494889344939.wav"
        }
      ],
      "name": "原皮"
    },
    {
      "voice": [
        {
          "text": "攻略组上线，噩梦难度开启。",
          "link": "//game.gtimg.cn/images/yxzj/zlkdatasys/audios/audio/20220627/16563269922721.wav"
        },
        {
          "text": "来自骨灰级玩家的忠告——宝箱可不会主动跳到你的脸上……也许吧。",
          "link": "//game.gtimg.cn/images/yxzj/zlkdatasys/audios/audio/20220628/16563848302443.wav"
        },
        {
          "text": "危险和成就同在，难度与奖励并存！",
          "link": "//game.gtimg.cn/images/yxzj/zlkdatasys/audios/audio/20220627/16563270635110.wav"
        },
        {
          "text": "游戏太过惜命，胜利亦将无缘。",
          "link": "//game.gtimg.cn/images/yxzj/zlkdatasys/audios/audio/20220627/16563270823160.wav"
        },
        {
          "text": "我有个计划！直接冲过去把怪物通通击飞。怎么样？",
          "link": "//game.gtimg.cn/images/yxzj/zlkdatasys/audios/audio/20220627/16563270975151.wav"
        },
        {
          "text": "做失败一次就放弃的智者，还是第一百零一次通关的傻瓜？",
          "link": "//game.gtimg.cn/images/yxzj/zlkdatasys/audios/audio/20220627/16563271147185.wav"
        },
        {
          "text": "救公主？有奖励吗？",
          "link": "//game.gtimg.cn/images/yxzj/zlkdatasys/audios/audio/20220627/16563271283620.wav"
        },
        {
          "text": "我来虚拟世界，可不是为了向现实妥协！",
          "link": "//game.gtimg.cn/images/yxzj/zlkdatasys/audios/audio/20220627/16563271979157.wav"
        },
        {
          "text": "挑战的初心很简单，想去“世界”的巅峰看看。",
          "link": "//game.gtimg.cn/images/yxzj/zlkdatasys/audios/audio/20220627/16563272129937.wav"
        },
        {
          "text": "可恶，再来一局。",
          "link": "//game.gtimg.cn/images/yxzj/zlkdatasys/audios/audio/20220627/16563272434370.wav"
        },
        {
          "text": "膝盖中了一箭……",
          "link": "//game.gtimg.cn/images/yxzj/zlkdatasys/audios/audio/20220628/16563848581291.wav"
        },
        {
          "text": "game over",
          "link": "//game.gtimg.cn/images/yxzj/zlkdatasys/audios/audio/20220627/16563272893754.wav"
        },
        {
          "text": "ready go！",
          "link": "//game.gtimg.cn/images/yxzj/zlkdatasys/audios/audio/20220627/16563273958879.wav"
        },
        {
          "text": "原地起飞！",
          "link": "//game.gtimg.cn/images/yxzj/zlkdatasys/audios/audio/20220627/16563274322984.wav"
        },
        {
          "text": "一锤一个宝箱怪！",
          "link": "//game.gtimg.cn/images/yxzj/zlkdatasys/audios/audio/20220627/16563274527313.wav"
        },
        {
          "text": "胜利从无坦途！",
          "link": "//game.gtimg.cn/images/yxzj/zlkdatasys/audios/audio/20220627/16563274713238.wav"
        },
        {
          "text": "一击入魂！",
          "link": "//game.gtimg.cn/images/yxzj/zlkdatasys/audios/audio/20220627/16563274875045.wav"
        },
        {
          "text": "一命通关！",
          "link": "//game.gtimg.cn/images/yxzj/zlkdatasys/audios/audio/20220627/16563275028619.wav"
        },
        {
          "text": "一步通天！",
          "link": "//game.gtimg.cn/images/yxzj/zlkdatasys/audios/audio/20220627/16563275198082.wav"
        },
        {
          "text": "你管这叫大神？",
          "link": "//game.gtimg.cn/images/yxzj/zlkdatasys/audios/audio/20220628/16563848962185.wav"
        },
        {
          "text": "KO！",
          "link": "//game.gtimg.cn/images/yxzj/zlkdatasys/audios/audio/20220627/16563275688406.wav"
        },
        {
          "text": "新的游戏成就到手！",
          "link": "//game.gtimg.cn/images/yxzj/zlkdatasys/audios/audio/20220628/16563848805868.wav"
        },
        {
          "text": "挑战我的排名，你还太年轻。",
          "link": "//game.gtimg.cn/images/yxzj/zlkdatasys/audios/audio/20220627/16563276155082.wav"
        },
        {
          "text": "测试一下游戏手臂的灵敏度。",
          "link": "//game.gtimg.cn/images/yxzj/zlkdatasys/audios/audio/20220627/16563276348564.wav"
        },
        {
          "text": "等等，你刚刚在我背后喷了什么？这可是新装备！",
          "link": "//game.gtimg.cn/images/yxzj/zlkdatasys/audios/audio/20220627/16563276553990.wav"
        },
        {
          "text": "世上没有什么万能秘籍，只有头号玩家。",
          "link": "//game.gtimg.cn/images/yxzj/zlkdatasys/audios/audio/20220627/16563276706184.wav"
        }
      ],
      "name": "电玩高手"
    }
  ]
}