{
  "data": [
    {
      "voice": [
        {
          "text": "别担心，火鹰来了！",
          "link": "//game.gtimg.cn/images/yxzj/zlkdatasys/audios/audio/20221229/16722987232818.wav"
        },
        {
          "text": "继承传奇之名，续写英雄之事！",
          "link": "//game.gtimg.cn/images/yxzj/zlkdatasys/audios/audio/20221229/16722987398637.wav"
        },
        {
          "text": "我没有在演英雄，我只是在做自己。",
          "link": "//game.gtimg.cn/images/yxzj/zlkdatasys/audios/audio/20221229/16722987562003.wav"
        },
        {
          "text": "我的名字吗？火鹰，莱西奥，喂那个扛炮的，随你怎么叫。",
          "link": "//game.gtimg.cn/images/yxzj/zlkdatasys/audios/audio/20221229/16722864021770.wav"
        },
        {
          "text": "别担心，火鹰来了。在那段扮演的日子里，我经常这样说。",
          "link": "//game.gtimg.cn/images/yxzj/zlkdatasys/audios/audio/20221229/16722864478946.wav"
        },
        {
          "text": "海都有海都的规矩，外城有外城的活法。",
          "link": "//game.gtimg.cn/images/yxzj/zlkdatasys/audios/audio/20221229/16722864765520.wav"
        },
        {
          "text": "我们这里什么都缺，但是勇气，要多少有多少。",
          "link": "//game.gtimg.cn/images/yxzj/zlkdatasys/audios/audio/20221229/16722937189269.wav"
        },
        {
          "text": "凡事少问“能不能”，问问自己，该不该。",
          "link": "//game.gtimg.cn/images/yxzj/zlkdatasys/audios/audio/20221229/16722937508655.wav"
        },
        {
          "text": "在面对自我时找到弱点，在面对敌人时忘掉弱点。",
          "link": "//game.gtimg.cn/images/yxzj/zlkdatasys/audios/audio/20221229/16722937816230.wav"
        },
        {
          "text": "海都有句老话——财产可能被夺走，信念却不能……虽然我也没什么财产。",
          "link": "//game.gtimg.cn/images/yxzj/zlkdatasys/audios/audio/20221229/16722938043367.wav"
        },
        {
          "text": "吹口哨：水手号子",
          "link": "//game.gtimg.cn/images/yxzj/zlkdatasys/audios/audio/20221229/16722938299454.wav"
        },
        {
          "text": "我曾经忘记面具下的人是谁……现在，我想起来了。",
          "link": "//game.gtimg.cn/images/yxzj/zlkdatasys/audios/audio/20221229/16722938593890.wav"
        },
        {
          "text": "有更弱小的人在身后，这就是我站在这里的理由。",
          "link": "//game.gtimg.cn/images/yxzj/zlkdatasys/audios/audio/20221229/16722938855875.wav"
        },
        {
          "text": "英雄从来都不是一个名字，而是他所做的事。",
          "link": "//game.gtimg.cn/images/yxzj/zlkdatasys/audios/audio/20221229/16722939084528.wav"
        },
        {
          "text": "在老船长回来之前，面具，就由我来保管吧。",
          "link": "//game.gtimg.cn/images/yxzj/zlkdatasys/audios/audio/20221229/16722939311249.wav"
        },
        {
          "text": "面朝大海，你会知道要往哪起航。",
          "link": "//game.gtimg.cn/images/yxzj/zlkdatasys/audios/audio/20221229/16722939951773.wav"
        },
        {
          "text": "邀请函中提到的合金弹头，应该能让我的火炮威力大涨吧！",
          "link": "//game.gtimg.cn/images/yxzj/zlkdatasys/audios/audio/20221229/16722940189535.wav"
        },
        {
          "text": "或许有一天，我会应邀去看看合金弹头，以火鹰之名。",
          "link": "//game.gtimg.cn/images/yxzj/zlkdatasys/audios/audio/20221229/16722940411956.wav"
        },
        {
          "text": "我确实没什么大本事，但打败你，足够了。",
          "link": "//game.gtimg.cn/images/yxzj/zlkdatasys/audios/audio/20221229/16722940885284.wav"
        },
        {
          "text": "炮弹经费有限，不值得在你这里浪费太多~",
          "link": "//game.gtimg.cn/images/yxzj/zlkdatasys/audios/audio/20221229/16722941154756.wav"
        },
        {
          "text": "我还是不如他……但我还是会站出来。",
          "link": "//game.gtimg.cn/images/yxzj/zlkdatasys/audios/audio/20221229/16722941517395.wav"
        },
        {
          "text": "总会有……新的火鹰出现……",
          "link": "//game.gtimg.cn/images/yxzj/zlkdatasys/audios/audio/20221229/16722941779210.wav"
        },
        {
          "text": "这不是我的悲哀……这是我的选择……",
          "link": "//game.gtimg.cn/images/yxzj/zlkdatasys/audios/audio/20221229/16722941989384.wav"
        },
        {
          "text": "我还有个合金弹头的邀约，没答复……",
          "link": "//game.gtimg.cn/images/yxzj/zlkdatasys/audios/audio/20221229/16722942288983.wav"
        },
        {
          "text": "放弃这个词可不适合我！",
          "link": "//game.gtimg.cn/images/yxzj/zlkdatasys/audios/audio/20221229/16722942648965.wav"
        },
        {
          "text": "干的不错，小火鹰！",
          "link": "//game.gtimg.cn/images/yxzj/zlkdatasys/audios/audio/20221229/16722942963546.wav"
        },
        {
          "text": "我还没出绝招呢！",
          "link": "//game.gtimg.cn/images/yxzj/zlkdatasys/audios/audio/20221229/16722943204868.wav"
        },
        {
          "text": "几年不见，你的锤子还是一样莽撞。",
          "link": "//game.gtimg.cn/images/yxzj/zlkdatasys/audios/audio/20221229/16722943782704.wav"
        },
        {
          "text": "除了脑子和胆子，一点运气也是必不可少的。",
          "link": "//game.gtimg.cn/images/yxzj/zlkdatasys/audios/audio/20221229/16722944011498.wav"
        },
        {
          "text": "论实力~还是我的火炮更胜一筹。",
          "link": "//game.gtimg.cn/images/yxzj/zlkdatasys/audios/audio/20221229/16722944377378.wav"
        },
        {
          "text": "完美操作",
          "link": "//game.gtimg.cn/images/yxzj/zlkdatasys/audios/audio/20221229/16722944876009.wav"
        },
        {
          "text": "有我们在",
          "link": "//game.gtimg.cn/images/yxzj/zlkdatasys/audios/audio/20221229/16722945126122.wav"
        },
        {
          "text": "这颗炮弹，早该送给你了！",
          "link": "//game.gtimg.cn/images/yxzj/zlkdatasys/audios/audio/20221229/16722945649373.wav"
        },
        {
          "text": "高塔会被怒火点燃！",
          "link": "//game.gtimg.cn/images/yxzj/zlkdatasys/audios/audio/20221229/16722945857132.wav"
        },
        {
          "text": "伤口可不是什么值得炫耀的事情。",
          "link": "//game.gtimg.cn/images/yxzj/zlkdatasys/audios/audio/20221229/16722946395912.wav"
        },
        {
          "text": "如果老船长在这里，他会怎么做？",
          "link": "//game.gtimg.cn/images/yxzj/zlkdatasys/audios/audio/20221229/16722946731994.wav"
        },
        {
          "text": "嘿，新火鹰船长，你现在要怎么做？",
          "link": "//game.gtimg.cn/images/yxzj/zlkdatasys/audios/audio/20221229/16722947251035.wav"
        },
        {
          "text": "来一杯吗~奇迹酒馆的牛奶最新鲜了~",
          "link": "//game.gtimg.cn/images/yxzj/zlkdatasys/audios/audio/20221229/16722947506857.wav"
        },
        {
          "text": "辛苦了朋友，你最近的出场频率很高嘛~",
          "link": "//game.gtimg.cn/images/yxzj/zlkdatasys/audios/audio/20221229/16722947721397.wav"
        },
        {
          "text": "海盗克星？守护者之火？……起名太麻烦了，就叫你“小火炮”吧。",
          "link": "//game.gtimg.cn/images/yxzj/zlkdatasys/audios/audio/20221229/16722947984465.wav"
        },
        {
          "text": "产生了新的研究灵感~",
          "link": "//game.gtimg.cn/images/yxzj/zlkdatasys/audios/audio/20221229/16722948491893.wav"
        },
        {
          "text": "让我看看，有没有打折的便宜货啊？",
          "link": "//game.gtimg.cn/images/yxzj/zlkdatasys/audios/audio/20221229/16722948766705.wav"
        },
        {
          "text": "旧货市场里，总能淘到好东西。",
          "link": "//game.gtimg.cn/images/yxzj/zlkdatasys/audios/audio/20221229/16722949069096.wav"
        },
        {
          "text": "给我的“小火炮”，来点又快又猛的配件。",
          "link": "//game.gtimg.cn/images/yxzj/zlkdatasys/audios/audio/20221229/16722949362003.wav"
        },
        {
          "text": "准备好~向日出的方向起航！",
          "link": "//game.gtimg.cn/images/yxzj/zlkdatasys/audios/audio/20221229/16722949713523.wav"
        },
        {
          "text": "面具被踩碎的那刻，我拥有了再来一次的机会。",
          "link": "//game.gtimg.cn/images/yxzj/zlkdatasys/audios/audio/20221229/16722950076045.wav"
        },
        {
          "text": "海都有十几个魔道家族，他们个个穿着一件这样的斗篷。",
          "link": "//game.gtimg.cn/images/yxzj/zlkdatasys/audios/audio/20221229/16722950404953.wav"
        },
        {
          "text": "起航！穿越迷雾之海，接老船长回家。",
          "link": "//game.gtimg.cn/images/yxzj/zlkdatasys/audios/audio/20221229/16722950782077.wav"
        },
        {
          "text": "听说远海藏着巨大的海兽，他们会长这个样子吗？",
          "link": "//game.gtimg.cn/images/yxzj/zlkdatasys/audios/audio/20221229/16722951018979.wav"
        },
        {
          "text": "试试新发明~",
          "link": "//game.gtimg.cn/images/yxzj/zlkdatasys/audios/audio/20221229/16722951638119.wav"
        },
        {
          "text": "填充完毕！",
          "link": "//game.gtimg.cn/images/yxzj/zlkdatasys/audios/audio/20221229/16722951812974.wav"
        },
        {
          "text": "独家制造~",
          "link": "//game.gtimg.cn/images/yxzj/zlkdatasys/audios/audio/20221229/16722951995931.wav"
        },
        {
          "text": "准备好了吗？",
          "link": "//game.gtimg.cn/images/yxzj/zlkdatasys/audios/audio/20221229/16722952348167.wav"
        },
        {
          "text": "续写传奇！",
          "link": "//game.gtimg.cn/images/yxzj/zlkdatasys/audios/audio/20221229/16722952521686.wav"
        },
        {
          "text": "英雄登场！",
          "link": "//game.gtimg.cn/images/yxzj/zlkdatasys/audios/audio/20221229/16722952713940.wav"
        },
        {
          "text": "嘘，别出声~",
          "link": "//game.gtimg.cn/images/yxzj/zlkdatasys/audios/audio/20221229/16722952959778.wav"
        },
        {
          "text": "嘿，我在这儿~",
          "link": "//game.gtimg.cn/images/yxzj/zlkdatasys/audios/audio/20221229/16722953149895.wav"
        },
        {
          "text": "嗯~见机行事~",
          "link": "//game.gtimg.cn/images/yxzj/zlkdatasys/audios/audio/20221229/16722953344776.wav"
        },
        {
          "text": "别担心，火鹰来了！",
          "link": "//game.gtimg.cn/images/yxzj/zlkdatasys/audios/audio/20221229/16722953562602.wav"
        },
        {
          "text": "别怕，交给我！",
          "link": "//game.gtimg.cn/images/yxzj/zlkdatasys/audios/audio/20221229/16722953773508.wav"
        },
        {
          "text": "各位，来看烟花吗？",
          "link": "//game.gtimg.cn/images/yxzj/zlkdatasys/audios/audio/20221229/16722953978522.wav"
        },
        {
          "text": "放弃这个词可不适合我！",
          "link": "//game.gtimg.cn/images/yxzj/zlkdatasys/audios/audio/20221229/16722954161381.wav"
        },
        {
          "text": "火力全开！",
          "link": "//game.gtimg.cn/images/yxzj/zlkdatasys/audios/audio/20221229/16722954402993.wav"
        },
        {
          "text": "放手一搏吧！",
          "link": "//game.gtimg.cn/images/yxzj/zlkdatasys/audios/audio/20221229/16722954736065.wav"
        },
        {
          "text": "专属于你的烟花秀！",
          "link": "//game.gtimg.cn/images/yxzj/zlkdatasys/audios/audio/20221229/16722954959818.wav"
        },
        {
          "text": "来点火爆的！",
          "link": "//game.gtimg.cn/images/yxzj/zlkdatasys/audios/audio/20221229/16722955155027.wav"
        },
        {
          "text": "介绍一下，这是我最好的兄弟查尔，不过大家都叫他“佣兵狂铁”",
          "link": "//game.gtimg.cn/images/yxzj/zlkdatasys/audios/audio/20221229/16722955962286.wav"
        },
        {
          "text": "下次再这么莽撞，这铁家伙可别找我修！",
          "link": "//game.gtimg.cn/images/yxzj/zlkdatasys/audios/audio/20221229/16722956225623.wav"
        },
        {
          "text": "就你那点钱，勉强只够机械臂的维修费。",
          "link": "//game.gtimg.cn/images/yxzj/zlkdatasys/audios/audio/20221229/16722956465408.wav"
        },
        {
          "text": "老船长冒险出海，难道也和你说的污染有关？",
          "link": "//game.gtimg.cn/images/yxzj/zlkdatasys/audios/audio/20221229/16722956708128.wav"
        },
        {
          "text": "省省吧，这可是要掉另一条胳膊的事。",
          "link": "//game.gtimg.cn/images/yxzj/zlkdatasys/audios/audio/20221229/16722956954473.wav"
        },
        {
          "text": "看来火鹰号的船员，你是当定了。",
          "link": "//game.gtimg.cn/images/yxzj/zlkdatasys/audios/audio/20221229/16722957163847.wav"
        },
        {
          "text": "一个人绝不该因他的勇气而被审判",
          "link": "//game.gtimg.cn/images/yxzj/zlkdatasys/audios/audio/20221229/16722957515062.wav"
        },
        {
          "text": "有人为海都冒险远航，有人却高居塔顶看不到危机。",
          "link": "//game.gtimg.cn/images/yxzj/zlkdatasys/audios/audio/20221229/16722957751828.wav"
        },
        {
          "text": "火鹰号不会变成阿尔卡纳的私人物品，它属于火鹰船长所保护的地方。",
          "link": "//game.gtimg.cn/images/yxzj/zlkdatasys/audios/audio/20221229/16722958033407.wav"
        },
        {
          "text": "大概是我身上有它喜欢的牛奶味。",
          "link": "//game.gtimg.cn/images/yxzj/zlkdatasys/audios/audio/20221229/16722958335256.wav"
        },
        {
          "text": "为可爱的小猫服务，我的……荣幸。",
          "link": "//game.gtimg.cn/images/yxzj/zlkdatasys/audios/audio/20221229/16722958565875.wav"
        },
        {
          "text": "我们都在等待一个返航的人。",
          "link": "//game.gtimg.cn/images/yxzj/zlkdatasys/audios/audio/20221229/16722958801294.wav"
        },
        {
          "text": "如果远游之人迷失了归家的方向，那就出发去找到他。",
          "link": "//game.gtimg.cn/images/yxzj/zlkdatasys/audios/audio/20221229/16722959027784.wav"
        },
        {
          "text": "我听过一个故事，日落海上徘徊的幽灵，他的名字叫凯因。",
          "link": "//game.gtimg.cn/images/yxzj/zlkdatasys/audios/audio/20221229/16722959277251.wav"
        },
        {
          "text": "我得承认，就算在外城区，你也称得上是有种的。",
          "link": "//game.gtimg.cn/images/yxzj/zlkdatasys/audios/audio/20221229/16722959645089.wav"
        },
        {
          "text": "这位魔道贵族少爷，来外城区有什么事？",
          "link": "//game.gtimg.cn/images/yxzj/zlkdatasys/audios/audio/20221229/16722960183865.wav"
        },
        {
          "text": "向着明知危险的方向前进，正符合我的风格。",
          "link": "//game.gtimg.cn/images/yxzj/zlkdatasys/audios/audio/20221229/16722960691580.wav"
        },
        {
          "text": "会让海风带口信给你的~~",
          "link": "//game.gtimg.cn/images/yxzj/zlkdatasys/audios/audio/20221229/16722961083951.wav"
        },
        {
          "text": "既然来了海都，那一定要听听关于老船长的传奇。",
          "link": "//game.gtimg.cn/images/yxzj/zlkdatasys/audios/audio/20221229/16722961298828.wav"
        },
        {
          "text": "嘿，那边的船长，你知道传说中的迷雾之海吗？",
          "link": "//game.gtimg.cn/images/yxzj/zlkdatasys/audios/audio/20221229/16722961536423.wav"
        }
      ],
      "name": "原皮"
    },
    {
      "voice": [
        {
          "text": "干得好小家伙！那么接下来，该我登场了！",
          "link": "//game.gtimg.cn/images/yxzj/zlkdatasys/audios/audio/20230907/16940691838774.mp3"
        },
        {
          "text": "子弹不为和平而生便毫无意义。",
          "link": "//game.gtimg.cn/images/yxzj/zlkdatasys/audios/audio/20230907/16940692024581.mp3"
        },
        {
          "text": "不同的字母代表不同的弹药，选一个吧，还是说，你全都要？",
          "link": "//game.gtimg.cn/images/yxzj/zlkdatasys/audios/audio/20230907/16940692297779.mp3"
        },
        {
          "text": "接过这具机甲的那一刻，我也继承了他的责任。",
          "link": "//game.gtimg.cn/images/yxzj/zlkdatasys/audios/audio/20230907/16940573338150.mp3"
        },
        {
          "text": "拯救世界真是件麻烦事……唉，谁让我是星际联盟的大英雄呢？",
          "link": "//game.gtimg.cn/images/yxzj/zlkdatasys/audios/audio/20230907/16940574778419.mp3"
        },
        {
          "text": "在宇宙面前人类的确渺小，但我们生存的意志永无止境。",
          "link": "//game.gtimg.cn/images/yxzj/zlkdatasys/audios/audio/20230907/16940575042144.mp3"
        },
        {
          "text": "就算是临时舰长，也得战斗在第一线。",
          "link": "//game.gtimg.cn/images/yxzj/zlkdatasys/audios/audio/20230907/16940575256908.mp3"
        },
        {
          "text": "你看到游隼小队了吗，他们救人的本事可是一流的。",
          "link": "//game.gtimg.cn/images/yxzj/zlkdatasys/audios/audio/20230907/16940575598002.mp3"
        },
        {
          "text": "在星际流浪的那些日子里，我听过最多的词就是和平。",
          "link": "//game.gtimg.cn/images/yxzj/zlkdatasys/audios/audio/20230907/16940575834117.mp3"
        },
        {
          "text": "钢铁之躯和血肉之身又有什么区别，过几百年还不都是宇宙的尘埃。",
          "link": "//game.gtimg.cn/images/yxzj/zlkdatasys/audios/audio/20230907/16940576049306.mp3"
        },
        {
          "text": "弹药耗尽……",
          "link": "//game.gtimg.cn/images/yxzj/zlkdatasys/audios/audio/20230907/16940576307165.mp3"
        },
        {
          "text": "（Mission Fail）让我再来一次……",
          "link": "//game.gtimg.cn/images/yxzj/zlkdatasys/audios/audio/20230907/16940576551363.mp3"
        },
        {
          "text": "子弹上膛！",
          "link": "//game.gtimg.cn/images/yxzj/zlkdatasys/audios/audio/20230907/16940581588351.mp3"
        },
        {
          "text": "猜猜下颗会是什么！",
          "link": "//game.gtimg.cn/images/yxzj/zlkdatasys/audios/audio/20230907/16940581832957.mp3"
        },
        {
          "text": "Heavy Machine Gun!",
          "link": "//game.gtimg.cn/images/yxzj/zlkdatasys/audios/audio/20230907/16940585671517.mp3"
        },
        {
          "text": "嘘，星星都睡着了。",
          "link": "//game.gtimg.cn/images/yxzj/zlkdatasys/audios/audio/20230907/16940586142715.mp3"
        },
        {
          "text": "喂，看这儿！",
          "link": "//game.gtimg.cn/images/yxzj/zlkdatasys/audios/audio/20230907/16940586351534.mp3"
        },
        {
          "text": "飞跃宇宙！",
          "link": "//game.gtimg.cn/images/yxzj/zlkdatasys/audios/audio/20230907/16940586579462.mp3"
        },
        {
          "text": "启动太空形态！",
          "link": "//game.gtimg.cn/images/yxzj/zlkdatasys/audios/audio/20230907/16940586776983.mp3"
        },
        {
          "text": "炮火轰鸣！",
          "link": "//game.gtimg.cn/images/yxzj/zlkdatasys/audios/audio/20230907/16940587172394.mp3"
        },
        {
          "text": "全屏扫射！",
          "link": "//game.gtimg.cn/images/yxzj/zlkdatasys/audios/audio/20230907/16940587938043.mp3"
        },
        {
          "text": "（Rocket Launcher）再跑快点儿！",
          "link": "//game.gtimg.cn/images/yxzj/zlkdatasys/audios/audio/20230907/16940588146415.mp3"
        },
        {
          "text": "可不能临阵脱逃！",
          "link": "//game.gtimg.cn/images/yxzj/zlkdatasys/audios/audio/20230907/16940588431282.mp3"
        },
        {
          "text": "星星之火！",
          "link": "//game.gtimg.cn/images/yxzj/zlkdatasys/audios/audio/20230907/16940588659799.mp3"
        },
        {
          "text": "群星为你闪耀！",
          "link": "//game.gtimg.cn/images/yxzj/zlkdatasys/audios/audio/20230907/16940588845395.mp3"
        },
        {
          "text": "你怎么老吃独食？",
          "link": "//game.gtimg.cn/images/yxzj/zlkdatasys/audios/audio/20230907/16940589336455.mp3"
        },
        {
          "text": "放心，这枚是催眠弹。",
          "link": "//game.gtimg.cn/images/yxzj/zlkdatasys/audios/audio/20230907/16940589685255.mp3"
        },
        {
          "text": "（Mission Complete）希望下次的任务能有点难度~",
          "link": "//game.gtimg.cn/images/yxzj/zlkdatasys/audios/audio/20230907/16940589896279.mp3"
        },
        {
          "text": "你的外壳的确崭新又闪亮，但内心就……",
          "link": "//game.gtimg.cn/images/yxzj/zlkdatasys/audios/audio/20230907/16940590087516.mp3"
        },
        {
          "text": "天才英雄，就是这么自信！",
          "link": "//game.gtimg.cn/images/yxzj/zlkdatasys/audios/audio/20230907/16940590352542.mp3"
        },
        {
          "text": "（Mission Start）这次的任务是什么？营救人质，还是把对面统统打趴下？",
          "link": "//game.gtimg.cn/images/yxzj/zlkdatasys/audios/audio/20230907/16940590822628.mp3"
        },
        {
          "text": "你尽管出发吧，这边就放心交给我了！",
          "link": "//game.gtimg.cn/images/yxzj/zlkdatasys/audios/audio/20230907/16940671448072.mp3"
        },
        {
          "text": "呼叫舰长，本次星变已趋于稳定，你那边情况如何？",
          "link": "//game.gtimg.cn/images/yxzj/zlkdatasys/audios/audio/20230907/16940671672543.mp3"
        },
        {
          "text": "你早就看出我不是那个大英雄了吧？",
          "link": "//game.gtimg.cn/images/yxzj/zlkdatasys/audios/audio/20230907/16940671911101.mp3"
        },
        {
          "text": "有没有希望不是你说了算！",
          "link": "//game.gtimg.cn/images/yxzj/zlkdatasys/audios/audio/20230907/16940672147518.mp3"
        }
      ],
      "name": "末日机甲"
    }
  ]
}
