{
  "data": [
    {
      "voice": [
        {
          "text": "确认目标，出发。",
          "link": "//game.gtimg.cn/images/yxzj/zlkdatasys/audios/audio/20220415/16500166229236.mp3"
        },
        {
          "text": "潜行于黑暗，游猎于光明",
          "link": "//game.gtimg.cn/images/yxzj/zlkdatasys/audios/audio/20220415/16500166381476.mp3"
        },
        {
          "text": "习惯于黑暗，如同习惯于孤独",
          "link": "//game.gtimg.cn/images/yxzj/zlkdatasys/audios/audio/20220415/16500166596501.mp3"
        },
        {
          "text": "鲨鱼无需同伴",
          "link": "//game.gtimg.cn/images/yxzj/zlkdatasys/audios/audio/20220415/16500166832071.mp3"
        },
        {
          "text": "“澜”，只是个代号",
          "link": "//game.gtimg.cn/images/yxzj/zlkdatasys/audios/audio/20220412/16497548394827.wav"
        },
        {
          "text": "狩猎目标的鲨鱼，会追索血的滋味",
          "link": "//game.gtimg.cn/images/yxzj/zlkdatasys/audios/audio/20220412/16497548542262.wav"
        },
        {
          "text": "血的滋味",
          "link": "//game.gtimg.cn/images/yxzj/zlkdatasys/audios/audio/20220412/16497550168890.wav"
        },
        {
          "text": "朋友？抱歉，我没有",
          "link": "//game.gtimg.cn/images/yxzj/zlkdatasys/audios/audio/20220412/16497550464399.wav"
        },
        {
          "text": "无需代价",
          "link": "//game.gtimg.cn/images/yxzj/zlkdatasys/audios/audio/20220412/16497550785804.wav"
        },
        {
          "text": "痛苦会让恐惧离开身体",
          "link": "//game.gtimg.cn/images/yxzj/zlkdatasys/audios/audio/20220412/16497551034856.wav"
        },
        {
          "text": "过去属于死神，未来属于自己",
          "link": "//game.gtimg.cn/images/yxzj/zlkdatasys/audios/audio/20220412/16497551215293.wav"
        },
        {
          "text": "生存比死亡更艰难",
          "link": "//game.gtimg.cn/images/yxzj/zlkdatasys/audios/audio/20220412/16497551419437.wav"
        },
        {
          "text": "雨……好像停了……",
          "link": "//game.gtimg.cn/images/yxzj/zlkdatasys/audios/audio/20220412/16497551921637.wav"
        },
        {
          "text": "雨……停了……",
          "link": "//game.gtimg.cn/images/yxzj/zlkdatasys/audios/audio/20220412/16497552104774.wav"
        },
        {
          "text": "噩梦如影随形",
          "link": "//game.gtimg.cn/images/yxzj/zlkdatasys/audios/audio/20220412/16497552497080.wav"
        },
        {
          "text": "锁定目标",
          "link": "//game.gtimg.cn/images/yxzj/zlkdatasys/audios/audio/20220412/16497552716790.wav"
        },
        {
          "text": "水，是我的领域",
          "link": "//game.gtimg.cn/images/yxzj/zlkdatasys/audios/audio/20220412/16497552905087.wav"
        },
        {
          "text": "水，是我擅长的领域",
          "link": "//game.gtimg.cn/images/yxzj/zlkdatasys/audios/audio/20220412/16497553223188.wav"
        },
        {
          "text": "猎物的味道",
          "link": "//game.gtimg.cn/images/yxzj/zlkdatasys/audios/audio/20220412/16497553505672.wav"
        },
        {
          "text": "一击毙命。",
          "link": "//game.gtimg.cn/images/yxzj/zlkdatasys/audios/audio/20220412/16497553702722.wav"
        },
        {
          "text": "破浪一击。",
          "link": "//game.gtimg.cn/images/yxzj/zlkdatasys/audios/audio/20220412/16497553897223.wav"
        },
        {
          "text": "致命伤口",
          "link": "//game.gtimg.cn/images/yxzj/zlkdatasys/audios/audio/20220412/16497554084921.wav"
        },
        {
          "text": "鲨之猎刃",
          "link": "//game.gtimg.cn/images/yxzj/zlkdatasys/audios/audio/20220412/16497554349698.wav"
        },
        {
          "text": "血的滋味",
          "link": "//game.gtimg.cn/images/yxzj/zlkdatasys/audios/audio/20220412/16497554543401.wav"
        },
        {
          "text": "杀手本能",
          "link": "//game.gtimg.cn/images/yxzj/zlkdatasys/audios/audio/20220412/16497554757875.wav"
        },
        {
          "text": "牙齿，是鲨鱼的武器",
          "link": "//game.gtimg.cn/images/yxzj/zlkdatasys/audios/audio/20220412/16497554953199.wav"
        },
        {
          "text": "最干脆的路径",
          "link": "//game.gtimg.cn/images/yxzj/zlkdatasys/audios/audio/20220412/16497555096943.wav"
        },
        {
          "text": "说了多少次，别往一个杀手头上随便插小花",
          "link": "//game.gtimg.cn/images/yxzj/zlkdatasys/audios/audio/20220415/16500167127460.mp3"
        },
        {
          "text": "别担心，之前我只是睡了一觉",
          "link": "//game.gtimg.cn/images/yxzj/zlkdatasys/audios/audio/20220415/16500167308851.mp3"
        },
        {
          "text": "赶紧回去，这里很不安全。",
          "link": "//game.gtimg.cn/images/yxzj/zlkdatasys/audios/audio/20220415/16500167443775.mp3"
        },
        {
          "text": "少吃点儿烤鱼，会坏肚子。",
          "link": "//game.gtimg.cn/images/yxzj/zlkdatasys/audios/audio/20220415/16500167576758.mp3"
        },
        {
          "text": "不要跟着我，你的家人呢。",
          "link": "//game.gtimg.cn/images/yxzj/zlkdatasys/audios/audio/20220415/16500167771081.mp3"
        },
        {
          "text": "小鬼别怕，我在这儿。",
          "link": "//game.gtimg.cn/images/yxzj/zlkdatasys/audios/audio/20220415/16500168444661.mp3"
        },
        {
          "text": "鲨鱼，可能不喜欢吃小孩儿",
          "link": "//game.gtimg.cn/images/yxzj/zlkdatasys/audios/audio/20220415/16500168772010.mp3"
        },
        {
          "text": "小鬼，躲在我身后。",
          "link": "//game.gtimg.cn/images/yxzj/zlkdatasys/audios/audio/20220412/16497562504517.wav"
        },
        {
          "text": "别担心，鲨鱼不会轻易受伤",
          "link": "//game.gtimg.cn/images/yxzj/zlkdatasys/audios/audio/20220412/16497562648446.wav"
        },
        {
          "text": "小鬼，谢谢你的治疗。",
          "link": "//game.gtimg.cn/images/yxzj/zlkdatasys/audios/audio/20220412/16497562979138.wav"
        },
        {
          "text": "刀刃只听命于我",
          "link": "//game.gtimg.cn/images/yxzj/zlkdatasys/audios/audio/20220412/16497564164465.wav"
        },
        {
          "text": "深不可测的海与人心",
          "link": "//game.gtimg.cn/images/yxzj/zlkdatasys/audios/audio/20220412/16497564339913.wav"
        },
        {
          "text": "从不失手",
          "link": "//game.gtimg.cn/images/yxzj/zlkdatasys/audios/audio/20220412/16497564524460.wav"
        },
        {
          "text": "好，下一个目标。",
          "link": "//game.gtimg.cn/images/yxzj/zlkdatasys/audios/audio/20220412/16497564732773.wav"
        },
        {
          "text": "下一个任务。",
          "link": "//game.gtimg.cn/images/yxzj/zlkdatasys/audios/audio/20220412/16497564866956.wav"
        },
        {
          "text": "许多人曾倒在我面前，你也不会是例外",
          "link": "//game.gtimg.cn/images/yxzj/zlkdatasys/audios/audio/20220412/16497565118780.wav"
        },
        {
          "text": "没有特例",
          "link": "//game.gtimg.cn/images/yxzj/zlkdatasys/audios/audio/20220412/16497565248315.wav"
        },
        {
          "text": "所谓杀手的基本操作",
          "link": "//game.gtimg.cn/images/yxzj/zlkdatasys/audios/audio/20220412/16497565731883.wav"
        },
        {
          "text": "基本操作",
          "link": "//game.gtimg.cn/images/yxzj/zlkdatasys/audios/audio/20220412/16497568075457.wav"
        },
        {
          "text": "只是小憩了一下",
          "link": "//game.gtimg.cn/images/yxzj/zlkdatasys/audios/audio/20220412/16497568305884.wav"
        },
        {
          "text": "任务以外的目标",
          "link": "//game.gtimg.cn/images/yxzj/zlkdatasys/audios/audio/20220412/16497568422209.wav"
        },
        {
          "text": "猎杀开始。",
          "link": "//game.gtimg.cn/images/yxzj/zlkdatasys/audios/audio/20220412/16497568596873.wav"
        },
        {
          "text": "这把刀让我记起一些往事",
          "link": "//game.gtimg.cn/images/yxzj/zlkdatasys/audios/audio/20220412/16497568787225.wav"
        },
        {
          "text": "曾经，差点死在一座孤岛",
          "link": "//game.gtimg.cn/images/yxzj/zlkdatasys/audios/audio/20220412/16497569053847.wav"
        },
        {
          "text": "两把武器更适合杀手",
          "link": "//game.gtimg.cn/images/yxzj/zlkdatasys/audios/audio/20220412/16497569196666.wav"
        },
        {
          "text": "刀上有鲨鱼喜欢的味道",
          "link": "//game.gtimg.cn/images/yxzj/zlkdatasys/audios/audio/20220412/16497569364369.wav"
        },
        {
          "text": "这件装备送给小鬼比较好",
          "link": "//game.gtimg.cn/images/yxzj/zlkdatasys/audios/audio/20220412/16497569505949.wav"
        },
        {
          "text": "成为鲨鱼的猎物",
          "link": "//game.gtimg.cn/images/yxzj/zlkdatasys/audios/audio/20220412/16497569729602.wav"
        },
        {
          "text": "目标只剩一个",
          "link": "//game.gtimg.cn/images/yxzj/zlkdatasys/audios/audio/20220412/16497569947507.wav"
        },
        {
          "text": "任务完成",
          "link": "//game.gtimg.cn/images/yxzj/zlkdatasys/audios/audio/20220412/16497570093881.wav"
        },
        {
          "text": "误伤",
          "link": "//game.gtimg.cn/images/yxzj/zlkdatasys/audios/audio/20220412/16497570314981.wav"
        },
        {
          "text": "这条命还你",
          "link": "//game.gtimg.cn/images/yxzj/zlkdatasys/audios/audio/20220412/16497570462292.wav"
        },
        {
          "text": "过往早该被埋葬",
          "link": "//game.gtimg.cn/images/yxzj/zlkdatasys/audios/audio/20220412/16497570667646.wav"
        },
        {
          "text": "黑色的梦魇",
          "link": "//game.gtimg.cn/images/yxzj/zlkdatasys/audios/audio/20220412/16497570801297.wav"
        }
      ],
      "name": "原皮"
    },
    {
      "voice": [
        {
          "text": "定金到账，行动开始。",
          "link": "//game.gtimg.cn/images/yxzj/zlkdatasys/audios/audio/20220420/16504507785514.mp3"
        },
        {
          "text": "赏金榜上最值钱的，就是今晚的猎物。",
          "link": "//game.gtimg.cn/images/yxzj/zlkdatasys/audios/audio/20220420/16504507915550.mp3"
        },
        {
          "text": "鲨鱼栖息深海，猎人隐匿黑暗。",
          "link": "//game.gtimg.cn/images/yxzj/zlkdatasys/audios/audio/20220420/16504507611824.mp3"
        },
        {
          "text": "贪生的困兽，逃不出猎手的伏击。",
          "link": "//game.gtimg.cn/images/yxzj/zlkdatasys/audios/audio/20220420/16504371359487.mp3"
        },
        {
          "text": "恐惧的臭味，最好的路标。",
          "link": "//game.gtimg.cn/images/yxzj/zlkdatasys/audios/audio/20220420/16504371515024.mp3"
        },
        {
          "text": "弱肉强食，明码标价。",
          "link": "//game.gtimg.cn/images/yxzj/zlkdatasys/audios/audio/20220420/16504371661824.mp3"
        },
        {
          "text": "深海的猎手，从不停止游弋。",
          "link": "//game.gtimg.cn/images/yxzj/zlkdatasys/audios/audio/20220420/16504371997694.mp3"
        },
        {
          "text": "记忆和猎刃，同样锋利。",
          "link": "//game.gtimg.cn/images/yxzj/zlkdatasys/audios/audio/20220420/16504372258981.mp3"
        },
        {
          "text": "从不撒谎的，只有刀锋和赏金。",
          "link": "//game.gtimg.cn/images/yxzj/zlkdatasys/audios/audio/20220420/16504372542047.mp3"
        },
        {
          "text": "天……亮了……",
          "link": "//game.gtimg.cn/images/yxzj/zlkdatasys/audios/audio/20220420/16504411391212.wav"
        },
        {
          "text": "嘘——别怕",
          "link": "//game.gtimg.cn/images/yxzj/zlkdatasys/audios/audio/20220420/16504398975481.mp3"
        },
        {
          "text": "赏金入账",
          "link": "//game.gtimg.cn/images/yxzj/zlkdatasys/audios/audio/20220420/16504399388974.mp3"
        },
        {
          "text": "满载而归",
          "link": "//game.gtimg.cn/images/yxzj/zlkdatasys/audios/audio/20220420/16504399568157.mp3"
        },
        {
          "text": "噤声",
          "link": "//game.gtimg.cn/images/yxzj/zlkdatasys/audios/audio/20220420/16504406558411.mp3"
        },
        {
          "text": "熟悉的水道，通往猎场",
          "link": "//game.gtimg.cn/images/yxzj/zlkdatasys/audios/audio/20220420/16504406862963.mp3"
        },
        {
          "text": "闪电出击！",
          "link": "//game.gtimg.cn/images/yxzj/zlkdatasys/audios/audio/20220420/16504407202739.mp3"
        },
        {
          "text": "致命刀锋！",
          "link": "//game.gtimg.cn/images/yxzj/zlkdatasys/audios/audio/20220420/16504407374518.mp3"
        },
        {
          "text": "收网了。",
          "link": "//game.gtimg.cn/images/yxzj/zlkdatasys/audios/audio/20220420/16504407629486.mp3"
        },
        {
          "text": "围猎开始！",
          "link": "//game.gtimg.cn/images/yxzj/zlkdatasys/audios/audio/20220420/16504407837509.mp3"
        },
        {
          "text": "精准捕杀！",
          "link": "//game.gtimg.cn/images/yxzj/zlkdatasys/audios/audio/20220420/16504408263864.mp3"
        },
        {
          "text": "精准收割！",
          "link": "//game.gtimg.cn/images/yxzj/zlkdatasys/audios/audio/20220420/16504408451732.mp3"
        },
        {
          "text": "擅长追猎，更擅长等待时机",
          "link": "//game.gtimg.cn/images/yxzj/zlkdatasys/audios/audio/20220420/16504508066844.mp3"
        }
      ],
      "name": "赏金猎手"
    },
    {
      "voice": [
        {
          "text": "雷克斯，准备就绪。",
          "link": "//game.gtimg.cn/images/yxzj/zlkdatasys/audios/audio/20230615/16867988714928.mp3"
        },
        {
          "text": "赛道下方，藏着这个世界的本质。",
          "link": "//game.gtimg.cn/images/yxzj/zlkdatasys/audios/audio/20230615/16867989948990.mp3"
        },
        {
          "text": "直道靠车，弯道，靠车手。",
          "link": "//game.gtimg.cn/images/yxzj/zlkdatasys/audios/audio/20230615/16867990229589.mp3"
        },
        {
          "text": "不需要队友，朋友可以有两个。",
          "link": "//game.gtimg.cn/images/yxzj/zlkdatasys/audios/audio/20230614/16867299499700.mp3"
        },
        {
          "text": "能掌控的速度，都不是极限。",
          "link": "//game.gtimg.cn/images/yxzj/zlkdatasys/audios/audio/20230614/16867299758456.mp3"
        },
        {
          "text": "是风在追我。",
          "link": "//game.gtimg.cn/images/yxzj/zlkdatasys/audios/audio/20230614/16867299955261.mp3"
        },
        {
          "text": "平稳制造平庸。",
          "link": "//game.gtimg.cn/images/yxzj/zlkdatasys/audios/audio/20230614/16867300159736.mp3"
        },
        {
          "text": "隐藏自己的意识，要比诞生意识更难。",
          "link": "//game.gtimg.cn/images/yxzj/zlkdatasys/audios/audio/20230614/16867300355399.mp3"
        },
        {
          "text": "小鬼又在车头插花……",
          "link": "//game.gtimg.cn/images/yxzj/zlkdatasys/audios/audio/20230614/16867300692750.mp3"
        },
        {
          "text": "系列新作？无所谓。高清不代表高能。",
          "link": "//game.gtimg.cn/images/yxzj/zlkdatasys/audios/audio/20230614/16867301015393.mp3"
        },
        {
          "text": "已断开连接，请重新登录。",
          "link": "//game.gtimg.cn/images/yxzj/zlkdatasys/audios/audio/20230615/16867990524136.mp3"
        },
        {
          "text": "终点，只是暂时的停留。",
          "link": "//game.gtimg.cn/images/yxzj/zlkdatasys/audios/audio/20230614/16867302072983.mp3"
        },
        {
          "text": "正常发挥。",
          "link": "//game.gtimg.cn/images/yxzj/zlkdatasys/audios/audio/20230614/16867303828636.mp3"
        },
        {
          "text": "赛道已切换。",
          "link": "//game.gtimg.cn/images/yxzj/zlkdatasys/audios/audio/20230614/16867304677651.mp3"
        },
        {
          "text": "锁定最短距离。",
          "link": "//game.gtimg.cn/images/yxzj/zlkdatasys/audios/audio/20230614/16867304945834.mp3"
        },
        {
          "text": "碍眼。",
          "link": "//game.gtimg.cn/images/yxzj/zlkdatasys/audios/audio/20230614/16867305183468.mp3"
        },
        {
          "text": "别挡路。",
          "link": "//game.gtimg.cn/images/yxzj/zlkdatasys/audios/audio/20230614/16867305403514.mp3"
        },
        {
          "text": "我会出手。",
          "link": "//game.gtimg.cn/images/yxzj/zlkdatasys/audios/audio/20230614/16867305663878.mp3"
        },
        {
          "text": "速度，即力度。",
          "link": "//game.gtimg.cn/images/yxzj/zlkdatasys/audios/audio/20230614/16867305939599.mp3"
        },
        {
          "text": "很意外吗？",
          "link": "//game.gtimg.cn/images/yxzj/zlkdatasys/audios/audio/20230614/16867306186655.mp3"
        },
        {
          "text": "偶尔也会等待沿途的风景。",
          "link": "//game.gtimg.cn/images/yxzj/zlkdatasys/audios/audio/20230614/16867307153949.mp3"
        },
        {
          "text": "只要还没结束，就没有胜负。",
          "link": "//game.gtimg.cn/images/yxzj/zlkdatasys/audios/audio/20230614/16867307696298.mp3"
        },
        {
          "text": "小鬼，下一局你先出发。",
          "link": "//game.gtimg.cn/images/yxzj/zlkdatasys/audios/audio/20230614/16867308103125.mp3"
        },
        {
          "text": "小子，有待进步。",
          "link": "//game.gtimg.cn/images/yxzj/zlkdatasys/audios/audio/20230614/16867308333632.mp3"
        },
        {
          "text": "解锁成就——一骑绝尘。",
          "link": "//game.gtimg.cn/images/yxzj/zlkdatasys/audios/audio/20230614/16867311227904.mp3"
        },
        {
          "text": "解锁成就——神行百里。",
          "link": "//game.gtimg.cn/images/yxzj/zlkdatasys/audios/audio/20230614/16867311464168.mp3"
        },
        {
          "text": "解锁成就——神乎其技。",
          "link": "//game.gtimg.cn/images/yxzj/zlkdatasys/audios/audio/20230614/16867311803740.mp3"
        },
        {
          "text": "解锁成就——雷霆之姿。",
          "link": "//game.gtimg.cn/images/yxzj/zlkdatasys/audios/audio/20230614/16867312193199.mp3"
        },
        {
          "text": "解锁成就——孤胆车神。",
          "link": "//game.gtimg.cn/images/yxzj/zlkdatasys/audios/audio/20230615/16867990823689.mp3"
        },
        {
          "text": "一决胜负吧。",
          "link": "//game.gtimg.cn/images/yxzj/zlkdatasys/audios/audio/20230614/16867313182548.mp3"
        },
        {
          "text": "我说过了，雷克斯是载具的名字。",
          "link": "//game.gtimg.cn/images/yxzj/zlkdatasys/audios/audio/20230614/16867313862431.mp3"
        },
        {
          "text": "小子，刚刚的拖飘有进步。",
          "link": "//game.gtimg.cn/images/yxzj/zlkdatasys/audios/audio/20230614/16867314229302.mp3"
        },
        {
          "text": "再接再厉，爆裂小子。",
          "link": "//game.gtimg.cn/images/yxzj/zlkdatasys/audios/audio/20230614/16867314448910.mp3"
        },
        {
          "text": "不行，地底下有恐龙。",
          "link": "//game.gtimg.cn/images/yxzj/zlkdatasys/audios/audio/20230614/16867316195928.mp3"
        },
        {
          "text": "恐龙不吃胡萝卜，但我可以吃。",
          "link": "//game.gtimg.cn/images/yxzj/zlkdatasys/audios/audio/20230614/16867316505980.mp3"
        }
      ],
      "name": "电玩·雷克斯"
    },
    {
      "voice": [
        {
          "text": "永恒荣耀，不灭星辰。",
          "link": "//game.gtimg.cn/images/yxzj/zlkdatasys/audios/audio/20240109/17047937589196.mp3"
        },
        {
          "text": "寒骨裂荆棘，花海映星河。",
          "link": "//game.gtimg.cn/images/yxzj/zlkdatasys/audios/audio/20240109/17047937968844.mp3"
        },
        {
          "text": "藏锋，血未凉。",
          "link": "//game.gtimg.cn/images/yxzj/zlkdatasys/audios/audio/20240109/17047938112824.mp3"
        },
        {
          "text": "故人化灵鱼，游曳花海间。",
          "link": "//game.gtimg.cn/images/yxzj/zlkdatasys/audios/audio/20240109/17047717232132.mp3"
        },
        {
          "text": "弱小本无罪，畏缩不前才是过错。",
          "link": "//game.gtimg.cn/images/yxzj/zlkdatasys/audios/audio/20240109/17047717452748.mp3"
        },
        {
          "text": "这片废墟曾是一座花园。",
          "link": "//game.gtimg.cn/images/yxzj/zlkdatasys/audios/audio/20240109/17047717748209.mp3"
        },
        {
          "text": "仇敌尽诛，了无遗憾。",
          "link": "//game.gtimg.cn/images/yxzj/zlkdatasys/audios/audio/20240109/17047717984592.mp3"
        },
        {
          "text": "答案说明所有。",
          "link": "//game.gtimg.cn/images/yxzj/zlkdatasys/audios/audio/20240109/17047718209366.mp3"
        },
        {
          "text": "鱼背上的少年已经长大了。",
          "link": "//game.gtimg.cn/images/yxzj/zlkdatasys/audios/audio/20240109/17047718402323.mp3"
        },
        {
          "text": "来日可追。",
          "link": "//game.gtimg.cn/images/yxzj/zlkdatasys/audios/audio/20240109/17047718584994.mp3"
        },
        {
          "text": "第二次生命，在故人的期许下诞生。",
          "link": "//game.gtimg.cn/images/yxzj/zlkdatasys/audios/audio/20240109/17047718807728.mp3"
        },
        {
          "text": "他们从未离开。",
          "link": "//game.gtimg.cn/images/yxzj/zlkdatasys/audios/audio/20240109/17047719048062.mp3"
        },
        {
          "text": "等我回来……",
          "link": "//game.gtimg.cn/images/yxzj/zlkdatasys/audios/audio/20240109/17047719233726.mp3"
        },
        {
          "text": "花开了……",
          "link": "//game.gtimg.cn/images/yxzj/zlkdatasys/audios/audio/20240109/17047719466478.mp3"
        },
        {
          "text": "下一个。",
          "link": "//game.gtimg.cn/images/yxzj/zlkdatasys/audios/audio/20240109/17047719706711.mp3"
        },
        {
          "text": "山呼海啸。",
          "link": "//game.gtimg.cn/images/yxzj/zlkdatasys/audios/audio/20240109/17047719882994.mp3"
        },
        {
          "text": "还剩四个。",
          "link": "//game.gtimg.cn/images/yxzj/zlkdatasys/audios/audio/20240109/17047720646629.mp3"
        },
        {
          "text": "预料之中。",
          "link": "//game.gtimg.cn/images/yxzj/zlkdatasys/audios/audio/20240109/17047720868714.mp3"
        },
        {
          "text": "我不做无端的杀戮。",
          "link": "//game.gtimg.cn/images/yxzj/zlkdatasys/audios/audio/20240109/17047721469586.mp3"
        },
        {
          "text": "望远行",
          "link": "//game.gtimg.cn/images/yxzj/zlkdatasys/audios/audio/20240109/17047722411441.mp3"
        },
        {
          "text": "藏锋守拙",
          "link": "//game.gtimg.cn/images/yxzj/zlkdatasys/audios/audio/20240109/17047722705280.mp3"
        },
        {
          "text": "洄游",
          "link": "//game.gtimg.cn/images/yxzj/zlkdatasys/audios/audio/20240109/17047723286344.mp3"
        },
        {
          "text": "或跃在渊",
          "link": "//game.gtimg.cn/images/yxzj/zlkdatasys/audios/audio/20240109/17047723578486.mp3"
        },
        {
          "text": "逐花",
          "link": "//game.gtimg.cn/images/yxzj/zlkdatasys/audios/audio/20240109/17047723813159.mp3"
        },
        {
          "text": "穿叶",
          "link": "//game.gtimg.cn/images/yxzj/zlkdatasys/audios/audio/20240109/17047723995037.mp3"
        },
        {
          "text": "落魂",
          "link": "//game.gtimg.cn/images/yxzj/zlkdatasys/audios/audio/20240109/17047724303089.mp3"
        },
        {
          "text": "断流",
          "link": "//game.gtimg.cn/images/yxzj/zlkdatasys/audios/audio/20240109/17047724514459.mp3"
        },
        {
          "text": "倚浪还",
          "link": "//game.gtimg.cn/images/yxzj/zlkdatasys/audios/audio/20240109/17047724739945.mp3"
        },
        {
          "text": "折骨",
          "link": "//game.gtimg.cn/images/yxzj/zlkdatasys/audios/audio/20240109/17047724942428.mp3"
        },
        {
          "text": "归去来",
          "link": "//game.gtimg.cn/images/yxzj/zlkdatasys/audios/audio/20240109/17047725124031.mp3"
        },
        {
          "text": "刀尖之舞",
          "link": "//game.gtimg.cn/images/yxzj/zlkdatasys/audios/audio/20240109/17047725379060.mp3"
        },
        {
          "text": "饮水思源。",
          "link": "//game.gtimg.cn/images/yxzj/zlkdatasys/audios/audio/20240109/17047725572189.mp3"
        },
        {
          "text": "温暖的阳光。",
          "link": "//game.gtimg.cn/images/yxzj/zlkdatasys/audios/audio/20240109/17047725953996.mp3"
        },
        {
          "text": "他们是重要的伙伴。",
          "link": "//game.gtimg.cn/images/yxzj/zlkdatasys/audios/audio/20240109/17047726595350.mp3"
        },
        {
          "text": "你我都在海中。",
          "link": "//game.gtimg.cn/images/yxzj/zlkdatasys/audios/audio/20240109/17047727137399.mp3"
        }
      ],
      "name": "逐花归海"
    }
  ]
}
