{
  "data": [
    {
      "voice": [
        {
          "text": "刀锋所划之地，便是疆土。",
          "link": "//game.gtimg.cn/images/yxzj/zlkdatasys/audios/audio/20220412/16497514999905.wav"
        },
        {
          "text": "一直都赢也挺无聊。",
          "link": "//game.gtimg.cn/images/yxzj/zlkdatasys/audios/audio/20220412/16497515132406.wav"
        },
        {
          "text": "刀鞘？丢失了。",
          "link": "//game.gtimg.cn/images/yxzj/zlkdatasys/audios/audio/20220412/16497515259145.wav"
        },
        {
          "text": "我为黑暗服务。",
          "link": "//game.gtimg.cn/images/yxzj/zlkdatasys/audios/audio/20220412/16497515396135.wav"
        },
        {
          "text": "所谓武技，不过是遇害者数字的累积而已。",
          "link": "//game.gtimg.cn/images/yxzj/zlkdatasys/audios/audio/20220412/16497515589067.wav"
        },
        {
          "text": "好奇心的代价很昂贵。",
          "link": "//game.gtimg.cn/images/yxzj/zlkdatasys/audios/audio/20220412/16497515736642.wav"
        },
        {
          "text": "不逃，就不会死！",
          "link": "//game.gtimg.cn/images/yxzj/zlkdatasys/audios/audio/20220412/16497515867777.wav"
        },
        {
          "text": "一个人，没有同类。",
          "link": "//game.gtimg.cn/images/yxzj/zlkdatasys/audios/audio/20220412/16497515998422.wav"
        },
        {
          "text": "终究，堕入深渊……",
          "link": "//game.gtimg.cn/images/yxzj/zlkdatasys/audios/audio/20220412/16497516229429.wav"
        },
        {
          "text": "斩草除根!",
          "link": "//game.gtimg.cn/images/yxzj/zlkdatasys/audios/audio/20220412/16497516468232.wav"
        },
        {
          "text": "收割开始！",
          "link": "//game.gtimg.cn/images/yxzj/zlkdatasys/audios/audio/20220412/16497516636402.wav"
        },
        {
          "text": "补刀的时刻！",
          "link": "//game.gtimg.cn/images/yxzj/zlkdatasys/audios/audio/20220412/16497516767091.wav"
        },
        {
          "text": "替你的生命倒数",
          "link": "//game.gtimg.cn/images/yxzj/zlkdatasys/audios/audio/20220412/16497516916898.wav"
        },
        {
          "text": "死",
          "link": "//game.gtimg.cn/images/yxzj/zlkdatasys/audios/audio/20220412/16497517292314.wav"
        },
        {
          "text": "了无遗憾的离开吧。",
          "link": "//game.gtimg.cn/images/yxzj/zlkdatasys/audios/audio/20220412/16497517454210.wav"
        },
        {
          "text": "在这一点上，你和我，没什么区别。",
          "link": "//game.gtimg.cn/images/yxzj/zlkdatasys/audios/audio/20220915/16632395638554.mp3"
        }
      ],
      "name": "原皮"
    },
    {
      "voice": [
        {
          "text": "我有一双看透迷雾的眼睛。",
          "link": "//game.gtimg.cn/images/yxzj/zlkdatasys/audios/audio/20220412/16497518478838.wav"
        },
        {
          "text": "越矛盾，越真实。",
          "link": "//game.gtimg.cn/images/yxzj/zlkdatasys/audios/audio/20220412/16497518596910.wav"
        },
        {
          "text": "猛兽只与猛兽同行。",
          "link": "//game.gtimg.cn/images/yxzj/zlkdatasys/audios/audio/20220412/16497518761886.wav"
        },
        {
          "text": "世界运行于盲目的热情，唯我崇尚理性。",
          "link": "//game.gtimg.cn/images/yxzj/zlkdatasys/audios/audio/20220412/16497519006139.mp3"
        },
        {
          "text": "有人称魔物啸聚之地为混沌，如无混沌，何来邪魔？",
          "link": "//game.gtimg.cn/images/yxzj/zlkdatasys/audios/audio/20220412/16497519234134.mp3"
        },
        {
          "text": "趋吉避凶，那是弱者的本能。",
          "link": "//game.gtimg.cn/images/yxzj/zlkdatasys/audios/audio/20220412/16497519408543.wav"
        },
        {
          "text": "无论哪个世界，都不缺乏源自无知的恶念。",
          "link": "//game.gtimg.cn/images/yxzj/zlkdatasys/audios/audio/20220412/16497519533445.wav"
        },
        {
          "text": "照见了魔鬼，烧毁了自己。",
          "link": "//game.gtimg.cn/images/yxzj/zlkdatasys/audios/audio/20220412/16497519665928.wav"
        },
        {
          "text": "沉沦此间……",
          "link": "//game.gtimg.cn/images/yxzj/zlkdatasys/audios/audio/20220412/16497519894308.wav"
        },
        {
          "text": "该你了。",
          "link": "//game.gtimg.cn/images/yxzj/zlkdatasys/audios/audio/20220412/16497520095031.wav"
        },
        {
          "text": "醒醒吧！",
          "link": "//game.gtimg.cn/images/yxzj/zlkdatasys/audios/audio/20220412/16497520233732.wav"
        },
        {
          "text": "击碎黑夜的幻象！",
          "link": "//game.gtimg.cn/images/yxzj/zlkdatasys/audios/audio/20220412/16497520362722.wav"
        },
        {
          "text": "痛苦，很快会结束。",
          "link": "//game.gtimg.cn/images/yxzj/zlkdatasys/audios/audio/20220412/16497520507894.wav"
        },
        {
          "text": "行强者驱恶之道！",
          "link": "//game.gtimg.cn/images/yxzj/zlkdatasys/audios/audio/20220412/16497520709530.wav"
        },
        {
          "text": "狂热而无用的斗志。",
          "link": "//game.gtimg.cn/images/yxzj/zlkdatasys/audios/audio/20220412/16497520845582.wav"
        },
        {
          "text": "失礼了。",
          "link": "//game.gtimg.cn/images/yxzj/zlkdatasys/audios/audio/20220412/16497521009648.wav"
        }
      ],
      "name": "驯魔猎人"
    },
    {
      "voice": [
        {
          "text": "你看到的结局，未必是真正的结局。",
          "link": "//game.gtimg.cn/images/yxzj/zlkdatasys/audios/audio/20220414/16499286947483.mp3"
        },
        {
          "text": "我们，会成为很棒的对手。",
          "link": "//game.gtimg.cn/images/yxzj/zlkdatasys/audios/audio/20220414/16499287102849.mp3"
        },
        {
          "text": "唯有夜色，永不落幕。",
          "link": "//game.gtimg.cn/images/yxzj/zlkdatasys/audios/audio/20220414/16499287237340.mp3"
        },
        {
          "text": "不称手的武器，也能在关键时刻救急。",
          "link": "//game.gtimg.cn/images/yxzj/zlkdatasys/audios/audio/20220412/16497522961523.mp3"
        },
        {
          "text": "想想麻烦为什么总找你。",
          "link": "//game.gtimg.cn/images/yxzj/zlkdatasys/audios/audio/20220412/16497523094129.wav"
        },
        {
          "text": "要知道，情报是最有用的工具。",
          "link": "//game.gtimg.cn/images/yxzj/zlkdatasys/audios/audio/20220412/16497523261955.mp3"
        },
        {
          "text": "任务难度决定任务价值。",
          "link": "//game.gtimg.cn/images/yxzj/zlkdatasys/audios/audio/20220412/16497523393373.wav"
        },
        {
          "text": "无人能取代的距离，才是默契。",
          "link": "//game.gtimg.cn/images/yxzj/zlkdatasys/audios/audio/20220412/16497523531159.wav"
        },
        {
          "text": "玫瑰隐含的信息？你知道答案~",
          "link": "//game.gtimg.cn/images/yxzj/zlkdatasys/audios/audio/20220412/16497523665811.wav"
        },
        {
          "text": "情报，有误……",
          "link": "//game.gtimg.cn/images/yxzj/zlkdatasys/audios/audio/20220412/16497523998506.wav"
        },
        {
          "text": "任务目标，锁定击败！",
          "link": "//game.gtimg.cn/images/yxzj/zlkdatasys/audios/audio/20220412/16497524231185.wav"
        },
        {
          "text": "你抢了不属于你的东西。",
          "link": "//game.gtimg.cn/images/yxzj/zlkdatasys/audios/audio/20220412/16497524381188.wav"
        },
        {
          "text": "希望问题都解决了。",
          "link": "//game.gtimg.cn/images/yxzj/zlkdatasys/audios/audio/20220412/16497524546799.wav"
        },
        {
          "text": "一个很弱的目标。",
          "link": "//game.gtimg.cn/images/yxzj/zlkdatasys/audios/audio/20220412/16497524695770.wav"
        },
        {
          "text": "别妄想逃。",
          "link": "//game.gtimg.cn/images/yxzj/zlkdatasys/audios/audio/20220412/16497524842702.wav"
        },
        {
          "text": "无限接近你。",
          "link": "//game.gtimg.cn/images/yxzj/zlkdatasys/audios/audio/20220412/16497524972188.wav"
        },
        {
          "text": "你不会真的以为，能甩掉影子吧？",
          "link": "//game.gtimg.cn/images/yxzj/zlkdatasys/audios/audio/20220428/16511394558699.mp3"
        }
      ],
      "name": "默契交锋"
    },
    {
      "voice": [
        {
          "text": "与暗影为伍，行于生死迷雾",
          "link": "//game.gtimg.cn/images/yxzj/zlkdatasys/audios/audio/20231012/16970960839365.mp3"
        },
        {
          "text": "执念无形，皆化龙鸣",
          "link": "//game.gtimg.cn/images/yxzj/zlkdatasys/audios/audio/20231012/16970961074789.mp3"
        },
        {
          "text": "利刃灭仙，暗影破道",
          "link": "//game.gtimg.cn/images/yxzj/zlkdatasys/audios/audio/20231012/16970961314833.mp3"
        },
        {
          "text": "燃于圣渊的魂灯，如今已寥若晨星",
          "link": "//game.gtimg.cn/images/yxzj/zlkdatasys/audios/audio/20231012/16970785665215.mp3"
        },
        {
          "text": "吾族，化灵源而生",
          "link": "//game.gtimg.cn/images/yxzj/zlkdatasys/audios/audio/20231012/16970785927573.mp3"
        },
        {
          "text": "上古族辈，皆陨落于灵源纷争",
          "link": "//game.gtimg.cn/images/yxzj/zlkdatasys/audios/audio/20231012/16970786173486.mp3"
        },
        {
          "text": "曾睹魂灯灭，曾见魂塔裂",
          "link": "//game.gtimg.cn/images/yxzj/zlkdatasys/audios/audio/20231012/16970786511072.mp3"
        },
        {
          "text": "残息指引，寻踪觅迹",
          "link": "//game.gtimg.cn/images/yxzj/zlkdatasys/audios/audio/20231012/16970786828015.mp3"
        },
        {
          "text": "复仇向仙域，纵死不足惜",
          "link": "//game.gtimg.cn/images/yxzj/zlkdatasys/audios/audio/20231012/16970787082059.mp3"
        },
        {
          "text": "三界不均，便以利刃划新",
          "link": "//game.gtimg.cn/images/yxzj/zlkdatasys/audios/audio/20231012/16970787332109.mp3"
        },
        {
          "text": "万年仇恨，无以消",
          "link": "//game.gtimg.cn/images/yxzj/zlkdatasys/audios/audio/20231012/16970787613175.mp3"
        },
        {
          "text": "恩怨...尚未了结",
          "link": "//game.gtimg.cn/images/yxzj/zlkdatasys/audios/audio/20231012/16970788327311.mp3"
        },
        {
          "text": "碍事",
          "link": "//game.gtimg.cn/images/yxzj/zlkdatasys/audios/audio/20231012/16970788631889.mp3"
        },
        {
          "text": "未经生死，何谈安乐",
          "link": "//game.gtimg.cn/images/yxzj/zlkdatasys/audios/audio/20231012/16970788848217.mp3"
        },
        {
          "text": "斩仙！",
          "link": "//game.gtimg.cn/images/yxzj/zlkdatasys/audios/audio/20231012/16970789141157.mp3"
        },
        {
          "text": "破！",
          "link": "//game.gtimg.cn/images/yxzj/zlkdatasys/audios/audio/20231012/16970789343014.mp3"
        },
        {
          "text": "龙息，指引仇恨！",
          "link": "//game.gtimg.cn/images/yxzj/zlkdatasys/audios/audio/20231012/16970789572948.mp3"
        },
        {
          "text": "别心存侥幸",
          "link": "//game.gtimg.cn/images/yxzj/zlkdatasys/audios/audio/20231012/16970789813016.mp3"
        },
        {
          "text": "天啸龙怒！",
          "link": "//game.gtimg.cn/images/yxzj/zlkdatasys/audios/audio/20231012/16970790197232.mp3"
        },
        {
          "text": "记住黑暗的模样",
          "link": "//game.gtimg.cn/images/yxzj/zlkdatasys/audios/audio/20231012/16970790444252.mp3"
        },
        {
          "text": "行影无踪，潜龙化刃！",
          "link": "//game.gtimg.cn/images/yxzj/zlkdatasys/audios/audio/20231012/16970792294642.mp3"
        },
        {
          "text": "仇恨，也同样相似",
          "link": "//game.gtimg.cn/images/yxzj/zlkdatasys/audios/audio/20231012/16970792825141.mp3"
        }
      ],
      "name": "影龙天霄"
    }
  ]
}