{
  "data": [
    {
      "voice": [
        {
          "text": "教学生，顺便拯救世界。",
          "link": "//game.gtimg.cn/images/yxzj/zlkdatasys/audios/audio/20220412/16497483355192.wav"
        },
        {
          "text": "有朋自远方来，不亦乐乎。",
          "link": "//game.gtimg.cn/images/yxzj/zlkdatasys/audios/audio/20220412/16497483505837.wav"
        },
        {
          "text": "天不生夫子，万古如长夜。说得正是老夫啦呵呵呵呵呵",
          "link": "//game.gtimg.cn/images/yxzj/zlkdatasys/audios/audio/20220412/16497483708745.wav"
        },
        {
          "text": "孔派气功！",
          "link": "//game.gtimg.cn/images/yxzj/zlkdatasys/audios/audio/20220412/16497483939660.wav"
        },
        {
          "text": "收集三千弟子，召唤多少神龙都小菜一碟！",
          "link": "//game.gtimg.cn/images/yxzj/zlkdatasys/audios/audio/20220412/16497484066308.wav"
        },
        {
          "text": "好好教导你什么是尊师重道！",
          "link": "//game.gtimg.cn/images/yxzj/zlkdatasys/audios/audio/20220412/16497484227630.wav"
        },
        {
          "text": "人生如此艰难，对面会输这事儿就不忙拆穿。",
          "link": "//game.gtimg.cn/images/yxzj/zlkdatasys/audios/audio/20220412/16497484491679.wav"
        },
        {
          "text": "老夫所在的地方，就是和平的人间界。",
          "link": "//game.gtimg.cn/images/yxzj/zlkdatasys/audios/audio/20220412/16497484948536.wav"
        },
        {
          "text": "各自的征途，为着同样的守护，老夫甚慰。",
          "link": "//game.gtimg.cn/images/yxzj/zlkdatasys/audios/audio/20220412/16497485076027.wav"
        },
        {
          "text": "和平不再偏安稷下，它终将遍布整个大陆。",
          "link": "//game.gtimg.cn/images/yxzj/zlkdatasys/audios/audio/20220412/16497485265150.wav"
        },
        {
          "text": "希望的钥匙，就在奇迹之间。",
          "link": "//game.gtimg.cn/images/yxzj/zlkdatasys/audios/audio/20220412/16497485409313.wav"
        },
        {
          "text": "老夫年少时，也像他们一样，追随神的意志征战四方。",
          "link": "//game.gtimg.cn/images/yxzj/zlkdatasys/audios/audio/20220412/16497485514141.wav"
        },
        {
          "text": "啊，闪到腰！先撤了！",
          "link": "//game.gtimg.cn/images/yxzj/zlkdatasys/audios/audio/20220412/16497485681716.wav"
        },
        {
          "text": "手滑了一下下~",
          "link": "//game.gtimg.cn/images/yxzj/zlkdatasys/audios/audio/20220412/16497485793973.wav"
        },
        {
          "text": "严师棒下出高徒！",
          "link": "//game.gtimg.cn/images/yxzj/zlkdatasys/audios/audio/20220412/16497485967148.wav"
        },
        {
          "text": "好好学习！",
          "link": "//game.gtimg.cn/images/yxzj/zlkdatasys/audios/audio/20220412/16497486085620.wav"
        },
        {
          "text": "帮你开开窍",
          "link": "//game.gtimg.cn/images/yxzj/zlkdatasys/audios/audio/20220412/16497486698894.wav"
        },
        {
          "text": "我只是个路过的老年人……",
          "link": "//game.gtimg.cn/images/yxzj/zlkdatasys/audios/audio/20220412/16497487525151.wav"
        },
        {
          "text": "唉...没天赋又不努力的结果。",
          "link": "//game.gtimg.cn/images/yxzj/zlkdatasys/audios/audio/20220412/16497487631318.wav"
        },
        {
          "text": "嘿嘿，姜还是老的辣吧。啊，额，虽说老夫还很年轻~",
          "link": "//game.gtimg.cn/images/yxzj/zlkdatasys/audios/audio/20220412/16497487789240.wav"
        },
        {
          "text": "啊哈，长城就交给你啦，守护者。",
          "link": "//game.gtimg.cn/images/yxzj/zlkdatasys/audios/audio/20220412/16497487968912.wav"
        },
        {
          "text": "战争，是为了最后的和平。",
          "link": "//game.gtimg.cn/images/yxzj/zlkdatasys/audios/audio/20220412/16497488095285.wav"
        },
        {
          "text": "和平，将以侠义之名，重生。",
          "link": "//game.gtimg.cn/images/yxzj/zlkdatasys/audios/audio/20220412/16497488228654.wav"
        },
        {
          "text": "战争，需要定时炸弹。而引线，正是在你手中。",
          "link": "//game.gtimg.cn/images/yxzj/zlkdatasys/audios/audio/20220412/16497488355985.wav"
        },
        {
          "text": "你一生寻求的终极，与王者大陆的安宁殊途同归。",
          "link": "//game.gtimg.cn/images/yxzj/zlkdatasys/audios/audio/20220412/16497488531498.wav"
        },
        {
          "text": "最优秀的学生，在哪里都能闪耀。考场也是，战场也是。",
          "link": "//game.gtimg.cn/images/yxzj/zlkdatasys/audios/audio/20220412/16497488725789.wav"
        },
        {
          "text": "激流往进，覆水难收。",
          "link": "//game.gtimg.cn/images/yxzj/zlkdatasys/audios/audio/20220412/16497488955805.wav"
        },
        {
          "text": "未知生，焉知死。",
          "link": "//game.gtimg.cn/images/yxzj/zlkdatasys/audios/audio/20220412/16497489097947.wav"
        },
        {
          "text": "哼，过来挨打。",
          "link": "//game.gtimg.cn/images/yxzj/zlkdatasys/audios/audio/20220428/16511318095192.mp3"
        },
        {
          "text": "停下来这段时间，你想得如何？",
          "link": "//game.gtimg.cn/images/yxzj/zlkdatasys/audios/audio/20221109/16679849481173.mp3"
        },
        {
          "text": "俯目所及，尽是荒芜",
          "link": "//game.gtimg.cn/images/yxzj/zlkdatasys/audios/audio/20221109/16679850411596.mp3"
        },
        {
          "text": "我们从人族而来，至今已上千年矣",
          "link": "//game.gtimg.cn/images/yxzj/zlkdatasys/audios/audio/20221109/16679880717938.mp3"
        },
        {
          "text": "我们无法永远照顾那些孩子，他们终需自己长大",
          "link": "//game.gtimg.cn/images/yxzj/zlkdatasys/audios/audio/20221109/16679862559018.mp3"
        },
        {
          "text": "这个世界，属于新的人族",
          "link": "//game.gtimg.cn/images/yxzj/zlkdatasys/audios/audio/20221109/16679862703210.mp3"
        }
      ],
      "name": "原皮"
    },
    {
      "voice": [
        {
          "text": "冰雪和狂欢与老夫同在~",
          "link": "//game.gtimg.cn/images/yxzj/zlkdatasys/audios/audio/20220412/16497489815894.wav"
        },
        {
          "text": "老夫我有特殊的爬烟囱技巧。",
          "link": "//game.gtimg.cn/images/yxzj/zlkdatasys/audios/audio/20220412/16497490043609.wav"
        },
        {
          "text": "啊哈哈哈，Merry Christmas！",
          "link": "//game.gtimg.cn/images/yxzj/zlkdatasys/audios/audio/20220412/16497490158656.wav"
        },
        {
          "text": "每只袜子都装满礼物，自带除臭效果。",
          "link": "//game.gtimg.cn/images/yxzj/zlkdatasys/audios/audio/20220412/16497490328956.wav"
        },
        {
          "text": "谁偷走了老夫的驯鹿驾照！",
          "link": "//game.gtimg.cn/images/yxzj/zlkdatasys/audios/audio/20220412/16497490472115.wav"
        },
        {
          "text": "钻草丛是没用的！你偷吃的糖纸还扔在路上！",
          "link": "//game.gtimg.cn/images/yxzj/zlkdatasys/audios/audio/20220412/16497490618327.wav"
        },
        {
          "text": "啊~圣诞快递，节日直达，大陆包邮！不能拒收哟~",
          "link": "//game.gtimg.cn/images/yxzj/zlkdatasys/audios/audio/20220412/16497490715393.wav"
        },
        {
          "text": "帅气大胡子红配绿衣装，冬日时尚最时尚",
          "link": "//game.gtimg.cn/images/yxzj/zlkdatasys/audios/audio/20220412/16497490844234.wav"
        },
        {
          "text": "人到礼到~",
          "link": "//game.gtimg.cn/images/yxzj/zlkdatasys/audios/audio/20220412/16497490976404.wav"
        },
        {
          "text": "糖果大派送！",
          "link": "//game.gtimg.cn/images/yxzj/zlkdatasys/audios/audio/20220412/16497491074133.wav"
        },
        {
          "text": "嘿嘿，空降成功！",
          "link": "//game.gtimg.cn/images/yxzj/zlkdatasys/audios/audio/20220412/16497491181180.wav"
        },
        {
          "text": "圣诞特送，请签收！",
          "link": "//game.gtimg.cn/images/yxzj/zlkdatasys/audios/audio/20220412/16497491317214.wav"
        },
        {
          "text": "哈哈哈，惊喜得晕过去吧！",
          "link": "//game.gtimg.cn/images/yxzj/zlkdatasys/audios/audio/20220412/16497491424552.wav"
        },
        {
          "text": "不听话的小孩子，没有糖吃！",
          "link": "//game.gtimg.cn/images/yxzj/zlkdatasys/audios/audio/20220415/16499897057371.mp3"
        }
      ],
      "name": "圣诞老人"
    },
    {
      "voice": [
        {
          "text": "本世纪最伟大的航海家！正是老夫，如假包换～",
          "link": "//game.gtimg.cn/images/yxzj/zlkdatasys/audios/audio/20220418/16502894881660.mp3"
        },
        {
          "text": "漂流荒岛，航海历险记的经典开头~",
          "link": "//game.gtimg.cn/images/yxzj/zlkdatasys/audios/audio/20220415/16499896475045.mp3"
        },
        {
          "text": "时刻准备起锚！偶尔也需要靠岸~",
          "link": "//game.gtimg.cn/images/yxzj/zlkdatasys/audios/audio/20220418/16502895238630.mp3"
        },
        {
          "text": "宝藏什么的，还是交给那些毛头小子吧~",
          "link": "//game.gtimg.cn/images/yxzj/zlkdatasys/audios/audio/20220412/16497495662193.wav"
        },
        {
          "text": "别总想着征服海洋，试试跟它合作~",
          "link": "//game.gtimg.cn/images/yxzj/zlkdatasys/audios/audio/20220412/16497495786468.wav"
        },
        {
          "text": "船到了退休年纪，老夫可没有！",
          "link": "//game.gtimg.cn/images/yxzj/zlkdatasys/audios/audio/20220412/16497495915945.wav"
        },
        {
          "text": "实用的人生道理：接受意外，并且享受它～",
          "link": "//game.gtimg.cn/images/yxzj/zlkdatasys/audios/audio/20220412/16497496264762.wav"
        },
        {
          "text": "有远方，就有希望~",
          "link": "//game.gtimg.cn/images/yxzj/zlkdatasys/audios/audio/20220412/16497496378979.wav"
        },
        {
          "text": "休个长假~",
          "link": "//game.gtimg.cn/images/yxzj/zlkdatasys/audios/audio/20220415/16499895908511.mp3"
        },
        {
          "text": "加速前进！",
          "link": "//game.gtimg.cn/images/yxzj/zlkdatasys/audios/audio/20220412/16497496784784.wav"
        },
        {
          "text": "顺风起航~",
          "link": "//game.gtimg.cn/images/yxzj/zlkdatasys/audios/audio/20220412/16497496918850.wav"
        },
        {
          "text": "该靠岸了！",
          "link": "//game.gtimg.cn/images/yxzj/zlkdatasys/audios/audio/20220412/16497497102546.wav"
        },
        {
          "text": "风浪会让你迷失方向！",
          "link": "//game.gtimg.cn/images/yxzj/zlkdatasys/audios/audio/20220412/16497497242162.wav"
        },
        {
          "text": "目的地，锁定~",
          "link": "//game.gtimg.cn/images/yxzj/zlkdatasys/audios/audio/20220412/16497497377100.wav"
        },
        {
          "text": "哦~鲨鱼今晚准备加餐了~",
          "link": "//game.gtimg.cn/images/yxzj/zlkdatasys/audios/audio/20220412/16497497497704.wav"
        },
        {
          "text": "那艘船的名字，叫自由号",
          "link": "//game.gtimg.cn/images/yxzj/zlkdatasys/audios/audio/20220412/16497497696394.wav"
        },
        {
          "text": "哈哈，你的船归我了！",
          "link": "//game.gtimg.cn/images/yxzj/zlkdatasys/audios/audio/20220412/16497497904615.wav"
        },
        {
          "text": "哦~一个适合写进回忆录的素材~",
          "link": "//game.gtimg.cn/images/yxzj/zlkdatasys/audios/audio/20220412/16497498106115.wav"
        },
        {
          "text": "年轻人，做海盗也要遵守基本美德",
          "link": "//game.gtimg.cn/images/yxzj/zlkdatasys/audios/audio/20220412/16497498281423.wav"
        }
      ],
      "name": "航海奇遇记"
    }
  ]
}