{
  "data": [
    {
      "voice": [
        {
          "text": "大河之剑天上来！",
          "link": "//game.gtimg.cn/images/yxzj/zlkdatasys/audios/audio/20220411/16496561406679.wav"
        },
        {
          "text": "来，干！",
          "link": "//game.gtimg.cn/images/yxzj/zlkdatasys/audios/audio/20220411/16496561521974.wav"
        },
        {
          "text": "今朝有酒今朝醉！",
          "link": "//game.gtimg.cn/images/yxzj/zlkdatasys/audios/audio/20220411/16496561646160.wav"
        },
        {
          "text": "一篇诗，一斗酒，一曲长歌，一剑天涯。",
          "link": "//game.gtimg.cn/images/yxzj/zlkdatasys/audios/audio/20220411/16496562244315.wav"
        },
        {
          "text": "但愿长醉不复醒！",
          "link": "//game.gtimg.cn/images/yxzj/zlkdatasys/audios/audio/20220411/16496562382229.wav"
        },
        {
          "text": "情怀，懂不懂？",
          "link": "//game.gtimg.cn/images/yxzj/zlkdatasys/audios/audio/20220411/16496562521530.wav"
        },
        {
          "text": "哈哈哈~你的顽抗让我诗兴大发！",
          "link": "//game.gtimg.cn/images/yxzj/zlkdatasys/audios/audio/20220411/16496563318222.wav"
        },
        {
          "text": "十步杀一人，千里不留行。",
          "link": "//game.gtimg.cn/images/yxzj/zlkdatasys/audios/audio/20220411/16496563505225.wav"
        },
        {
          "text": "啊，也是醉了！",
          "link": "//game.gtimg.cn/images/yxzj/zlkdatasys/audios/audio/20220411/16496564245503.wav"
        },
        {
          "text": "将进酒，杯莫停！",
          "link": "//game.gtimg.cn/images/yxzj/zlkdatasys/audios/audio/20220411/16496564839325.wav"
        },
        {
          "text": "看剑！",
          "link": "//game.gtimg.cn/images/yxzj/zlkdatasys/audios/audio/20220411/16496564962713.wav"
        },
        {
          "text": "谁能接我一剑？",
          "link": "//game.gtimg.cn/images/yxzj/zlkdatasys/audios/audio/20220411/16496565098899.wav"
        },
        {
          "text": "神来之笔！",
          "link": "//game.gtimg.cn/images/yxzj/zlkdatasys/audios/audio/20220411/16496565229049.wav"
        },
        {
          "text": "新的灵感！",
          "link": "//game.gtimg.cn/images/yxzj/zlkdatasys/audios/audio/20220411/16496565698982.wav"
        },
        {
          "text": "来干！来干！",
          "link": "//game.gtimg.cn/images/yxzj/zlkdatasys/audios/audio/20220411/16496566649551.wav"
        },
        {
          "text": "来干！",
          "link": "//game.gtimg.cn/images/yxzj/zlkdatasys/audios/audio/20220411/16496566777946.wav"
        },
        {
          "text": "金发少女们的梦啊，就要碎在我的剑下",
          "link": "//game.gtimg.cn/images/yxzj/zlkdatasys/audios/audio/20220411/16496574662833.mp3"
        },
        {
          "text": "战争就是这样，不是你死就是我活",
          "link": "//game.gtimg.cn/images/yxzj/zlkdatasys/audios/audio/20220411/16496574834835.mp3"
        },
        {
          "text": "我和我的剑，到此一游！",
          "link": "//game.gtimg.cn/images/yxzj/zlkdatasys/audios/audio/20220411/16496575231066.wav"
        },
        {
          "text": "在我手里，正义从不会迟到半秒",
          "link": "//game.gtimg.cn/images/yxzj/zlkdatasys/audios/audio/20220411/16496575869448.wav"
        },
        {
          "text": "谁与和平为敌，谁先与我一战。",
          "link": "//game.gtimg.cn/images/yxzj/zlkdatasys/audios/audio/20220411/16496575976205.wav"
        },
        {
          "text": "奇迹之旅，永无止境。",
          "link": "//game.gtimg.cn/images/yxzj/zlkdatasys/audios/audio/20220411/16496577028172.wav"
        },
        {
          "text": "逍遥半生酒中意，  一剑碎影向征程",
          "link": "//game.gtimg.cn/images/yxzj/zlkdatasys/audios/audio/20220411/16496577177201.wav"
        },
        {
          "text": "浮生若梦，为欢几何?",
          "link": "//game.gtimg.cn/images/yxzj/zlkdatasys/audios/audio/20221129/16697153476504.mp3"
        },
        {
          "text": "大道如青天，我独不得出。",
          "link": "//game.gtimg.cn/images/yxzj/zlkdatasys/audios/audio/20221129/16697153697921.mp3"
        }
      ],
      "name": "原皮"
    },
    {
      "voice": [
        {
          "text": "凤兮凤兮归故乡，遨游四海求其凰",
          "link": "//game.gtimg.cn/images/yxzj/zlkdatasys/audios/audio/20220411/16496603446217.mp3"
        },
        {
          "text": "邂逅你，是生生世世的宿命",
          "link": "//game.gtimg.cn/images/yxzj/zlkdatasys/audios/audio/20220411/16496603614517.wav"
        },
        {
          "text": "三尺长剑，斩不尽相思情缠",
          "link": "//game.gtimg.cn/images/yxzj/zlkdatasys/audios/audio/20220411/16496603825919.wav"
        },
        {
          "text": "长歌当哭，为君仗剑试天下",
          "link": "//game.gtimg.cn/images/yxzj/zlkdatasys/audios/audio/20220411/16496603956691.wav"
        },
        {
          "text": "永生不过是场幻梦，唯吾所爱不朽",
          "link": "//game.gtimg.cn/images/yxzj/zlkdatasys/audios/audio/20220411/16496604205058.mp3"
        },
        {
          "text": "何以缘起，何以缘灭？当以剑歌问之",
          "link": "//game.gtimg.cn/images/yxzj/zlkdatasys/audios/audio/20220411/16496604429468.mp3"
        },
        {
          "text": "逆了苍天，踏破碧落黄泉",
          "link": "//game.gtimg.cn/images/yxzj/zlkdatasys/audios/audio/20220411/16496604555155.wav"
        },
        {
          "text": "直至地老天荒，独剩你我",
          "link": "//game.gtimg.cn/images/yxzj/zlkdatasys/audios/audio/20220411/16496604683259.wav"
        },
        {
          "text": "为你……买醉",
          "link": "//game.gtimg.cn/images/yxzj/zlkdatasys/audios/audio/20220411/16496604862944.wav"
        },
        {
          "text": "有凤来仪",
          "link": "//game.gtimg.cn/images/yxzj/zlkdatasys/audios/audio/20220411/16496605024185.wav"
        },
        {
          "text": "剑之所至，心之所往",
          "link": "//game.gtimg.cn/images/yxzj/zlkdatasys/audios/audio/20220411/16496605147704.wav"
        },
        {
          "text": "方生方死，方死方生",
          "link": "//game.gtimg.cn/images/yxzj/zlkdatasys/audios/audio/20220411/16496605286018.wav"
        },
        {
          "text": "单身又活得太久是最大的痛苦，我来替你解脱",
          "link": "//game.gtimg.cn/images/yxzj/zlkdatasys/audios/audio/20220411/16496605454931.mp3"
        },
        {
          "text": "有一美人兮，见之不忘，一日不见兮，思之如狂。",
          "link": "//game.gtimg.cn/images/yxzj/zlkdatasys/audios/audio/20220428/16511334286797.mp3"
        }
      ],
      "name": "凤求凰"
    },
    {
      "voice": [
        {
          "text": "旅途永无止境！",
          "link": "//game.gtimg.cn/images/yxzj/zlkdatasys/audios/audio/20220411/16496606427579.wav"
        },
        {
          "text": "可以赶尽，无法杀绝！",
          "link": "//game.gtimg.cn/images/yxzj/zlkdatasys/audios/audio/20220411/16496606544616.wav"
        },
        {
          "text": "时间也抹杀不了颜值！",
          "link": "//game.gtimg.cn/images/yxzj/zlkdatasys/audios/audio/20220411/16496606695881.wav"
        },
        {
          "text": "青丘之民的灵魂不会永远漂泊。因为我在这里。",
          "link": "//game.gtimg.cn/images/yxzj/zlkdatasys/audios/audio/20220411/16496606826976.wav"
        },
        {
          "text": "永恒与霎那间，只隔着我的剑。",
          "link": "//game.gtimg.cn/images/yxzj/zlkdatasys/audios/audio/20220411/16496607074986.wav"
        },
        {
          "text": "是狐不是祸~最近就流行我这样高冷的主角。",
          "link": "//game.gtimg.cn/images/yxzj/zlkdatasys/audios/audio/20220411/16496607211675.wav"
        },
        {
          "text": "狐死必首丘……",
          "link": "//game.gtimg.cn/images/yxzj/zlkdatasys/audios/audio/20220411/16496607493190.wav"
        },
        {
          "text": "一剑霜寒十四州",
          "link": "//game.gtimg.cn/images/yxzj/zlkdatasys/audios/audio/20220411/16496607705214.wav"
        },
        {
          "text": "醉里挑灯看剑",
          "link": "//game.gtimg.cn/images/yxzj/zlkdatasys/audios/audio/20220411/16496607821967.wav"
        },
        {
          "text": "身作方舟，魂渡彼岸",
          "link": "//game.gtimg.cn/images/yxzj/zlkdatasys/audios/audio/20220411/16496607999590.wav"
        },
        {
          "text": "青丘之灵不灭！",
          "link": "//game.gtimg.cn/images/yxzj/zlkdatasys/audios/audio/20220411/16496608115630.wav"
        },
        {
          "text": "狐鸣风萧！",
          "link": "//game.gtimg.cn/images/yxzj/zlkdatasys/audios/audio/20220411/16496608234274.wav"
        },
        {
          "text": "别盯着我的脸走神了，你正在有效的害死队友~~",
          "link": "//game.gtimg.cn/images/yxzj/zlkdatasys/audios/audio/20220411/16496608439645.wav"
        }
      ],
      "name": "千年之狐"
    },
    {
      "voice": [
        {
          "text": "大道如青天，道彰则恶不显，道晦则神剑出。吾名……曳影！",
          "link": "//game.gtimg.cn/images/yxzj/zlkdatasys/audios/audio/20220414/16499304008836.mp3"
        },
        {
          "text": "数据编织的世纪，他们开始重铸剑意……最高指令：人剑合一！",
          "link": "//game.gtimg.cn/images/yxzj/zlkdatasys/audios/audio/20220414/16499304172398.mp3"
        },
        {
          "text": "古有曳影之剑，腾空而舒，克伐四方…...历史，我的源代码",
          "link": "//game.gtimg.cn/images/yxzj/zlkdatasys/audios/audio/20220414/16499304372870.mp3"
        },
        {
          "text": "世间大不平，非我不能消~",
          "link": "//game.gtimg.cn/images/yxzj/zlkdatasys/audios/audio/20220411/16496610739033.wav"
        },
        {
          "text": "我的心可不冷~",
          "link": "//game.gtimg.cn/images/yxzj/zlkdatasys/audios/audio/20220411/16496610872200.wav"
        },
        {
          "text": "谁有不平事？！",
          "link": "//game.gtimg.cn/images/yxzj/zlkdatasys/audios/audio/20220411/16496611009100.wav"
        },
        {
          "text": "无论哪个江湖，都是我的江湖！",
          "link": "//game.gtimg.cn/images/yxzj/zlkdatasys/audios/audio/20220411/16496611148401.wav"
        },
        {
          "text": "古老的剑式，但，依然奏效~",
          "link": "//game.gtimg.cn/images/yxzj/zlkdatasys/audios/audio/20220411/16496611323912.mp3"
        },
        {
          "text": "这里的人们，靠程序执行侠义",
          "link": "//game.gtimg.cn/images/yxzj/zlkdatasys/audios/audio/20220411/16496611501117.mp3"
        },
        {
          "text": "在文字还未成为代码的时代，我们称其为艺术",
          "link": "//game.gtimg.cn/images/yxzj/zlkdatasys/audios/audio/20220411/16496611747154.mp3"
        },
        {
          "text": "事了拂衣去~",
          "link": "//game.gtimg.cn/images/yxzj/zlkdatasys/audios/audio/20220411/16496611956842.mp3"
        },
        {
          "text": "我即是剑。",
          "link": "//game.gtimg.cn/images/yxzj/zlkdatasys/audios/audio/20220411/16496612194914.wav"
        },
        {
          "text": "剑即是我！",
          "link": "//game.gtimg.cn/images/yxzj/zlkdatasys/audios/audio/20220411/16496612436260.wav"
        },
        {
          "text": "曳影——留痕！",
          "link": "//game.gtimg.cn/images/yxzj/zlkdatasys/audios/audio/20220411/16496612649163.wav"
        },
        {
          "text": "此身此心，锋芒如一！",
          "link": "//game.gtimg.cn/images/yxzj/zlkdatasys/audios/audio/20220411/16496612813489.wav"
        },
        {
          "text": "千光残影！",
          "link": "//game.gtimg.cn/images/yxzj/zlkdatasys/audios/audio/20220411/16496613031283.wav"
        },
        {
          "text": "唯快不破！",
          "link": "//game.gtimg.cn/images/yxzj/zlkdatasys/audios/audio/20220411/16496613154203.wav"
        },
        {
          "text": "那真是一段快意时光",
          "link": "//game.gtimg.cn/images/yxzj/zlkdatasys/audios/audio/20220411/16496613481034.wav"
        },
        {
          "text": "时至今日，我还是最欣赏这个外型",
          "link": "//game.gtimg.cn/images/yxzj/zlkdatasys/audios/audio/20220411/16496614036174.mp3"
        },
        {
          "text": "记忆数据，正在加载.",
          "link": "//game.gtimg.cn/images/yxzj/zlkdatasys/audios/audio/20220411/16496614327451.wav"
        },
        {
          "text": "本剑不才，曾以此身破万军",
          "link": "//game.gtimg.cn/images/yxzj/zlkdatasys/audios/audio/20220411/16496614537846.mp3"
        },
        {
          "text": "你的武器编码貌似是被淘汰的版本~",
          "link": "//game.gtimg.cn/images/yxzj/zlkdatasys/audios/audio/20220411/16496614707078.wav"
        },
        {
          "text": "我也想点到为止的~",
          "link": "//game.gtimg.cn/images/yxzj/zlkdatasys/audios/audio/20220411/16496614876007.wav"
        },
        {
          "text": "剑匣破，舞蛟龙！",
          "link": "//game.gtimg.cn/images/yxzj/zlkdatasys/audios/audio/20220411/16496615092151.wav"
        },
        {
          "text": "何方有兵？！待我克伐！",
          "link": "//game.gtimg.cn/images/yxzj/zlkdatasys/audios/audio/20220411/16496615244276.wav"
        },
        {
          "text": "这一剑，黯然销魂……",
          "link": "//game.gtimg.cn/images/yxzj/zlkdatasys/audios/audio/20220411/16496615439134.wav"
        },
        {
          "text": "武器，进化出了新的保养方式",
          "link": "//game.gtimg.cn/images/yxzj/zlkdatasys/audios/audio/20220411/16496615597256.wav"
        },
        {
          "text": "古有言胜不骄，败不馁……哈哈哈本剑千年未尝一败！",
          "link": "//game.gtimg.cn/images/yxzj/zlkdatasys/audios/audio/20220411/16496615799006.mp3"
        },
        {
          "text": "铮铮作响，雄剑挂壁而鸣！",
          "link": "//game.gtimg.cn/images/yxzj/zlkdatasys/audios/audio/20220411/16496615979535.mp3"
        },
        {
          "text": "还不到出鞘的时候！",
          "link": "//game.gtimg.cn/images/yxzj/zlkdatasys/audios/audio/20220411/16496616091037.wav"
        },
        {
          "text": "哦~你也是我剑门中人？",
          "link": "//game.gtimg.cn/images/yxzj/zlkdatasys/audios/audio/20220411/16496616301607.wav"
        },
        {
          "text": "快哉快哉~",
          "link": "//game.gtimg.cn/images/yxzj/zlkdatasys/audios/audio/20220411/16496616496914.mp3"
        },
        {
          "text": "仰天大笑出门去~",
          "link": "//game.gtimg.cn/images/yxzj/zlkdatasys/audios/audio/20220411/16496616664113.wav"
        },
        {
          "text": "一篇佳作~可惜如今无人识得！",
          "link": "//game.gtimg.cn/images/yxzj/zlkdatasys/audios/audio/20220411/16496616877907.mp3"
        }
      ],
      "name": "鸣剑·曳影"
    },
    {
      "voice": [
        {
          "text": "十五日得半卷诗稿，遇墨迹化魂水中。",
          "link": "//game.gtimg.cn/images/yxzj/zlkdatasys/audios/audio/20230110/16733402002442.mp3"
        },
        {
          "text": "一朝有悟，臻至化境。",
          "link": "//game.gtimg.cn/images/yxzj/zlkdatasys/audios/audio/20230110/16733403598893.mp3"
        },
        {
          "text": "神游千山外，化墨入深潭。",
          "link": "//game.gtimg.cn/images/yxzj/zlkdatasys/audios/audio/20230110/16733403969478.mp3"
        },
        {
          "text": "但承青莲有侠志，莫道红尘无剑仙。",
          "link": "//game.gtimg.cn/images/yxzj/zlkdatasys/audios/audio/20230110/16733404189407.mp3"
        },
        {
          "text": "一生疏狂尽余欢，半剖肝胆入剑寒。",
          "link": "//game.gtimg.cn/images/yxzj/zlkdatasys/audios/audio/20230110/16733436745036.wav"
        },
        {
          "text": "剑至高危如蜀道，生逢穷途行路难。",
          "link": "//game.gtimg.cn/images/yxzj/zlkdatasys/audios/audio/20230110/16733437679617.wav"
        },
        {
          "text": "江湖风雨染白衫，黑云万里不见天。",
          "link": "//game.gtimg.cn/images/yxzj/zlkdatasys/audios/audio/20230110/16733437898924.wav"
        },
        {
          "text": "宠辱两相忘，所欲随心安。",
          "link": "//game.gtimg.cn/images/yxzj/zlkdatasys/audios/audio/20230110/16733439214744.wav"
        },
        {
          "text": "形神不随尘世改，日月青冥纷纷化入剑中来。",
          "link": "//game.gtimg.cn/images/yxzj/zlkdatasys/audios/audio/20230110/16733439453575.wav"
        },
        {
          "text": "倾尽绿蚁花尽开，问潭底剑仙安在哉？",
          "link": "//game.gtimg.cn/images/yxzj/zlkdatasys/audios/audio/20230110/16733439661951.wav"
        },
        {
          "text": "昨日前事皆可弃，明月松风抱剑来。",
          "link": "//game.gtimg.cn/images/yxzj/zlkdatasys/audios/audio/20230111/16734066255593.wav"
        },
        {
          "text": "天地逆旅，过客归人……",
          "link": "//game.gtimg.cn/images/yxzj/zlkdatasys/audios/audio/20230111/16734066541369.wav"
        },
        {
          "text": "恩怨随风了无痕。",
          "link": "//game.gtimg.cn/images/yxzj/zlkdatasys/audios/audio/20230111/16734066935259.wav"
        },
        {
          "text": "席卷英豪天下来！",
          "link": "//game.gtimg.cn/images/yxzj/zlkdatasys/audios/audio/20230111/16734067404231.wav"
        },
        {
          "text": "胜败由人，得失在我。",
          "link": "//game.gtimg.cn/images/yxzj/zlkdatasys/audios/audio/20230111/16734068179086.wav"
        },
        {
          "text": "长剑既出，尔等宵小岂敢不退？",
          "link": "//game.gtimg.cn/images/yxzj/zlkdatasys/audios/audio/20230111/16734068424096.wav"
        },
        {
          "text": "吴钩霜雪明。",
          "link": "//game.gtimg.cn/images/yxzj/zlkdatasys/audios/audio/20230111/16734069066605.wav"
        },
        {
          "text": "不惭世上英。",
          "link": "//game.gtimg.cn/images/yxzj/zlkdatasys/audios/audio/20230111/16734069264361.wav"
        },
        {
          "text": "脱剑膝前横。",
          "link": "//game.gtimg.cn/images/yxzj/zlkdatasys/audios/audio/20230111/16734069478715.wav"
        },
        {
          "text": "千古化境一念同。",
          "link": "//game.gtimg.cn/images/yxzj/zlkdatasys/audios/audio/20230111/16734224648452.wav"
        },
        {
          "text": "长风破浪会有时。",
          "link": "//game.gtimg.cn/images/yxzj/zlkdatasys/audios/audio/20230111/16734071694186.wav"
        },
        {
          "text": "仲尼亡兮谁为出涕？",
          "link": "//game.gtimg.cn/images/yxzj/zlkdatasys/audios/audio/20230111/16734071947092.wav"
        },
        {
          "text": "三杯拂剑舞秋月。",
          "link": "//game.gtimg.cn/images/yxzj/zlkdatasys/audios/audio/20230111/16734072199872.wav"
        },
        {
          "text": "万里写入胸怀间。",
          "link": "//game.gtimg.cn/images/yxzj/zlkdatasys/audios/audio/20230111/16734073094592.wav"
        },
        {
          "text": "无奈宫中妒杀人！",
          "link": "//game.gtimg.cn/images/yxzj/zlkdatasys/audios/audio/20230111/16734073354573.wav"
        },
        {
          "text": "弃我去者，昨日之日不可留。",
          "link": "//game.gtimg.cn/images/yxzj/zlkdatasys/audios/audio/20230111/16734073569384.wav"
        },
        {
          "text": "扶摇直上九万里。",
          "link": "//game.gtimg.cn/images/yxzj/zlkdatasys/audios/audio/20230111/16734074034409.wav"
        },
        {
          "text": "凤去台空江自流。",
          "link": "//game.gtimg.cn/images/yxzj/zlkdatasys/audios/audio/20230111/16734074274761.wav"
        },
        {
          "text": "仰天大笑出门去。",
          "link": "//game.gtimg.cn/images/yxzj/zlkdatasys/audios/audio/20230111/16734074534675.wav"
        },
        {
          "text": "谁能书阁下，白首太玄经。",
          "link": "//game.gtimg.cn/images/yxzj/zlkdatasys/audios/audio/20230111/16734074775381.wav"
        }
      ],
      "name": "诗剑行"
    },
    {
      "voice": [
        {
          "text": "不朽造物？形存神灭，不过死物。",
          "link": "//game.gtimg.cn/images/yxzj/zlkdatasys/audios/audio/20240202/17068678784843.mp3"
        },
        {
          "text": "何为天下至美？",
          "link": "//game.gtimg.cn/images/yxzj/zlkdatasys/audios/audio/20240202/17068678994741.mp3"
        },
        {
          "text": "非景、非物、更非不灭幻境，唯世间情、心中意！",
          "link": "//game.gtimg.cn/images/yxzj/zlkdatasys/audios/audio/20240202/17068679133400.mp3"
        },
        {
          "text": "此赴长安，只求逢遇至美之物，至强之剑，至高之诗，增益自身……",
          "link": "//game.gtimg.cn/images/yxzj/zlkdatasys/audios/audio/20240202/17068679294237.mp3"
        },
        {
          "text": "浮华三千，虚妄过眼！",
          "link": "//game.gtimg.cn/images/yxzj/zlkdatasys/audios/audio/20240202/17068679458249.mp3"
        },
        {
          "text": "一山一月总关情。",
          "link": "//game.gtimg.cn/images/yxzj/zlkdatasys/audios/audio/20240202/17068561589745.mp3"
        },
        {
          "text": "流萤易灭，心火长明。",
          "link": "//game.gtimg.cn/images/yxzj/zlkdatasys/audios/audio/20240202/17068561734585.mp3"
        },
        {
          "text": "唯有人心存千古！",
          "link": "//game.gtimg.cn/images/yxzj/zlkdatasys/audios/audio/20240202/17068561874399.mp3"
        },
        {
          "text": "桃花潭水深千尺，不及汪伦送我情。",
          "link": "//game.gtimg.cn/images/yxzj/zlkdatasys/audios/audio/20240202/17068562028055.mp3"
        },
        {
          "text": "无令长相思，折断杨柳枝。",
          "link": "//game.gtimg.cn/images/yxzj/zlkdatasys/audios/audio/20240202/17068562226068.mp3"
        },
        {
          "text": "千金不换腰间壶！",
          "link": "//game.gtimg.cn/images/yxzj/zlkdatasys/audios/audio/20240202/17068562383235.mp3"
        },
        {
          "text": "水云长天处，迢迢游子心。",
          "link": "//game.gtimg.cn/images/yxzj/zlkdatasys/audios/audio/20240202/17068562771688.mp3"
        },
        {
          "text": "月出峨眉照沧海，与人万里长相随。",
          "link": "//game.gtimg.cn/images/yxzj/zlkdatasys/audios/audio/20240202/17068562932065.mp3"
        },
        {
          "text": "碧水浩浩云茫茫，美人不来空断肠。",
          "link": "//game.gtimg.cn/images/yxzj/zlkdatasys/audios/audio/20240202/17068563095934.mp3"
        },
        {
          "text": "浮云游子意，落日故人情。",
          "link": "//game.gtimg.cn/images/yxzj/zlkdatasys/audios/audio/20240202/17068563247837.mp3"
        },
        {
          "text": "万里送行舟！",
          "link": "//game.gtimg.cn/images/yxzj/zlkdatasys/audios/audio/20240202/17068563495281.mp3"
        },
        {
          "text": "我醉欲眠卿且去……",
          "link": "//game.gtimg.cn/images/yxzj/zlkdatasys/audios/audio/20240202/17068563654155.mp3"
        },
        {
          "text": "美则美矣，了无生气~",
          "link": "//game.gtimg.cn/images/yxzj/zlkdatasys/audios/audio/20240202/17068565753132.mp3"
        },
        {
          "text": "世间好物，过我眼，即我有。",
          "link": "//game.gtimg.cn/images/yxzj/zlkdatasys/audios/audio/20240202/17068565943252.mp3"
        },
        {
          "text": "似真似幻，皆为大梦一场！",
          "link": "//game.gtimg.cn/images/yxzj/zlkdatasys/audios/audio/20240202/17068566147944.mp3"
        },
        {
          "text": "如坠梦中……方觉醒。",
          "link": "//game.gtimg.cn/images/yxzj/zlkdatasys/audios/audio/20240202/17068566328362.mp3"
        },
        {
          "text": "此情此景，当赋诗一首！",
          "link": "//game.gtimg.cn/images/yxzj/zlkdatasys/audios/audio/20240202/17068566504085.mp3"
        },
        {
          "text": "雨打灯难灭，风吹色更明。若飞天上去，定作月边星。",
          "link": "//game.gtimg.cn/images/yxzj/zlkdatasys/audios/audio/20240202/17068566725245.mp3"
        },
        {
          "text": "寄情天地间。",
          "link": "//game.gtimg.cn/images/yxzj/zlkdatasys/audios/audio/20240202/17068566956387.mp3"
        },
        {
          "text": "来去皆留意。",
          "link": "//game.gtimg.cn/images/yxzj/zlkdatasys/audios/audio/20240202/17068567108201.mp3"
        },
        {
          "text": "曲水记流觞。",
          "link": "//game.gtimg.cn/images/yxzj/zlkdatasys/audios/audio/20240202/17068567299704.mp3"
        },
        {
          "text": "浮光山水乱人心！",
          "link": "//game.gtimg.cn/images/yxzj/zlkdatasys/audios/audio/20240202/17068567444070.mp3"
        },
        {
          "text": "此间久莫留！",
          "link": "//game.gtimg.cn/images/yxzj/zlkdatasys/audios/audio/20240202/17068567947182.mp3"
        },
        {
          "text": "一剑破幻相！",
          "link": "//game.gtimg.cn/images/yxzj/zlkdatasys/audios/audio/20240202/17068568169743.mp3"
        },
        {
          "text": "莫使尘心恋虚华。",
          "link": "//game.gtimg.cn/images/yxzj/zlkdatasys/audios/audio/20240202/17068568328607.mp3"
        },
        {
          "text": "此剑……千人同心而铸。",
          "link": "//game.gtimg.cn/images/yxzj/zlkdatasys/audios/audio/20240202/17068568829721.mp3"
        },
        {
          "text": "莫怪无心恋清境！",
          "link": "//game.gtimg.cn/images/yxzj/zlkdatasys/audios/audio/20240202/17068569014058.mp3"
        },
        {
          "text": "长歌当哭，远望当归。",
          "link": "//game.gtimg.cn/images/yxzj/zlkdatasys/audios/audio/20240202/17068569199128.mp3"
        },
        {
          "text": "此情依依待追忆！",
          "link": "//game.gtimg.cn/images/yxzj/zlkdatasys/audios/audio/20240202/17068569354802.mp3"
        },
        {
          "text": "与尔同销万古愁！",
          "link": "//game.gtimg.cn/images/yxzj/zlkdatasys/audios/audio/20240202/17068569524811.mp3"
        },
        {
          "text": "不惜草木，何怜众生？",
          "link": "//game.gtimg.cn/images/yxzj/zlkdatasys/audios/audio/20240202/17068569739752.mp3"
        },
        {
          "text": "天下至美，在天下，不在方外。",
          "link": "//game.gtimg.cn/images/yxzj/zlkdatasys/audios/audio/20240202/17068569894799.mp3"
        },
        {
          "text": "欲上青天——揽明月！",
          "link": "//game.gtimg.cn/images/yxzj/zlkdatasys/audios/audio/20240202/17068570066266.mp3"
        },
        {
          "text": "尽美尽善，当如此！",
          "link": "//game.gtimg.cn/images/yxzj/zlkdatasys/audios/audio/20240202/17068570223770.mp3"
        },
        {
          "text": "壶中自有天地长！",
          "link": "//game.gtimg.cn/images/yxzj/zlkdatasys/audios/audio/20240202/17068570384597.mp3"
        },
        {
          "text": "惊波动连山，拔剑曳雷电。",
          "link": "//game.gtimg.cn/images/yxzj/zlkdatasys/audios/audio/20240202/17068570561290.mp3"
        }
      ],
      "name": "碎月剑心"
    }
  ]
}
