{
  "data": [
    {
      "voice": [
        {
          "text": "不客观的说，我是个好人！",
          "link": "//game.gtimg.cn/images/yxzj/zlkdatasys/audios/audio/20220408/16493884775591.wav"
        },
        {
          "text": "从不 伤天害理，偶尔拆塔收割",
          "link": "//game.gtimg.cn/images/yxzj/zlkdatasys/audios/audio/20220408/16493885135490.wav"
        },
        {
          "text": "没有永恒的朋友，只有永恒的利益！",
          "link": "//game.gtimg.cn/images/yxzj/zlkdatasys/audios/audio/20220408/16493885418709.wav"
        },
        {
          "text": "个子矮就别怪我多踩两脚！",
          "link": "//game.gtimg.cn/images/yxzj/zlkdatasys/audios/audio/20220408/16493885576896.wav"
        },
        {
          "text": "良心是什么，能吃吗？",
          "link": "//game.gtimg.cn/images/yxzj/zlkdatasys/audios/audio/20220408/16493885708445.wav"
        },
        {
          "text": "能群殴，何必单挑呢。",
          "link": "//game.gtimg.cn/images/yxzj/zlkdatasys/audios/audio/20220408/16493897581858.wav"
        },
        {
          "text": "有时候想活命，就得以毒攻毒。",
          "link": "//game.gtimg.cn/images/yxzj/zlkdatasys/audios/audio/20220408/16493897708169.wav"
        },
        {
          "text": "唉，简直无情……",
          "link": "//game.gtimg.cn/images/yxzj/zlkdatasys/audios/audio/20220408/16493898415798.wav"
        },
        {
          "text": "春风吹又生，斩草要除根~",
          "link": "//game.gtimg.cn/images/yxzj/zlkdatasys/audios/audio/20220408/16493899547409.wav"
        },
        {
          "text": "认命吧！",
          "link": "//game.gtimg.cn/images/yxzj/zlkdatasys/audios/audio/20220408/16493899701805.wav"
        },
        {
          "text": "哈哈，尖叫，不要停",
          "link": "//game.gtimg.cn/images/yxzj/zlkdatasys/audios/audio/20220408/16493899824536.wav"
        },
        {
          "text": "出局~",
          "link": "//game.gtimg.cn/images/yxzj/zlkdatasys/audios/audio/20220408/16493901306909.wav"
        },
        {
          "text": "哟 好人一路平安~",
          "link": "//game.gtimg.cn/images/yxzj/zlkdatasys/audios/audio/20220408/16493901427952.wav"
        }
      ],
      "name": "原皮"
    },
    {
      "voice": [
        {
          "text": "伯爵我又回来了！",
          "link": "//game.gtimg.cn/images/yxzj/zlkdatasys/audios/audio/20220408/16493902227246.wav"
        },
        {
          "text": "唯一缺点是太过完美！",
          "link": "//game.gtimg.cn/images/yxzj/zlkdatasys/audios/audio/20220408/16493902343021.wav"
        },
        {
          "text": "用少女们最爱的面目登场！",
          "link": "//game.gtimg.cn/images/yxzj/zlkdatasys/audios/audio/20220408/16493902472271.wav"
        },
        {
          "text": "人类心中还有贪婪，我就不可能被消灭！",
          "link": "//game.gtimg.cn/images/yxzj/zlkdatasys/audios/audio/20220408/16493902611049.wav"
        },
        {
          "text": "导致灭亡的不是吸血鬼，而是人类自己！",
          "link": "//game.gtimg.cn/images/yxzj/zlkdatasys/audios/audio/20220408/16493902747816.wav"
        },
        {
          "text": "越是拒绝，越想吃掉你！教廷的家伙！",
          "link": "//game.gtimg.cn/images/yxzj/zlkdatasys/audios/audio/20220408/16493902885683.wav"
        },
        {
          "text": "我一点都不挑食。",
          "link": "//game.gtimg.cn/images/yxzj/zlkdatasys/audios/audio/20220408/16493903016439.wav"
        },
        {
          "text": "饥饿，恩，最棒的调料！",
          "link": "//game.gtimg.cn/images/yxzj/zlkdatasys/audios/audio/20220408/16493903147493.wav"
        },
        {
          "text": "回家罗~",
          "link": "//game.gtimg.cn/images/yxzj/zlkdatasys/audios/audio/20220408/16493903302317.wav"
        },
        {
          "text": "真正的贵族",
          "link": "//game.gtimg.cn/images/yxzj/zlkdatasys/audios/audio/20220408/16493904095737.wav"
        },
        {
          "text": "听过我的恐怖故事吗？",
          "link": "//game.gtimg.cn/images/yxzj/zlkdatasys/audios/audio/20220408/16493904235228.wav"
        },
        {
          "text": "啊，长生的滋味",
          "link": "//game.gtimg.cn/images/yxzj/zlkdatasys/audios/audio/20220408/16493904382433.wav"
        },
        {
          "text": "告别黎明吧！",
          "link": "//game.gtimg.cn/images/yxzj/zlkdatasys/audios/audio/20220408/16493904603657.wav"
        },
        {
          "text": "显然，你们忘了替自己的信仰充值。",
          "link": "//game.gtimg.cn/images/yxzj/zlkdatasys/audios/audio/20220408/16493904749793.wav"
        }
      ],
      "name": "德古拉伯爵"
    }
  ]
}