{
  "data": [
    {
      "voice": [
        {
          "text": "蓉城是我家，老爹最伟大！",
          "link": "//game.gtimg.cn/images/yxzj/zlkdatasys/audios/audio/20220412/16497762515157.wav"
        },
        {
          "text": "小小少年，没有烦恼，万事都有老爹罩~~",
          "link": "//game.gtimg.cn/images/yxzj/zlkdatasys/audios/audio/20220412/16497762655042.wav"
        },
        {
          "text": "身高，那是禁句！",
          "link": "//game.gtimg.cn/images/yxzj/zlkdatasys/audios/audio/20220412/16497763138906.wav"
        },
        {
          "text": "聒噪的老头子们！闭嘴！",
          "link": "//game.gtimg.cn/images/yxzj/zlkdatasys/audios/audio/20220412/16497763335838.wav"
        },
        {
          "text": "被追着轰的滋味爽吗？",
          "link": "//game.gtimg.cn/images/yxzj/zlkdatasys/audios/audio/20220412/16497763468181.wav"
        },
        {
          "text": "你颤抖的样子好好玩！哇哈哈哈哈哈",
          "link": "//game.gtimg.cn/images/yxzj/zlkdatasys/audios/audio/20220412/16497763587935.wav"
        },
        {
          "text": "坐稳罗！初号机，开启暴走状态！",
          "link": "//game.gtimg.cn/images/yxzj/zlkdatasys/audios/audio/20220412/16497763857245.wav"
        },
        {
          "text": "路边草丛开，不踩白不踩~嘿嘿嘿",
          "link": "//game.gtimg.cn/images/yxzj/zlkdatasys/audios/audio/20220412/16497764286115.wav"
        },
        {
          "text": "呃，老爹都没打过我……",
          "link": "//game.gtimg.cn/images/yxzj/zlkdatasys/audios/audio/20220412/16497764492986.wav"
        },
        {
          "text": "蓉城小霸王，威力无穷！",
          "link": "//game.gtimg.cn/images/yxzj/zlkdatasys/audios/audio/20220412/16497764686552.wav"
        },
        {
          "text": "少爷我从不坑爹！",
          "link": "//game.gtimg.cn/images/yxzj/zlkdatasys/audios/audio/20220412/16497765041212.wav"
        },
        {
          "text": "打脸，piapiapia",
          "link": "//game.gtimg.cn/images/yxzj/zlkdatasys/audios/audio/20220412/16497765215518.wav"
        },
        {
          "text": "少爷我也是有尊严的！",
          "link": "//game.gtimg.cn/images/yxzj/zlkdatasys/audios/audio/20220412/16497765374477.wav"
        },
        {
          "text": "希望我踩油门呢，还是踩刹车呢？哈哈哈哈",
          "link": "//game.gtimg.cn/images/yxzj/zlkdatasys/audios/audio/20220412/16497765594901.wav"
        },
        {
          "text": "好，好可爱！这就是……初恋的感觉吗……",
          "link": "//game.gtimg.cn/images/yxzj/zlkdatasys/audios/audio/20220412/16497765797994.wav"
        }
      ],
      "name": "原皮"
    },
    {
      "voice": [
        {
          "text": "Everybody dance now！",
          "link": "//game.gtimg.cn/images/yxzj/zlkdatasys/audios/audio/20220415/16499936808137.mp3"
        },
        {
          "text": "不来个开场舞吗？",
          "link": "//game.gtimg.cn/images/yxzj/zlkdatasys/audios/audio/20220415/16499937025103.mp3"
        },
        {
          "text": "一杯敬今夜，一杯敬老爹~",
          "link": "//game.gtimg.cn/images/yxzj/zlkdatasys/audios/audio/20220415/16499937145837.mp3"
        },
        {
          "text": "熊猫号，要学着不再讨厌人群啊。",
          "link": "//game.gtimg.cn/images/yxzj/zlkdatasys/audios/audio/20220412/16497760028053.wav"
        },
        {
          "text": "微笑是种风度。",
          "link": "//game.gtimg.cn/images/yxzj/zlkdatasys/audios/audio/20220412/16497760158745.wav"
        },
        {
          "text": "展示一下红和蓝的经典配色~",
          "link": "//game.gtimg.cn/images/yxzj/zlkdatasys/audios/audio/20220412/16497760315478.wav"
        },
        {
          "text": "绅士守则第一条，不许提身高！",
          "link": "//game.gtimg.cn/images/yxzj/zlkdatasys/audios/audio/20220412/16497760485645.wav"
        },
        {
          "text": "朋友再见……",
          "link": "//game.gtimg.cn/images/yxzj/zlkdatasys/audios/audio/20220412/16497760697294.wav"
        },
        {
          "text": "别客气，捧场是基本礼仪~",
          "link": "//game.gtimg.cn/images/yxzj/zlkdatasys/audios/audio/20220412/16497760998800.wav"
        },
        {
          "text": "party time！",
          "link": "//game.gtimg.cn/images/yxzj/zlkdatasys/audios/audio/20220412/16497761134016.wav"
        },
        {
          "text": "恶作剧有时也会失控！",
          "link": "//game.gtimg.cn/images/yxzj/zlkdatasys/audios/audio/20220412/16497761272733.wav"
        },
        {
          "text": "少爷我从不给老爹拆台~",
          "link": "//game.gtimg.cn/images/yxzj/zlkdatasys/audios/audio/20220412/16497761423562.wav"
        },
        {
          "text": "选一种你喜欢的方式退场吧！",
          "link": "//game.gtimg.cn/images/yxzj/zlkdatasys/audios/audio/20220412/16497761675187.wav"
        },
        {
          "text": "少爷我需要认识你吗？",
          "link": "//game.gtimg.cn/images/yxzj/zlkdatasys/audios/audio/20220412/16497761836507.wav"
        }
      ],
      "name": "绅士熊猫"
    },
    {
      "voice": [
        {
          "text": "最坚实的防守屏障！",
          "link": "//game.gtimg.cn/images/yxzj/zlkdatasys/audios/audio/20220412/16497753194612.wav"
        },
        {
          "text": "喊一声必胜，你敢追随吗？",
          "link": "//game.gtimg.cn/images/yxzj/zlkdatasys/audios/audio/20220412/16497753323702.wav"
        },
        {
          "text": "千万人中，我听见你的声音在呼唤！",
          "link": "//game.gtimg.cn/images/yxzj/zlkdatasys/audios/audio/20220412/16497753449498.wav"
        },
        {
          "text": "我和你，如同梦想与梦想的相遇~",
          "link": "//game.gtimg.cn/images/yxzj/zlkdatasys/audios/audio/20220412/16497753619391.wav"
        },
        {
          "text": "随着年岁，由小变大。他的烦恼增加啦~",
          "link": "//game.gtimg.cn/images/yxzj/zlkdatasys/audios/audio/20220412/16497753743809.mp3"
        },
        {
          "text": "决胜时刻，取决于啦啦队的BGM！",
          "link": "//game.gtimg.cn/images/yxzj/zlkdatasys/audios/audio/20220412/16497753883324.mp3"
        },
        {
          "text": "最近的球场很怪，有人踢着球就变成了狮子。",
          "link": "//game.gtimg.cn/images/yxzj/zlkdatasys/audios/audio/20220412/16497754001612.mp3"
        },
        {
          "text": "有点包袱的偶像，才会有点重量。",
          "link": "//game.gtimg.cn/images/yxzj/zlkdatasys/audios/audio/20220412/16497754143242.mp3"
        },
        {
          "text": "我，就是球门的第四堵墙！",
          "link": "//game.gtimg.cn/images/yxzj/zlkdatasys/audios/audio/20220412/16497754328596.wav"
        },
        {
          "text": "精准拦截！",
          "link": "//game.gtimg.cn/images/yxzj/zlkdatasys/audios/audio/20220412/16497754445478.wav"
        },
        {
          "text": "热身而已！",
          "link": "//game.gtimg.cn/images/yxzj/zlkdatasys/audios/audio/20220412/16497754604640.wav"
        },
        {
          "text": "都冲着我来，是要签名吗。",
          "link": "//game.gtimg.cn/images/yxzj/zlkdatasys/audios/audio/20220412/16497754747361.wav"
        },
        {
          "text": "今后....只能拍电影了.....",
          "link": "//game.gtimg.cn/images/yxzj/zlkdatasys/audios/audio/20220412/16497754893934.mp3"
        }
      ],
      "name": "天才门将"
    },
    {
      "voice": [
        {
          "text": "敌方防御塔——违章建筑，通通拆掉！",
          "link": "//game.gtimg.cn/images/yxzj/zlkdatasys/audios/audio/20220412/16497755653281.mp3"
        },
        {
          "text": "破坏，是为了建设！",
          "link": "//game.gtimg.cn/images/yxzj/zlkdatasys/audios/audio/20220412/16497755802477.wav"
        },
        {
          "text": "给我站住！你有损市容！",
          "link": "//game.gtimg.cn/images/yxzj/zlkdatasys/audios/audio/20220412/16497756002483.wav"
        },
        {
          "text": "大人的城市太丑了！来建一座只属于孩子的乐园~",
          "link": "//game.gtimg.cn/images/yxzj/zlkdatasys/audios/audio/20220412/16497756186520.mp3"
        },
        {
          "text": "在战斗开始前，你永远不知道自己面对的是挖掘机，还是变形金刚",
          "link": "//game.gtimg.cn/images/yxzj/zlkdatasys/audios/audio/20220412/16497756341253.mp3"
        },
        {
          "text": "聪明的兔子都有三个窟，小兔兔，你想挖几个？",
          "link": "//game.gtimg.cn/images/yxzj/zlkdatasys/audios/audio/20220412/16497756526634.mp3"
        },
        {
          "text": "——老爹！我不是故意弄坏你的新车……",
          "link": "//game.gtimg.cn/images/yxzj/zlkdatasys/audios/audio/20220412/16497756691345.mp3"
        },
        {
          "text": "自己挖坑自己躺……",
          "link": "//game.gtimg.cn/images/yxzj/zlkdatasys/audios/audio/20220412/16497756869384.mp3"
        },
        {
          "text": "哈哈，入土为安！",
          "link": "//game.gtimg.cn/images/yxzj/zlkdatasys/audios/audio/20220412/16497757177804.wav"
        },
        {
          "text": "改造你？有难度。",
          "link": "//game.gtimg.cn/images/yxzj/zlkdatasys/audios/audio/20220412/16497757365353.mp3"
        },
        {
          "text": "来，重装一下~",
          "link": "//game.gtimg.cn/images/yxzj/zlkdatasys/audios/audio/20220412/16497757587901.wav"
        },
        {
          "text": "检修时间到！",
          "link": "//game.gtimg.cn/images/yxzj/zlkdatasys/audios/audio/20220412/16497757763311.wav"
        },
        {
          "text": "掘地三尺！",
          "link": "//game.gtimg.cn/images/yxzj/zlkdatasys/audios/audio/20220412/16497757911878.wav"
        },
        {
          "text": "见识一下，基建狂魔的力量~",
          "link": "//game.gtimg.cn/images/yxzj/zlkdatasys/audios/audio/20220412/16497758086255.mp3"
        }
      ],
      "name": "秘密基地"
    },
    {
      "voice": [
        {
          "text": "爆裂旋风，击碎全场！",
          "link": "//game.gtimg.cn/images/yxzj/zlkdatasys/audios/audio/20230615/16867994186373.mp3"
        },
        {
          "text": "竞速有什么意思，这可是格斗游戏！Bang！",
          "link": "//game.gtimg.cn/images/yxzj/zlkdatasys/audios/audio/20230615/16867994551218.mp3"
        },
        {
          "text": "最炫酷的车手，值得一个最拉风的亮相~",
          "link": "//game.gtimg.cn/images/yxzj/zlkdatasys/audios/audio/20230615/16867994862160.mp3"
        },
        {
          "text": "爆裂小旋风，不飚寻常路～",
          "link": "//game.gtimg.cn/images/yxzj/zlkdatasys/audios/audio/20230614/16867340096320.mp3"
        },
        {
          "text": "天才从不在意游戏规则，它只能束缚那些呆头呆脑的家伙~",
          "link": "//game.gtimg.cn/images/yxzj/zlkdatasys/audios/audio/20230614/16867340393443.mp3"
        },
        {
          "text": "谁先松开油门，谁就是低等赛车手！",
          "link": "//game.gtimg.cn/images/yxzj/zlkdatasys/audios/audio/20230614/16867340688352.mp3"
        },
        {
          "text": "怎么还不出系列新作，到底是谁还在买这个游戏啊？",
          "link": "//game.gtimg.cn/images/yxzj/zlkdatasys/audios/audio/20230614/16867340918571.mp3"
        },
        {
          "text": "出厂设置决定能力下限，天才如我当然要突破极限！",
          "link": "//game.gtimg.cn/images/yxzj/zlkdatasys/audios/audio/20230614/16867341172917.mp3"
        },
        {
          "text": "我和冰块脸只有一点点差距，身高的差距！",
          "link": "//game.gtimg.cn/images/yxzj/zlkdatasys/audios/audio/20230614/16867341638276.mp3"
        },
        {
          "text": "偷偷改装一下载具，应该不会被玩家发现吧？",
          "link": "//game.gtimg.cn/images/yxzj/zlkdatasys/audios/audio/20230614/16867341866461.mp3"
        },
        {
          "text": "网络状况不稳定，游戏体验可能受到影响。",
          "link": "//game.gtimg.cn/images/yxzj/zlkdatasys/audios/audio/20230615/16867995137851.mp3"
        },
        {
          "text": "呃啊，这该死的香蕉皮……",
          "link": "//game.gtimg.cn/images/yxzj/zlkdatasys/audios/audio/20230614/16867342732016.mp3"
        },
        {
          "text": "弯道超车！",
          "link": "//game.gtimg.cn/images/yxzj/zlkdatasys/audios/audio/20230614/16867343158539.mp3"
        },
        {
          "text": "你们随便跑，能到终点算我输。",
          "link": "//game.gtimg.cn/images/yxzj/zlkdatasys/audios/audio/20230614/16867343388224.mp3"
        },
        {
          "text": "漩涡增压！",
          "link": "//game.gtimg.cn/images/yxzj/zlkdatasys/audios/audio/20230614/16867344594995.mp3"
        },
        {
          "text": "友情粉碎拳！",
          "link": "//game.gtimg.cn/images/yxzj/zlkdatasys/audios/audio/20230614/16867344898740.mp3"
        },
        {
          "text": "你跑不掉啦！",
          "link": "//game.gtimg.cn/images/yxzj/zlkdatasys/audios/audio/20230614/16867345095952.mp3"
        },
        {
          "text": "我来抓你咯！",
          "link": "//game.gtimg.cn/images/yxzj/zlkdatasys/audios/audio/20230614/16867345483423.mp3"
        },
        {
          "text": "欧拉欧拉！",
          "link": "//game.gtimg.cn/images/yxzj/zlkdatasys/audios/audio/20230614/16867345713508.mp3"
        },
        {
          "text": "龙卷冲锋，效果拔群！",
          "link": "//game.gtimg.cn/images/yxzj/zlkdatasys/audios/audio/20230614/16867345926389.mp3"
        },
        {
          "text": "每天一个抄近道小技巧~",
          "link": "//game.gtimg.cn/images/yxzj/zlkdatasys/audios/audio/20230614/16867346971393.mp3"
        },
        {
          "text": "呜呼！更新战绩：203比202！",
          "link": "//game.gtimg.cn/images/yxzj/zlkdatasys/audios/audio/20230614/16867347539858.mp3"
        },
        {
          "text": "呀吼！勇者我今天斗的就是恶龙！",
          "link": "//game.gtimg.cn/images/yxzj/zlkdatasys/audios/audio/20230614/16867347803231.mp3"
        },
        {
          "text": "喂，铁家伙，要不要试试我的车？",
          "link": "//game.gtimg.cn/images/yxzj/zlkdatasys/audios/audio/20230614/16867348062717.mp3"
        },
        {
          "text": "也不知道玩家是怎么想的。",
          "link": "//game.gtimg.cn/images/yxzj/zlkdatasys/audios/audio/20230614/16867348421178.mp3"
        },
        {
          "text": "嗨~对面的女孩，要搭顺风车吗？",
          "link": "//game.gtimg.cn/images/yxzj/zlkdatasys/audios/audio/20230614/16867348816536.mp3"
        },
        {
          "text": "哟，雷克斯。",
          "link": "//game.gtimg.cn/images/yxzj/zlkdatasys/audios/audio/20230614/16867349286472.mp3"
        },
        {
          "text": "知道啦，雷克斯。",
          "link": "//game.gtimg.cn/images/yxzj/zlkdatasys/audios/audio/20230614/16867349512632.mp3"
        },
        {
          "text": "不许叫我小子！要叫我爆裂旋风的主宰大人！",
          "link": "//game.gtimg.cn/images/yxzj/zlkdatasys/audios/audio/20230614/16867349784561.mp3"
        },
        {
          "text": "是障碍物先撞到我的拳头的！",
          "link": "//game.gtimg.cn/images/yxzj/zlkdatasys/audios/audio/20230615/16867995436507.mp3"
        }
      ],
      "name": "电玩·爆裂旋风"
    }
  ]
}