{
  "data": [
    {
      "voice": [
        {
          "text": "机关是数字的哲学。",
          "link": "//game.gtimg.cn/images/yxzj/zlkdatasys/audios/audio/20220415/16499996597125.mp3"
        },
        {
          "text": "真理是时间的孩子。",
          "link": "//game.gtimg.cn/images/yxzj/zlkdatasys/audios/audio/20220415/16499996713057.mp3"
        },
        {
          "text": "人无法两次重现同一份杰作。",
          "link": "//game.gtimg.cn/images/yxzj/zlkdatasys/audios/audio/20220415/16499996831674.mp3"
        },
        {
          "text": "无需追问真理会把我们领到哪儿去。",
          "link": "//game.gtimg.cn/images/yxzj/zlkdatasys/audios/audio/20220412/16497357182797.wav"
        },
        {
          "text": "这片峡谷有许多疑点尚待研究。",
          "link": "//game.gtimg.cn/images/yxzj/zlkdatasys/audios/audio/20220412/16497357327257.wav"
        },
        {
          "text": "真理早已为胜利者绘好了蓝图。",
          "link": "//game.gtimg.cn/images/yxzj/zlkdatasys/audios/audio/20220412/16497357441359.wav"
        },
        {
          "text": "水晶内部的空间翘曲猜想……美妙的假设。",
          "link": "//game.gtimg.cn/images/yxzj/zlkdatasys/audios/audio/20220412/16497357596259.wav"
        },
        {
          "text": "快点解决战斗吧，我还要回实验室拼模型。",
          "link": "//game.gtimg.cn/images/yxzj/zlkdatasys/audios/audio/20220412/16497359207471.wav"
        },
        {
          "text": "别被对面的野蛮人左右，我们的武器是头脑。",
          "link": "//game.gtimg.cn/images/yxzj/zlkdatasys/audios/audio/20220412/16497359552450.wav"
        },
        {
          "text": "没有战斗，我只是在攻克科学堡垒。",
          "link": "//game.gtimg.cn/images/yxzj/zlkdatasys/audios/audio/20220412/16497359746041.wav"
        },
        {
          "text": "战斗与科研一样，都需要特殊的勇敢。",
          "link": "//game.gtimg.cn/images/yxzj/zlkdatasys/audios/audio/20220412/16497360007802.wav"
        },
        {
          "text": "拥抱理性。",
          "link": "//game.gtimg.cn/images/yxzj/zlkdatasys/audios/audio/20220412/16497360137975.wav"
        },
        {
          "text": "情绪是最大的敌人。",
          "link": "//game.gtimg.cn/images/yxzj/zlkdatasys/audios/audio/20220412/16497360241849.wav"
        },
        {
          "text": "我总听到有人对我喊6，是因为这6支机械臂吗？",
          "link": "//game.gtimg.cn/images/yxzj/zlkdatasys/audios/audio/20220412/16497360479575.wav"
        },
        {
          "text": "陷入沉思……",
          "link": "//game.gtimg.cn/images/yxzj/zlkdatasys/audios/audio/20220412/16497392349360.wav"
        },
        {
          "text": "过载运转。",
          "link": "//game.gtimg.cn/images/yxzj/zlkdatasys/audios/audio/20220412/16497392496217.wav"
        },
        {
          "text": "哎...一次失败的迭代。",
          "link": "//game.gtimg.cn/images/yxzj/zlkdatasys/audios/audio/20220412/16497393032390.wav"
        },
        {
          "text": "偶然性也在科学的范畴之内。",
          "link": "//game.gtimg.cn/images/yxzj/zlkdatasys/audios/audio/20220412/16497393376602.wav"
        },
        {
          "text": "让一让",
          "link": "//game.gtimg.cn/images/yxzj/zlkdatasys/audios/audio/20220412/16497393593325.wav"
        },
        {
          "text": "需要帮忙么？",
          "link": "//game.gtimg.cn/images/yxzj/zlkdatasys/audios/audio/20220412/16497393793495.wav"
        },
        {
          "text": "不客气",
          "link": "//game.gtimg.cn/images/yxzj/zlkdatasys/audios/audio/20220412/16497393962342.wav"
        },
        {
          "text": "你真的会用这玩意吗",
          "link": "//game.gtimg.cn/images/yxzj/zlkdatasys/audios/audio/20220412/16497394183423.wav"
        },
        {
          "text": "无事发生。",
          "link": "//game.gtimg.cn/images/yxzj/zlkdatasys/audios/audio/20220412/16497394398999.wav"
        },
        {
          "text": "开工",
          "link": "//game.gtimg.cn/images/yxzj/zlkdatasys/audios/audio/20220412/16497394547199.wav"
        },
        {
          "text": "继续警戒",
          "link": "//game.gtimg.cn/images/yxzj/zlkdatasys/audios/audio/20220412/16497394732773.wav"
        },
        {
          "text": "非弹性碰撞",
          "link": "//game.gtimg.cn/images/yxzj/zlkdatasys/audios/audio/20220412/16497394955059.wav"
        },
        {
          "text": "干得不错",
          "link": "//game.gtimg.cn/images/yxzj/zlkdatasys/audios/audio/20220412/16497395145078.wav"
        },
        {
          "text": "向我开炮",
          "link": "//game.gtimg.cn/images/yxzj/zlkdatasys/audios/audio/20220412/16497395318349.wav"
        },
        {
          "text": "没有七啦",
          "link": "//game.gtimg.cn/images/yxzj/zlkdatasys/audios/audio/20220412/16497395677883.wav"
        },
        {
          "text": "一",
          "link": "//game.gtimg.cn/images/yxzj/zlkdatasys/audios/audio/20220412/16497395784418.wav"
        },
        {
          "text": "二",
          "link": "//game.gtimg.cn/images/yxzj/zlkdatasys/audios/audio/20220412/16497396064258.wav"
        },
        {
          "text": "三",
          "link": "//game.gtimg.cn/images/yxzj/zlkdatasys/audios/audio/20220412/16497396317598.wav"
        },
        {
          "text": "四",
          "link": "//game.gtimg.cn/images/yxzj/zlkdatasys/audios/audio/20220412/16497396437782.wav"
        },
        {
          "text": "五",
          "link": "//game.gtimg.cn/images/yxzj/zlkdatasys/audios/audio/20220412/16497396586173.wav"
        },
        {
          "text": "六",
          "link": "//game.gtimg.cn/images/yxzj/zlkdatasys/audios/audio/20220412/16497396712062.wav"
        },
        {
          "text": "响应速度该升级了。",
          "link": "//game.gtimg.cn/images/yxzj/zlkdatasys/audios/audio/20220412/16497397045500.wav"
        },
        {
          "text": "响应速度变慢了。",
          "link": "//game.gtimg.cn/images/yxzj/zlkdatasys/audios/audio/20220412/16497397193897.wav"
        },
        {
          "text": "唉，走神了。",
          "link": "//game.gtimg.cn/images/yxzj/zlkdatasys/audios/audio/20220412/16497397401899.wav"
        },
        {
          "text": "可惜有个漏网之鱼。",
          "link": "//game.gtimg.cn/images/yxzj/zlkdatasys/audios/audio/20220412/16497397662924.wav"
        },
        {
          "text": "唉，又放跑了一个",
          "link": "//game.gtimg.cn/images/yxzj/zlkdatasys/audios/audio/20220412/16497438916837.wav"
        },
        {
          "text": "尚在稳定状态。",
          "link": "//game.gtimg.cn/images/yxzj/zlkdatasys/audios/audio/20220412/16497439172955.wav"
        },
        {
          "text": "丢失两名目标。",
          "link": "//game.gtimg.cn/images/yxzj/zlkdatasys/audios/audio/20220412/16497439424675.wav"
        },
        {
          "text": "额，非常规操作。",
          "link": "//game.gtimg.cn/images/yxzj/zlkdatasys/audios/audio/20220412/16497439603194.wav"
        },
        {
          "text": "哼，三个逃兵。",
          "link": "//game.gtimg.cn/images/yxzj/zlkdatasys/audios/audio/20220412/16497439798830.wav"
        },
        {
          "text": "唉，冷静冷静。",
          "link": "//game.gtimg.cn/images/yxzj/zlkdatasys/audios/audio/20220412/16497439977103.wav"
        },
        {
          "text": "额，放跑了一个团？",
          "link": "//game.gtimg.cn/images/yxzj/zlkdatasys/audios/audio/20220412/16497440215728.wav"
        },
        {
          "text": "机械臂，该返修了？",
          "link": "//game.gtimg.cn/images/yxzj/zlkdatasys/audios/audio/20220412/16497440369744.wav"
        },
        {
          "text": "这..这种概率都被你碰上了。",
          "link": "//game.gtimg.cn/images/yxzj/zlkdatasys/audios/audio/20220412/16497440562047.wav"
        },
        {
          "text": "装甲升级完成。",
          "link": "//game.gtimg.cn/images/yxzj/zlkdatasys/audios/audio/20220412/16497442061936.wav"
        },
        {
          "text": "你指望我在枪林弹雨中做改造实验么？",
          "link": "//game.gtimg.cn/images/yxzj/zlkdatasys/audios/audio/20220412/16497442214723.wav"
        },
        {
          "text": "收工。",
          "link": "//game.gtimg.cn/images/yxzj/zlkdatasys/audios/audio/20220412/16497442394978.wav"
        },
        {
          "text": "我们为真理做了多少工作，真理就能获得多少胜利。",
          "link": "//game.gtimg.cn/images/yxzj/zlkdatasys/audios/audio/20220412/16497442583785.wav"
        },
        {
          "text": "我可以让你两只手。",
          "link": "//game.gtimg.cn/images/yxzj/zlkdatasys/audios/audio/20220412/16497442816498.wav"
        },
        {
          "text": "你的无知无边无际。",
          "link": "//game.gtimg.cn/images/yxzj/zlkdatasys/audios/audio/20220412/16497442981743.wav"
        },
        {
          "text": "我确信，这是瞄准系统优化的里程碑。",
          "link": "//game.gtimg.cn/images/yxzj/zlkdatasys/audios/audio/20220412/16497443444244.wav"
        },
        {
          "text": "年轻人真是精力旺盛。",
          "link": "//game.gtimg.cn/images/yxzj/zlkdatasys/audios/audio/20220412/16497444447874.wav"
        },
        {
          "text": "蒙大将军安否？",
          "link": "//game.gtimg.cn/images/yxzj/zlkdatasys/audios/audio/20220412/16497444673523.wav"
        },
        {
          "text": "新翅膀好用吗？",
          "link": "//game.gtimg.cn/images/yxzj/zlkdatasys/audios/audio/20220412/16497445033589.wav"
        },
        {
          "text": "你也可以像他们一样精力旺盛",
          "link": "//game.gtimg.cn/images/yxzj/zlkdatasys/audios/audio/20220412/16497445182459.wav"
        },
        {
          "text": "我们的观念之间有时差。",
          "link": "//game.gtimg.cn/images/yxzj/zlkdatasys/audios/audio/20220412/16497445558199.wav"
        },
        {
          "text": "这不是熬夜的科学方式。",
          "link": "//game.gtimg.cn/images/yxzj/zlkdatasys/audios/audio/20220412/16497445758790.wav"
        },
        {
          "text": "年轻人.....住口。",
          "link": "//game.gtimg.cn/images/yxzj/zlkdatasys/audios/audio/20220415/16499997275536.mp3"
        },
        {
          "text": "你需要迭代了。",
          "link": "//game.gtimg.cn/images/yxzj/zlkdatasys/audios/audio/20220412/16497446362091.wav"
        },
        {
          "text": "咳……听说你在卖手办？",
          "link": "//game.gtimg.cn/images/yxzj/zlkdatasys/audios/audio/20220412/16497446561321.wav"
        },
        {
          "text": "一日为父，终身为父",
          "link": "//game.gtimg.cn/images/yxzj/zlkdatasys/audios/audio/20220412/16497446868834.wav"
        },
        {
          "text": "你，回来了……",
          "link": "//game.gtimg.cn/images/yxzj/zlkdatasys/audios/audio/20220412/16497447065200.wav"
        },
        {
          "text": "你考虑过研发金属回收装置吗？",
          "link": "//game.gtimg.cn/images/yxzj/zlkdatasys/audios/audio/20220412/16497447285642.wav"
        }
      ],
      "name": "原皮"
    },
    {
      "voice": [
        {
          "text": "134次精准计算，推导出最佳编队组合.....以技术为约，在此集结！",
          "link": "//game.gtimg.cn/images/yxzj/zlkdatasys/audios/audio/20221011/16654596928907.mp3"
        },
        {
          "text": "下一个关键人物搜索中......开启匿光计划第二步，关键词，尝试信任~",
          "link": "//game.gtimg.cn/images/yxzj/zlkdatasys/audios/audio/20221011/16654597053763.mp3"
        },
        {
          "text": "目标，锁定终极武器Z……获得真相之前，继续隐匿行踪",
          "link": "//game.gtimg.cn/images/yxzj/zlkdatasys/audios/audio/20221011/16654597182611.mp3"
        },
        {
          "text": "光，也有它的影子",
          "link": "//game.gtimg.cn/images/yxzj/zlkdatasys/audios/audio/20220920/16636677097979.mp3"
        },
        {
          "text": "永远对不可控的力量说不，比如Z",
          "link": "//game.gtimg.cn/images/yxzj/zlkdatasys/audios/audio/20220920/16636677264524.mp3"
        },
        {
          "text": "团队合作，被认为是一种可显著提高计划成功率的形式",
          "link": "//game.gtimg.cn/images/yxzj/zlkdatasys/audios/audio/20220920/16636677483887.mp3"
        },
        {
          "text": "研究的目的，最终都回归人自己",
          "link": "//game.gtimg.cn/images/yxzj/zlkdatasys/audios/audio/20220920/16636677672555.mp3"
        },
        {
          "text": "对于某些大意的家伙，只需要一条实验室守则：安全至上",
          "link": "//game.gtimg.cn/images/yxzj/zlkdatasys/audios/audio/20221011/16654597661099.mp3"
        },
        {
          "text": "没有规定边界的发明，是对科学的冒犯",
          "link": "//game.gtimg.cn/images/yxzj/zlkdatasys/audios/audio/20220920/16636678505634.mp3"
        },
        {
          "text": "制造这些机械臂时，确实加入了点私人爱好",
          "link": "//game.gtimg.cn/images/yxzj/zlkdatasys/audios/audio/20220920/16636678713865.mp3"
        },
        {
          "text": "白纸，铅笔，思想实验的最佳道具~",
          "link": "//game.gtimg.cn/images/yxzj/zlkdatasys/audios/audio/20220920/16636678869497.mp3"
        },
        {
          "text": "从回报率来说，一换五的代价很值得",
          "link": "//game.gtimg.cn/images/yxzj/zlkdatasys/audios/audio/20221011/16654597429496.mp3"
        },
        {
          "text": "这份代价很值得",
          "link": "//game.gtimg.cn/images/yxzj/zlkdatasys/audios/audio/20220920/16636679487200.mp3"
        },
        {
          "text": "很遗憾，你弄错了成功与失败的转换规律",
          "link": "//game.gtimg.cn/images/yxzj/zlkdatasys/audios/audio/20220920/16636679834633.mp3"
        },
        {
          "text": "根据物极必反定理，形势即将逆转",
          "link": "//game.gtimg.cn/images/yxzj/zlkdatasys/audios/audio/20220920/16636680044506.mp3"
        },
        {
          "text": "原装的人类…看起来比较容易报废",
          "link": "//game.gtimg.cn/images/yxzj/zlkdatasys/audios/audio/20220920/16636680213109.mp3"
        },
        {
          "text": "清除干扰选项",
          "link": "//game.gtimg.cn/images/yxzj/zlkdatasys/audios/audio/20220920/16636680429411.mp3"
        },
        {
          "text": "搭把手",
          "link": "//game.gtimg.cn/images/yxzj/zlkdatasys/audios/audio/20220920/16636680638754.mp3"
        },
        {
          "text": "默契度提升中",
          "link": "//game.gtimg.cn/images/yxzj/zlkdatasys/audios/audio/20220920/16636680777616.mp3"
        },
        {
          "text": "技术支援已就位",
          "link": "//game.gtimg.cn/images/yxzj/zlkdatasys/audios/audio/20220920/16636680922261.mp3"
        },
        {
          "text": "新手感不错",
          "link": "//game.gtimg.cn/images/yxzj/zlkdatasys/audios/audio/20220920/16636681156171.mp3"
        },
        {
          "text": "行动路径已预测",
          "link": "//game.gtimg.cn/images/yxzj/zlkdatasys/audios/audio/20220920/16636681347345.mp3"
        },
        {
          "text": "装备调试完毕",
          "link": "//game.gtimg.cn/images/yxzj/zlkdatasys/audios/audio/20220920/16636681473068.mp3"
        },
        {
          "text": "你们需要点“局部改造”",
          "link": "//game.gtimg.cn/images/yxzj/zlkdatasys/audios/audio/20220920/16636681828880.mp3"
        },
        {
          "text": "检测到数据偏差",
          "link": "//game.gtimg.cn/images/yxzj/zlkdatasys/audios/audio/20220920/16636681964773.mp3"
        },
        {
          "text": "获胜的必要条件",
          "link": "//game.gtimg.cn/images/yxzj/zlkdatasys/audios/audio/20220920/16636682132363.mp3"
        },
        {
          "text": "违背预期结果",
          "link": "//game.gtimg.cn/images/yxzj/zlkdatasys/audios/audio/20221011/16654598039218.mp3"
        },
        {
          "text": "这不符合研究假设",
          "link": "//game.gtimg.cn/images/yxzj/zlkdatasys/audios/audio/20221011/16654598479712.mp3"
        },
        {
          "text": "操作需谨慎",
          "link": "//game.gtimg.cn/images/yxzj/zlkdatasys/audios/audio/20220920/16636682862014.mp3"
        },
        {
          "text": "嗨，该换零件了",
          "link": "//game.gtimg.cn/images/yxzj/zlkdatasys/audios/audio/20220920/16636683006569.mp3"
        },
        {
          "text": "尚有优化空间",
          "link": "//game.gtimg.cn/images/yxzj/zlkdatasys/audios/audio/20220920/16636683166585.mp3"
        },
        {
          "text": "漏掉一个不可控因素",
          "link": "//game.gtimg.cn/images/yxzj/zlkdatasys/audios/audio/20220920/16636683312705.mp3"
        },
        {
          "text": "完美是种自我要求",
          "link": "//game.gtimg.cn/images/yxzj/zlkdatasys/audios/audio/20220920/16636683508477.mp3"
        },
        {
          "text": "计算有误",
          "link": "//game.gtimg.cn/images/yxzj/zlkdatasys/audios/audio/20221011/16654597858108.mp3"
        },
        {
          "text": "意外故障？还好我不只留了一手",
          "link": "//game.gtimg.cn/images/yxzj/zlkdatasys/audios/audio/20221011/16654598217927.mp3"
        },
        {
          "text": "但有的人不仅跟着匿名信来到这里，还和讨厌的家伙并肩战斗了…47场",
          "link": "//game.gtimg.cn/images/yxzj/zlkdatasys/audios/audio/20220920/16636684779879.mp3"
        },
        {
          "text": "给你的刀升级了三项新功能，记得试试",
          "link": "//game.gtimg.cn/images/yxzj/zlkdatasys/audios/audio/20220920/16636684936433.mp3"
        },
        {
          "text": "欢迎加入匿光计划，我的搭档们。",
          "link": "//game.gtimg.cn/images/yxzj/zlkdatasys/audios/audio/20220920/16636685151896.mp3"
        },
        {
          "text": "以严谨的逻辑而言，你的存在，让我们成为了一只六人队伍",
          "link": "//game.gtimg.cn/images/yxzj/zlkdatasys/audios/audio/20220920/16636685347438.mp3"
        },
        {
          "text": "收下这份组队邀请，你会解锁真正的第三步挑战",
          "link": "//game.gtimg.cn/images/yxzj/zlkdatasys/audios/audio/20220920/16636685519129.mp3"
        },
        {
          "text": "看来，我们的共识又增加了一项",
          "link": "//game.gtimg.cn/images/yxzj/zlkdatasys/audios/audio/20220920/16636685684108.mp3"
        }
      ],
      "name": "匿光启智者"
    }
  ]
}