{
  "data": [
    {
      "voice": [
        {
          "text": "鲁班大师，智商250，膜拜。记得膜拜！",
          "link": "//game.gtimg.cn/images/yxzj/zlkdatasys/audios/audio/20220408/16493986652491.wav"
        },
        {
          "text": "有人需要技术支持吗？",
          "link": "//game.gtimg.cn/images/yxzj/zlkdatasys/audios/audio/20220408/16493987159106.wav"
        },
        {
          "text": "哇，漏……漏油了！",
          "link": "//game.gtimg.cn/images/yxzj/zlkdatasys/audios/audio/20220408/16493987311718.wav"
        },
        {
          "text": "借你们肉体试验下新发明的威力！",
          "link": "//game.gtimg.cn/images/yxzj/zlkdatasys/audios/audio/20220408/16493987478203.wav"
        },
        {
          "text": "正在思考如何攻克地心引力。",
          "link": "//game.gtimg.cn/images/yxzj/zlkdatasys/audios/audio/20220408/16493987656312.wav"
        },
        {
          "text": "检测了对面的智商，看来无法发挥全部实力了。",
          "link": "//game.gtimg.cn/images/yxzj/zlkdatasys/audios/audio/20220408/16493987787244.wav"
        },
        {
          "text": "不得不承认，有时候肌肉比头脑管用。",
          "link": "//game.gtimg.cn/images/yxzj/zlkdatasys/audios/audio/20220408/16493987969388.wav"
        },
        {
          "text": "相信科学！",
          "link": "//game.gtimg.cn/images/yxzj/zlkdatasys/audios/audio/20220408/16493988109363.wav"
        },
        {
          "text": "静静……我想要静静……",
          "link": "//game.gtimg.cn/images/yxzj/zlkdatasys/audios/audio/20220408/16493988419136.wav"
        },
        {
          "text": "看，天上有灰机~嘿嘿嘿嘿",
          "link": "//game.gtimg.cn/images/yxzj/zlkdatasys/audios/audio/20220408/16493990321739.wav"
        },
        {
          "text": "刮风了，下蛋了，该收人头了~",
          "link": "//game.gtimg.cn/images/yxzj/zlkdatasys/audios/audio/20220408/16493990467516.wav"
        },
        {
          "text": "人间大炮，发射！",
          "link": "//game.gtimg.cn/images/yxzj/zlkdatasys/audios/audio/20220408/16493990652844.wav"
        },
        {
          "text": "看我嘴炮无敌！",
          "link": "//game.gtimg.cn/images/yxzj/zlkdatasys/audios/audio/20220408/16493990806802.wav"
        },
        {
          "text": "嘻嘻，你的心脏熄火了！",
          "link": "//game.gtimg.cn/images/yxzj/zlkdatasys/audios/audio/20220408/16493990951855.wav"
        },
        {
          "text": "来呀，来打我呀，你们抓不到我的嘻嘻~",
          "link": "//game.gtimg.cn/images/yxzj/zlkdatasys/audios/audio/20220408/16493991083633.wav"
        }
      ],
      "name": "原皮"
    },
    {
      "voice": [
        {
          "text": "主播上线，开始直播冒险。",
          "link": "//game.gtimg.cn/images/yxzj/zlkdatasys/audios/audio/20220415/16499898851464.mp3"
        },
        {
          "text": "VR时代，final fantasy！",
          "link": "//game.gtimg.cn/images/yxzj/zlkdatasys/audios/audio/20220415/16499898967502.mp3"
        },
        {
          "text": "大法的信仰！",
          "link": "//game.gtimg.cn/images/yxzj/zlkdatasys/audios/audio/20220415/16499899081930.mp3"
        },
        {
          "text": "不碰塑料小人就不会死，怎么不明白！",
          "link": "//game.gtimg.cn/images/yxzj/zlkdatasys/audios/audio/20220408/16494001759845.wav"
        },
        {
          "text": "哇噢，其实我才是最终BOSS。",
          "link": "//game.gtimg.cn/images/yxzj/zlkdatasys/audios/audio/20220408/16494001891538.wav"
        },
        {
          "text": "万能秘籍：上上下下左右左右BABA",
          "link": "//game.gtimg.cn/images/yxzj/zlkdatasys/audios/audio/20220408/16494002221067.wav"
        },
        {
          "text": "GAME OVER！",
          "link": "//game.gtimg.cn/images/yxzj/zlkdatasys/audios/audio/20220408/16494002429765.wav"
        },
        {
          "text": "终极召唤兽登场！",
          "link": "//game.gtimg.cn/images/yxzj/zlkdatasys/audios/audio/20220408/16494002655336.wav"
        },
        {
          "text": "给我点个赞！",
          "link": "//game.gtimg.cn/images/yxzj/zlkdatasys/audios/audio/20220408/16494002817062.wav"
        },
        {
          "text": "来自二次元的反击。",
          "link": "//game.gtimg.cn/images/yxzj/zlkdatasys/audios/audio/20220408/16494002954163.wav"
        },
        {
          "text": "哦吼！一币通关！",
          "link": "//game.gtimg.cn/images/yxzj/zlkdatasys/audios/audio/20220408/16494003083753.wav"
        },
        {
          "text": "胜败乃兵家常事，大侠请重头再来！",
          "link": "//game.gtimg.cn/images/yxzj/zlkdatasys/audios/audio/20220408/16494003226170.wav"
        },
        {
          "text": "大龙挂了，公主在哪儿？",
          "link": "//game.gtimg.cn/images/yxzj/zlkdatasys/audios/audio/20220408/16494003382415.wav"
        },
        {
          "text": "期待好事发生",
          "link": "//game.gtimg.cn/images/yxzj/zlkdatasys/audios/audio/20220408/16494006739266.wav"
        },
        {
          "text": "换一支枪，马上变强",
          "link": "//game.gtimg.cn/images/yxzj/zlkdatasys/audios/audio/20220415/16499898697701.mp3"
        },
        {
          "text": "看见我了吗！看见我了吗看见我了吗",
          "link": "//game.gtimg.cn/images/yxzj/zlkdatasys/audios/audio/20220408/16494007049733.wav"
        },
        {
          "text": "智商520，开心见到你",
          "link": "//game.gtimg.cn/images/yxzj/zlkdatasys/audios/audio/20220408/16494007345216.wav"
        },
        {
          "text": "怎么办！怎么办怎么办怎么办！",
          "link": "//game.gtimg.cn/images/yxzj/zlkdatasys/audios/audio/20220408/16494007567085.wav"
        },
        {
          "text": "不要不要，你的想法太奇怪了",
          "link": "//game.gtimg.cn/images/yxzj/zlkdatasys/audios/audio/20220408/16494007692819.wav"
        },
        {
          "text": "气到爆炸！",
          "link": "//game.gtimg.cn/images/yxzj/zlkdatasys/audios/audio/20220408/16494007849579.wav"
        },
        {
          "text": "科学的最高境界，是舞蹈~",
          "link": "//game.gtimg.cn/images/yxzj/zlkdatasys/audios/audio/20220408/16494008163078.wav"
        }
      ],
      "name": "电玩小子"
    },
    {
      "voice": [
        {
          "text": "爱，就是组成我的原件！",
          "link": "//game.gtimg.cn/images/yxzj/zlkdatasys/audios/audio/20220408/16494009424236.wav"
        },
        {
          "text": "太空里很暖和，像小主人抱我的温度，37度5",
          "link": "//game.gtimg.cn/images/yxzj/zlkdatasys/audios/audio/20220408/16494009568506.wav"
        },
        {
          "text": "不要换台，不要走开，星际直播马上回来。",
          "link": "//game.gtimg.cn/images/yxzj/zlkdatasys/audios/audio/20220408/16494009703929.wav"
        },
        {
          "text": "比机器人更爱机器，比宇航员更爱宇航。这是种严肃的自我认知。",
          "link": "//game.gtimg.cn/images/yxzj/zlkdatasys/audios/audio/20220408/16494009858373.wav"
        },
        {
          "text": "再渺小的心愿，银河系都有它的容身之所。",
          "link": "//game.gtimg.cn/images/yxzj/zlkdatasys/audios/audio/20220408/16494009967717.wav"
        },
        {
          "text": "我的一小步，见证友谊的一大步！",
          "link": "//game.gtimg.cn/images/yxzj/zlkdatasys/audios/audio/20220408/16494010088105.wav"
        },
        {
          "text": "人类对孤独的理解是有限的，对爱的诠释是无限的。",
          "link": "//game.gtimg.cn/images/yxzj/zlkdatasys/audios/audio/20220408/16494010234410.wav"
        },
        {
          "text": "我会飞得更高",
          "link": "//game.gtimg.cn/images/yxzj/zlkdatasys/audios/audio/20220408/16494010425889.wav"
        },
        {
          "text": "地球生存， hard模式",
          "link": "//game.gtimg.cn/images/yxzj/zlkdatasys/audios/audio/20220408/16494010552415.wav"
        },
        {
          "text": "用整个灵魂向你比心！",
          "link": "//game.gtimg.cn/images/yxzj/zlkdatasys/audios/audio/20220408/16494010748333.wav"
        },
        {
          "text": "释放我热烈的爱。",
          "link": "//game.gtimg.cn/images/yxzj/zlkdatasys/audios/audio/20220408/16494011099690.wav"
        },
        {
          "text": "耶！放飞自我！",
          "link": "//game.gtimg.cn/images/yxzj/zlkdatasys/audios/audio/20220408/16494011219169.wav"
        },
        {
          "text": "你咋不上天呢",
          "link": "//game.gtimg.cn/images/yxzj/zlkdatasys/audios/audio/20220408/16494011469469.wav"
        },
        {
          "text": "把你送回太空好吗？",
          "link": "//game.gtimg.cn/images/yxzj/zlkdatasys/audios/audio/20220408/16494011659421.wav"
        },
        {
          "text": "期待好事发生",
          "link": "//game.gtimg.cn/images/yxzj/zlkdatasys/audios/audio/20220408/16494013071199.wav"
        },
        {
          "text": "换一支枪，马上变强",
          "link": "//game.gtimg.cn/images/yxzj/zlkdatasys/audios/audio/20220415/16499899516737.mp3"
        },
        {
          "text": "嘿！看见我了吗，看见我了吗",
          "link": "//game.gtimg.cn/images/yxzj/zlkdatasys/audios/audio/20220408/16494013427341.wav"
        },
        {
          "text": "哇，智商520，开心见到你",
          "link": "//game.gtimg.cn/images/yxzj/zlkdatasys/audios/audio/20220408/16494015694610.wav"
        },
        {
          "text": "怎么办，怎么办怎么办",
          "link": "//game.gtimg.cn/images/yxzj/zlkdatasys/audios/audio/20220408/16494015825909.wav"
        },
        {
          "text": "不要不要，你的想法太奇怪",
          "link": "//game.gtimg.cn/images/yxzj/zlkdatasys/audios/audio/20220408/16494015943240.wav"
        },
        {
          "text": "气到爆炸",
          "link": "//game.gtimg.cn/images/yxzj/zlkdatasys/audios/audio/20220408/16494016072969.wav"
        },
        {
          "text": "科学的最高境界是舞蹈",
          "link": "//game.gtimg.cn/images/yxzj/zlkdatasys/audios/audio/20220408/16494016218641.wav"
        },
        {
          "text": "表演的太空双人舞",
          "link": "//game.gtimg.cn/images/yxzj/zlkdatasys/audios/audio/20220408/16494016382644.wav"
        }
      ],
      "name": "星空梦想"
    },
    {
      "voice": [
        {
          "text": "爱拼才会赢！",
          "link": "//game.gtimg.cn/images/yxzj/zlkdatasys/audios/audio/20220415/16499899838387.mp3"
        },
        {
          "text": "旗开得胜！",
          "link": "//game.gtimg.cn/images/yxzj/zlkdatasys/audios/audio/20220415/16499899935115.mp3"
        },
        {
          "text": "古老的艺术，时新的祝福！",
          "link": "//game.gtimg.cn/images/yxzj/zlkdatasys/audios/audio/20220408/16494055116856.wav"
        },
        {
          "text": "来点掌声，比试之前的仪式感。",
          "link": "//game.gtimg.cn/images/yxzj/zlkdatasys/audios/audio/20220408/16494055279840.wav"
        },
        {
          "text": "世上的雄狮远不止一种，有的叫圣斗士，有的叫狮心王。",
          "link": "//game.gtimg.cn/images/yxzj/zlkdatasys/audios/audio/20220408/16494055636937.wav"
        },
        {
          "text": "抢绣球的，走错节目啦！",
          "link": "//game.gtimg.cn/images/yxzj/zlkdatasys/audios/audio/20220408/16494055793632.wav"
        },
        {
          "text": "不会失传……",
          "link": "//game.gtimg.cn/images/yxzj/zlkdatasys/audios/audio/20220408/16494056146468.wav"
        },
        {
          "text": "练练基本功！",
          "link": "//game.gtimg.cn/images/yxzj/zlkdatasys/audios/audio/20220408/16494056693372.wav"
        },
        {
          "text": "礼炮开场，给你添彩！",
          "link": "//game.gtimg.cn/images/yxzj/zlkdatasys/audios/audio/20220408/16494056815515.wav"
        },
        {
          "text": "嘿嘿！来场狮王争霸！",
          "link": "//game.gtimg.cn/images/yxzj/zlkdatasys/audios/audio/20220408/16494056947117.wav"
        },
        {
          "text": "醒狮点睛，步步高升！",
          "link": "//game.gtimg.cn/images/yxzj/zlkdatasys/audios/audio/20220408/16494057088064.wav"
        },
        {
          "text": "高手在民间！",
          "link": "//game.gtimg.cn/images/yxzj/zlkdatasys/audios/audio/20220408/16494057425250.wav"
        },
        {
          "text": "我跳的梅花桩都比你高",
          "link": "//game.gtimg.cn/images/yxzj/zlkdatasys/audios/audio/20220408/16494057567419.wav"
        },
        {
          "text": "个子小本事大",
          "link": "//game.gtimg.cn/images/yxzj/zlkdatasys/audios/audio/20220408/16494058522684.wav"
        },
        {
          "text": "比比，谁跳得高",
          "link": "//game.gtimg.cn/images/yxzj/zlkdatasys/audios/audio/20220408/16494058654711.wav"
        },
        {
          "text": "醒狮驾到，招财进宝",
          "link": "//game.gtimg.cn/images/yxzj/zlkdatasys/audios/audio/20220408/16494058798840.wav"
        },
        {
          "text": "嘿嘿，春风得意，大吉大利！",
          "link": "//game.gtimg.cn/images/yxzj/zlkdatasys/audios/audio/20220408/16494058939704.wav"
        },
        {
          "text": "再接再厉，马到功成！",
          "link": "//game.gtimg.cn/images/yxzj/zlkdatasys/audios/audio/20220408/16494059064810.wav"
        },
        {
          "text": "稳不住了稳不住了，要掉下来了",
          "link": "//game.gtimg.cn/images/yxzj/zlkdatasys/audios/audio/20220408/16494059245595.wav"
        },
        {
          "text": "不行不行，狮子不让我和你玩",
          "link": "//game.gtimg.cn/images/yxzj/zlkdatasys/audios/audio/20220408/16494059574439.wav"
        },
        {
          "text": "你你你你，你还想不想要我的祝福了！",
          "link": "//game.gtimg.cn/images/yxzj/zlkdatasys/audios/audio/20220408/16494059701626.wav"
        },
        {
          "text": "看我狮来....运转",
          "link": "//game.gtimg.cn/images/yxzj/zlkdatasys/audios/audio/20220408/16494059908427.wav"
        },
        {
          "text": "我的绣球哪去了",
          "link": "//game.gtimg.cn/images/yxzj/zlkdatasys/audios/audio/20220408/16494060058745.wav"
        }
      ],
      "name": "狮舞东方"
    },
    {
      "voice": [
        {
          "text": "一号种子选手就位！",
          "link": "//game.gtimg.cn/images/yxzj/zlkdatasys/audios/audio/20220415/16499900246863.mp3"
        },
        {
          "text": "快、转、狠、准！我的战术训练有进步了吗？",
          "link": "//game.gtimg.cn/images/yxzj/zlkdatasys/audios/audio/20220415/16499900356694.mp3"
        },
        {
          "text": "出色的核心竞技能力！",
          "link": "//game.gtimg.cn/images/yxzj/zlkdatasys/audios/audio/20220415/16499900497002.mp3"
        },
        {
          "text": "别紧张，这只是普通的直线长球~",
          "link": "//game.gtimg.cn/images/yxzj/zlkdatasys/audios/audio/20220415/16499900794218.mp3"
        },
        {
          "text": "是时候探索新的攻防技术了！",
          "link": "//game.gtimg.cn/images/yxzj/zlkdatasys/audios/audio/20220415/16499901181999.mp3"
        },
        {
          "text": "给命运一记反手扣杀！",
          "link": "//game.gtimg.cn/images/yxzj/zlkdatasys/audios/audio/20220414/16499291679244.wav"
        },
        {
          "text": "站在赛场上的初心...我和所有人都一样呐！",
          "link": "//game.gtimg.cn/images/yxzj/zlkdatasys/audios/audio/20220414/16499291912686.wav"
        },
        {
          "text": "来不及思考就凭反应吧！",
          "link": "//game.gtimg.cn/images/yxzj/zlkdatasys/audios/audio/20220414/16499292214445.wav"
        },
        {
          "text": "速度就是我的技术优势~",
          "link": "//game.gtimg.cn/images/yxzj/zlkdatasys/audios/audio/20220414/16499292379279.wav"
        },
        {
          "text": "球不落地...永不放弃！",
          "link": "//game.gtimg.cn/images/yxzj/zlkdatasys/audios/audio/20220414/16499292633805.wav"
        },
        {
          "text": "输......掉..了",
          "link": "//game.gtimg.cn/images/yxzj/zlkdatasys/audios/audio/20220414/16499292928461.wav"
        },
        {
          "text": "高抛发球！",
          "link": "//game.gtimg.cn/images/yxzj/zlkdatasys/audios/audio/20220414/16499293192619.wav"
        },
        {
          "text": "降维打击！",
          "link": "//game.gtimg.cn/images/yxzj/zlkdatasys/audios/audio/20220414/16499293371724.wav"
        },
        {
          "text": "预判你的预判！",
          "link": "//game.gtimg.cn/images/yxzj/zlkdatasys/audios/audio/20220414/16499293545996.wav"
        },
        {
          "text": "落点，敌方水晶！",
          "link": "//game.gtimg.cn/images/yxzj/zlkdatasys/audios/audio/20220414/16499293991425.wav"
        },
        {
          "text": "听说你们都是慕名而来，要和我乒乓球对打？",
          "link": "//game.gtimg.cn/images/yxzj/zlkdatasys/audios/audio/20220414/16499294155743.wav"
        },
        {
          "text": "直接得分！",
          "link": "//game.gtimg.cn/images/yxzj/zlkdatasys/audios/audio/20220414/16499294311718.wav"
        },
        {
          "text": "让你的咯~我怕你接不住！",
          "link": "//game.gtimg.cn/images/yxzj/zlkdatasys/audios/audio/20220414/16499294535905.wav"
        },
        {
          "text": "技巧比蛮力更管用~",
          "link": "//game.gtimg.cn/images/yxzj/zlkdatasys/audios/audio/20220414/16499295016697.wav"
        },
        {
          "text": "一切就位，随时奉陪！",
          "link": "//game.gtimg.cn/images/yxzj/zlkdatasys/audios/audio/20220414/16499295199289.wav"
        },
        {
          "text": "那就约好下次再战咯~",
          "link": "//game.gtimg.cn/images/yxzj/zlkdatasys/audios/audio/20220414/16499295365549.wav"
        },
        {
          "text": "为我欢呼，为我鼓掌！",
          "link": "//game.gtimg.cn/images/yxzj/zlkdatasys/audios/audio/20220414/16499295537851.wav"
        },
        {
          "text": "火力全开，停不下来——",
          "link": "//game.gtimg.cn/images/yxzj/zlkdatasys/audios/audio/20220414/16499295904465.wav"
        },
        {
          "text": "喔~哇~好棒啊——",
          "link": "//game.gtimg.cn/images/yxzj/zlkdatasys/audios/audio/20220414/16499296085627.wav"
        },
        {
          "text": "稳住，稳住——稳不住啦！",
          "link": "//game.gtimg.cn/images/yxzj/zlkdatasys/audios/audio/20220414/16499296824492.wav"
        },
        {
          "text": "不行，不行，这不合规定。",
          "link": "//game.gtimg.cn/images/yxzj/zlkdatasys/audios/audio/20220414/16499296981207.wav"
        },
        {
          "text": "挑衅，挑衅，赤裸裸的挑衅！",
          "link": "//game.gtimg.cn/images/yxzj/zlkdatasys/audios/audio/20220414/16499297126868.wav"
        },
        {
          "text": "猛烈旋转！接住，接住啦！",
          "link": "//game.gtimg.cn/images/yxzj/zlkdatasys/audios/audio/20220414/16499297284316.wav"
        },
        {
          "text": "不服，不服，再来嘛，再来嘛~",
          "link": "//game.gtimg.cn/images/yxzj/zlkdatasys/audios/audio/20220414/16499297436709.wav"
        }
      ],
      "name": "乒乒小将"
    },
    {
      "voice": [
        {
          "text": "虎神大将军在此！谁敢作乱~",
          "link": "//game.gtimg.cn/images/yxzj/zlkdatasys/audios/audio/20220415/16499902362372.mp3"
        },
        {
          "text": "发现年兽踪迹，前方战斗预警！……小喵们，听我指挥！",
          "link": "//game.gtimg.cn/images/yxzj/zlkdatasys/audios/audio/20220415/16500156698485.wav"
        },
        {
          "text": "大黄别怕，等等我……猛 虎 合 击……同此心，共此力！",
          "link": "//game.gtimg.cn/images/yxzj/zlkdatasys/audios/audio/20220415/16499901843391.mp3"
        },
        {
          "text": "命中注定成为虎神大将军，这是无法被修改的设定！~",
          "link": "//game.gtimg.cn/images/yxzj/zlkdatasys/audios/audio/20220414/16499270811198.wav"
        },
        {
          "text": "小喵们听大黄的，大黄听我的~",
          "link": "//game.gtimg.cn/images/yxzj/zlkdatasys/audios/audio/20220414/16499271057949.wav"
        },
        {
          "text": "论人气程度，小队缺我不可~欸~",
          "link": "//game.gtimg.cn/images/yxzj/zlkdatasys/audios/audio/20220414/16499271338367.wav"
        },
        {
          "text": "岁岁増光辉~虎虎有生气！",
          "link": "//game.gtimg.cn/images/yxzj/zlkdatasys/audios/audio/20220414/16499271583605.wav"
        },
        {
          "text": "你问虎神在哪儿？他就在这里！",
          "link": "//game.gtimg.cn/images/yxzj/zlkdatasys/audios/audio/20220414/16499271831540.wav"
        },
        {
          "text": "守护传说，人人有责~ 守护传说，人人有责~",
          "link": "//game.gtimg.cn/images/yxzj/zlkdatasys/audios/audio/20220414/16499272213186.wav"
        },
        {
          "text": "不管多艰难的时刻，来抱抱大黄就好啦！",
          "link": "//game.gtimg.cn/images/yxzj/zlkdatasys/audios/audio/20220414/16499272464172.wav"
        },
        {
          "text": "等着！我的队友马上就到！",
          "link": "//game.gtimg.cn/images/yxzj/zlkdatasys/audios/audio/20220414/16499272692156.wav"
        },
        {
          "text": "该回家吃年夜饭咯！~",
          "link": "//game.gtimg.cn/images/yxzj/zlkdatasys/audios/audio/20220414/16499272938611.wav"
        },
        {
          "text": "略，缺少杀伤力的家伙，大黄出马就够咯~",
          "link": "//game.gtimg.cn/images/yxzj/zlkdatasys/audios/audio/20220414/16499273161342.wav"
        },
        {
          "text": "神虎踞此！",
          "link": "//game.gtimg.cn/images/yxzj/zlkdatasys/audios/audio/20220414/16499273402727.wav"
        },
        {
          "text": "爆竹贺岁喽~噼里啪啦",
          "link": "//game.gtimg.cn/images/yxzj/zlkdatasys/audios/audio/20220414/16499273644437.wav"
        },
        {
          "text": "横扫年兽，时运亨通~",
          "link": "//game.gtimg.cn/images/yxzj/zlkdatasys/audios/audio/20220414/16499273868840.wav"
        },
        {
          "text": "虎虎生威~",
          "link": "//game.gtimg.cn/images/yxzj/zlkdatasys/audios/audio/20220414/16499274102741.wav"
        },
        {
          "text": "猛兽冲刺~",
          "link": "//game.gtimg.cn/images/yxzj/zlkdatasys/audios/audio/20220414/16499274328887.wav"
        },
        {
          "text": "大黄~去探探路！",
          "link": "//game.gtimg.cn/images/yxzj/zlkdatasys/audios/audio/20220414/16499274724335.wav"
        },
        {
          "text": "嘿嘿！我们，成为了虎神传说的一部分！",
          "link": "//game.gtimg.cn/images/yxzj/zlkdatasys/audios/audio/20220414/16499274983271.wav"
        },
        {
          "text": "神虎一跃，威震天地！",
          "link": "//game.gtimg.cn/images/yxzj/zlkdatasys/audios/audio/20220414/16499275212267.wav"
        },
        {
          "text": "谢谢你的琴声，小喵们最爱听了！~",
          "link": "//game.gtimg.cn/images/yxzj/zlkdatasys/audios/audio/20220414/16499275452113.wav"
        },
        {
          "text": "虎神街的故事~也是一首歌！",
          "link": "//game.gtimg.cn/images/yxzj/zlkdatasys/audios/audio/20220414/16499277665134.wav"
        },
        {
          "text": "呼呼，大黄告诉我，你身上有虎神转世的气味~",
          "link": "//game.gtimg.cn/images/yxzj/zlkdatasys/audios/audio/20220414/16499277853417.wav"
        },
        {
          "text": "把你的猫变出来一起玩嘛~",
          "link": "//game.gtimg.cn/images/yxzj/zlkdatasys/audios/audio/20220414/16499278155963.wav"
        },
        {
          "text": "当然！只要你交……嗯...两个小鱼干做压岁粮~",
          "link": "//game.gtimg.cn/images/yxzj/zlkdatasys/audios/audio/20220414/16499278338030.wav"
        },
        {
          "text": "我也想上天看看！",
          "link": "//game.gtimg.cn/images/yxzj/zlkdatasys/audios/audio/20220414/16499278509731.wav"
        },
        {
          "text": "馆长，你看看我适合练哪种武艺？",
          "link": "//game.gtimg.cn/images/yxzj/zlkdatasys/audios/audio/20220414/16499278795696.wav"
        },
        {
          "text": "只要你相信虎神传说，我们就是同伴！",
          "link": "//game.gtimg.cn/images/yxzj/zlkdatasys/audios/audio/20220414/16499279344543.wav"
        },
        {
          "text": "嘿嘿！新春晚会的小小表演~",
          "link": "//game.gtimg.cn/images/yxzj/zlkdatasys/audios/audio/20220414/16499280299550.wav"
        },
        {
          "text": "小喵们听我指挥~哎，别走呀！",
          "link": "//game.gtimg.cn/images/yxzj/zlkdatasys/audios/audio/20220414/16499280501177.wav"
        },
        {
          "text": "新年~快乐！",
          "link": "//game.gtimg.cn/images/yxzj/zlkdatasys/audios/audio/20220414/16499281032425.wav"
        },
        {
          "text": "除夕守岁喽！",
          "link": "//game.gtimg.cn/images/yxzj/zlkdatasys/audios/audio/20220414/16499281261666.wav"
        },
        {
          "text": "勇敢战斗的你，同样是虎神小队的一员！",
          "link": "//game.gtimg.cn/images/yxzj/zlkdatasys/audios/audio/20220414/16499287217312.wav"
        },
        {
          "text": "有你一起, 我才不怕！！",
          "link": "//game.gtimg.cn/images/yxzj/zlkdatasys/audios/audio/20220414/16499287385068.wav"
        },
        {
          "text": "打败年兽而已~不用这么崇拜我~",
          "link": "//game.gtimg.cn/images/yxzj/zlkdatasys/audios/audio/20220414/16499287779478.wav"
        },
        {
          "text": "哼！小小年兽，如此猖狂！",
          "link": "//game.gtimg.cn/images/yxzj/zlkdatasys/audios/audio/20220414/16499287948761.wav"
        },
        {
          "text": "嘿嘿！和隔壁阿虎学的新武艺！",
          "link": "//game.gtimg.cn/images/yxzj/zlkdatasys/audios/audio/20220414/16499288113476.wav"
        },
        {
          "text": "不准质疑大黄的体重！",
          "link": "//game.gtimg.cn/images/yxzj/zlkdatasys/audios/audio/20220414/16499288298670.wav"
        }
      ],
      "name": "寅虎·瑞焰"
    },
    {
      "voice": [
        {
          "text": "不要耽误我下班！",
          "link": "//game.gtimg.cn/images/yxzj/zlkdatasys/audios/audio/20231020/16977843432683.mp3"
        },
        {
          "text": "嘿，收工~",
          "link": "//game.gtimg.cn/images/yxzj/zlkdatasys/audios/audio/20231020/16977843659305.mp3"
        },
        {
          "text": "最靠谱的大编辑！",
          "link": "//game.gtimg.cn/images/yxzj/zlkdatasys/audios/audio/20231020/16977843868703.mp3"
        },
        {
          "text": "哼~还得是我！",
          "link": "//game.gtimg.cn/images/yxzj/zlkdatasys/audios/audio/20231020/16977844108434.mp3"
        },
        {
          "text": "可别小瞧我啊！",
          "link": "//game.gtimg.cn/images/yxzj/zlkdatasys/audios/audio/20231020/16977844332232.mp3"
        },
        {
          "text": "切~小事一桩~",
          "link": "//game.gtimg.cn/images/yxzj/zlkdatasys/audios/audio/20231020/16977844606990.mp3"
        },
        {
          "text": "嘻嘻~乖~为猫猫摸鱼，当然也是工作的一部分",
          "link": "//game.gtimg.cn/images/yxzj/zlkdatasys/audios/audio/20231020/16977722797378.mp3"
        },
        {
          "text": "啦啦啦~我的眼睛亮晶晶，纠错查漏辨得清",
          "link": "//game.gtimg.cn/images/yxzj/zlkdatasys/audios/audio/20231020/16977723082242.mp3"
        },
        {
          "text": "规则那么多，我也就违反了一点点，嘿嘿",
          "link": "//game.gtimg.cn/images/yxzj/zlkdatasys/audios/audio/20231020/16977723361644.mp3"
        },
        {
          "text": "唔，我犯的可是个美丽的错误～",
          "link": "//game.gtimg.cn/images/yxzj/zlkdatasys/audios/audio/20231020/16977723766674.mp3"
        },
        {
          "text": "读者的声音，可要好好听听~",
          "link": "//game.gtimg.cn/images/yxzj/zlkdatasys/audios/audio/20231020/16977724049363.mp3"
        },
        {
          "text": "冰冷的打印机，怎么能感受到角色的温度嘛~",
          "link": "//game.gtimg.cn/images/yxzj/zlkdatasys/audios/audio/20231020/16977724346594.mp3"
        },
        {
          "text": "这次轮到鲁班七号当主角了。",
          "link": "//game.gtimg.cn/images/yxzj/zlkdatasys/audios/audio/20231020/16977724576869.mp3"
        },
        {
          "text": "糟了，截稿时间到了…",
          "link": "//game.gtimg.cn/images/yxzj/zlkdatasys/audios/audio/20231020/16977725221893.mp3"
        },
        {
          "text": "嗨，问题稿件~回收回收！",
          "link": "//game.gtimg.cn/images/yxzj/zlkdatasys/audios/audio/20231020/16977725462419.mp3"
        },
        {
          "text": "不行不行~排序混乱~错字连篇~",
          "link": "//game.gtimg.cn/images/yxzj/zlkdatasys/audios/audio/20231020/16977725836659.mp3"
        },
        {
          "text": "呜啊~睡过头啦，赶不上送稿了…",
          "link": "//game.gtimg.cn/images/yxzj/zlkdatasys/audios/audio/20231020/16977726141823.mp3"
        },
        {
          "text": "午休时间到！休息，休息一会儿~",
          "link": "//game.gtimg.cn/images/yxzj/zlkdatasys/audios/audio/20231020/16977726438614.mp3"
        },
        {
          "text": "审核通过！",
          "link": "//game.gtimg.cn/images/yxzj/zlkdatasys/audios/audio/20231020/16977727037786.mp3"
        },
        {
          "text": "精准校对！",
          "link": "//game.gtimg.cn/images/yxzj/zlkdatasys/audios/audio/20231020/16977727238337.mp3"
        },
        {
          "text": "哼，清除错版～",
          "link": "//game.gtimg.cn/images/yxzj/zlkdatasys/audios/audio/20231020/16977727497991.mp3"
        },
        {
          "text": "喂，交稿了吗？",
          "link": "//game.gtimg.cn/images/yxzj/zlkdatasys/audios/audio/20231020/16977727774155.mp3"
        },
        {
          "text": "圈出错误所在~",
          "link": "//game.gtimg.cn/images/yxzj/zlkdatasys/audios/audio/20231020/16977727981929.mp3"
        },
        {
          "text": "锁定遗漏目标~",
          "link": "//game.gtimg.cn/images/yxzj/zlkdatasys/audios/audio/20231020/16977728204995.mp3"
        },
        {
          "text": "不仅是他们，我也很舍不得你。",
          "link": "//game.gtimg.cn/images/yxzj/zlkdatasys/audios/audio/20231020/16977728866000.mp3"
        },
        {
          "text": "呜呜，太感动了~",
          "link": "//game.gtimg.cn/images/yxzj/zlkdatasys/audios/audio/20231020/16977729126223.mp3"
        },
        {
          "text": "真不想和你说再见……",
          "link": "//game.gtimg.cn/images/yxzj/zlkdatasys/audios/audio/20231020/16977732535764.mp3"
        },
        {
          "text": "再不走你就要消失啦！",
          "link": "//game.gtimg.cn/images/yxzj/zlkdatasys/audios/audio/20231020/16977731941774.mp3"
        },
        {
          "text": "不会画漫画的校阅官不是一个好编辑！",
          "link": "//game.gtimg.cn/images/yxzj/zlkdatasys/audios/audio/20231020/16977731056793.mp3"
        },
        {
          "text": "呜呜……不行，不行，我需要这份工作",
          "link": "//game.gtimg.cn/images/yxzj/zlkdatasys/audios/audio/20231020/16977731602598.mp3"
        },
        {
          "text": "我不能去，会被开除的",
          "link": "//game.gtimg.cn/images/yxzj/zlkdatasys/audios/audio/20231020/16977731318747.mp3"
        },
        {
          "text": "终于找到你了！",
          "link": "//game.gtimg.cn/images/yxzj/zlkdatasys/audios/audio/20231020/16977730431567.mp3"
        },
        {
          "text": "快跟我走",
          "link": "//game.gtimg.cn/images/yxzj/zlkdatasys/audios/audio/20231020/16977729393227.mp3"
        },
        {
          "text": "等等我，我还没上去呢！",
          "link": "//game.gtimg.cn/images/yxzj/zlkdatasys/audios/audio/20231020/16977729998137.mp3"
        },
        {
          "text": "没我不行吧",
          "link": "//game.gtimg.cn/images/yxzj/zlkdatasys/audios/audio/20231020/16977732249414.mp3"
        },
        {
          "text": "没有角色从遗忘之海回来过，除非有奇迹……",
          "link": "//game.gtimg.cn/images/yxzj/zlkdatasys/audios/audio/20231020/16977729673644.mp3"
        }
      ],
      "name": "时之奇旅"
    },
    {
      "voice": [
        {
          "text": "哼哼~大功告成！小小故障，难不倒本匠！",
          "link": "//game.gtimg.cn/images/yxzj/zlkdatasys/audios/audio/20240313/17103023181868.mp3"
        },
        {
          "text": "冬寒到夏暑，修修又补补，生活安心~又舒服~",
          "link": "//game.gtimg.cn/images/yxzj/zlkdatasys/audios/audio/20240313/17103023659343.mp3"
        },
        {
          "text": "秋风凉爽，果蔬香。正适合修护农庄！",
          "link": "//game.gtimg.cn/images/yxzj/zlkdatasys/audios/audio/20240313/17103023438452.mp3"
        },
        {
          "text": "尝过漂泊的滋味，就会更懂安定的珍贵",
          "link": "//game.gtimg.cn/images/yxzj/zlkdatasys/audios/audio/20240312/17102288254993.mp3"
        },
        {
          "text": "白菜白，辣椒红，我是庄园的修理工~",
          "link": "//game.gtimg.cn/images/yxzj/zlkdatasys/audios/audio/20240312/17102288472874.mp3"
        },
        {
          "text": "哎！你有见过一只绿油油，圆滚滚，长在土里的小狗吗？",
          "link": "//game.gtimg.cn/images/yxzj/zlkdatasys/audios/audio/20240312/17102288745364.mp3"
        },
        {
          "text": "时光在田埂间流淌。你看，那就是心安的模样",
          "link": "//game.gtimg.cn/images/yxzj/zlkdatasys/audios/audio/20240312/17102288984093.mp3"
        },
        {
          "text": "心有所依，才会看风是风，看雨是雨~",
          "link": "//game.gtimg.cn/images/yxzj/zlkdatasys/audios/audio/20240312/17102289217535.mp3"
        },
        {
          "text": "等我修好这套扩音设备，大家就可以听麦浪的秋日之歌了",
          "link": "//game.gtimg.cn/images/yxzj/zlkdatasys/audios/audio/20240312/17102289476013.mp3"
        },
        {
          "text": "乌云正当头，本匠要午休...",
          "link": "//game.gtimg.cn/images/yxzj/zlkdatasys/audios/audio/20240312/17102290639706.mp3"
        },
        {
          "text": "爆破拆除，也是我的职责~",
          "link": "//game.gtimg.cn/images/yxzj/zlkdatasys/audios/audio/20240312/17102290924930.mp3"
        },
        {
          "text": "本匠只修理器械！不修理脑袋！",
          "link": "//game.gtimg.cn/images/yxzj/zlkdatasys/audios/audio/20240312/17102291983006.mp3"
        },
        {
          "text": "蒜头爆破！",
          "link": "//game.gtimg.cn/images/yxzj/zlkdatasys/audios/audio/20240312/17102292353486.mp3"
        },
        {
          "text": "这里需要重建！",
          "link": "//game.gtimg.cn/images/yxzj/zlkdatasys/audios/audio/20240312/17102292583150.mp3"
        },
        {
          "text": "定位瞄准~预备开工！",
          "link": "//game.gtimg.cn/images/yxzj/zlkdatasys/audios/audio/20240312/17102292851793.mp3"
        },
        {
          "text": "秘密武器！",
          "link": "//game.gtimg.cn/images/yxzj/zlkdatasys/audios/audio/20240312/17102293115792.mp3"
        },
        {
          "text": "检修小队，出动！",
          "link": "//game.gtimg.cn/images/yxzj/zlkdatasys/audios/audio/20240312/17102293388718.mp3"
        },
        {
          "text": "让一让，排查故障！",
          "link": "//game.gtimg.cn/images/yxzj/zlkdatasys/audios/audio/20240312/17102293593172.mp3"
        },
        {
          "text": "摸摸脑袋，欢迎回家~",
          "link": "//game.gtimg.cn/images/yxzj/zlkdatasys/audios/audio/20240312/17102294343818.mp3"
        },
        {
          "text": "穿过那片河道，就是我们的庄园啦",
          "link": "//game.gtimg.cn/images/yxzj/zlkdatasys/audios/audio/20240312/17102294106653.mp3"
        },
        {
          "text": "新型洒水枪，想试试吗？",
          "link": "//game.gtimg.cn/images/yxzj/zlkdatasys/audios/audio/20240312/17102294611147.mp3"
        },
        {
          "text": "太阳落山啦！收工吃饭喽！",
          "link": "//game.gtimg.cn/images/yxzj/zlkdatasys/audios/audio/20240312/17102294845030.mp3"
        },
        {
          "text": "本年度最伟大的建造，完工！",
          "link": "//game.gtimg.cn/images/yxzj/zlkdatasys/audios/audio/20240312/17102295064910.mp3"
        },
        {
          "text": "你好呀，新伙伴~",
          "link": "//game.gtimg.cn/images/yxzj/zlkdatasys/audios/audio/20240312/17102295356072.mp3"
        },
        {
          "text": "啊啊啊啊！要爆炸啦！",
          "link": "//game.gtimg.cn/images/yxzj/zlkdatasys/audios/audio/20240312/17102295608515.mp3"
        },
        {
          "text": "装置维修中，禁止使用！",
          "link": "//game.gtimg.cn/images/yxzj/zlkdatasys/audios/audio/20240312/17102295826229.mp3"
        },
        {
          "text": "修理老旧物件的最好办法，就是用力拍打！",
          "link": "//game.gtimg.cn/images/yxzj/zlkdatasys/audios/audio/20240312/17102296036434.mp3"
        },
        {
          "text": "灵活的身体是建造的一级必要~",
          "link": "//game.gtimg.cn/images/yxzj/zlkdatasys/audios/audio/20240312/17102296263456.mp3"
        },
        {
          "text": "呜呜呜~有没有人看到我最爱的扳手",
          "link": "//game.gtimg.cn/images/yxzj/zlkdatasys/audios/audio/20240312/17102296554905.mp3"
        }
      ],
      "name": "蔬乡物语"
    }
  ]
}
