{
  "data": [
    {
      "voice": [
        {
          "text": "替星行道",
          "link": "//game.gtimg.cn/images/yxzj/zlkdatasys/audios/audio/20220409/16494893461782.wav"
        },
        {
          "text": "今天是对面的坏日子。",
          "link": "//game.gtimg.cn/images/yxzj/zlkdatasys/audios/audio/20220409/16494894561361.wav"
        },
        {
          "text": "见过我家那只可爱的宠物吗？它的名字叫大白",
          "link": "//game.gtimg.cn/images/yxzj/zlkdatasys/audios/audio/20220409/16494894807155.wav"
        },
        {
          "text": "意识很犀利嘛，可惜比不过我的剑刃。",
          "link": "//game.gtimg.cn/images/yxzj/zlkdatasys/audios/audio/20220409/16494895063470.wav"
        },
        {
          "text": "星光映照着我的生命，以及你的死期。",
          "link": "//game.gtimg.cn/images/yxzj/zlkdatasys/audios/audio/20220409/16494895366418.wav"
        },
        {
          "text": "燃烧的剑，燃烧的心！",
          "link": "//game.gtimg.cn/images/yxzj/zlkdatasys/audios/audio/20220409/16494895604837.wav"
        },
        {
          "text": "别在来不及的时候后悔。",
          "link": "//game.gtimg.cn/images/yxzj/zlkdatasys/audios/audio/20220409/16494895839604.wav"
        },
        {
          "text": "曾经与我的兄长较量过吗？",
          "link": "//game.gtimg.cn/images/yxzj/zlkdatasys/audios/audio/20220409/16494896068366.wav"
        },
        {
          "text": "黎明，新生……",
          "link": "//game.gtimg.cn/images/yxzj/zlkdatasys/audios/audio/20220409/16494896511950.wav"
        },
        {
          "text": "剑随心动！",
          "link": "//game.gtimg.cn/images/yxzj/zlkdatasys/audios/audio/20220409/16494897156474.wav"
        },
        {
          "text": "透骨的光辉！",
          "link": "//game.gtimg.cn/images/yxzj/zlkdatasys/audios/audio/20220409/16494897378238.wav"
        },
        {
          "text": "星光啊，闪爆他们！",
          "link": "//game.gtimg.cn/images/yxzj/zlkdatasys/audios/audio/20220409/16494897832188.wav"
        },
        {
          "text": "降临，凌冽寒星",
          "link": "//game.gtimg.cn/images/yxzj/zlkdatasys/audios/audio/20220409/16494898066752.wav"
        },
        {
          "text": "一点挑战都没有",
          "link": "//game.gtimg.cn/images/yxzj/zlkdatasys/audios/audio/20220409/16494898378104.wav"
        },
        {
          "text": "剑，是用来挑战强者的",
          "link": "//game.gtimg.cn/images/yxzj/zlkdatasys/audios/audio/20220409/16494898627754.wav"
        },
        {
          "text": "魔铠让你失去记忆的吗？",
          "link": "//game.gtimg.cn/images/yxzj/zlkdatasys/audios/audio/20220428/16511340102442.mp3"
        },
        {
          "text": "半点值得回忆的也没有吗？",
          "link": "//game.gtimg.cn/images/yxzj/zlkdatasys/audios/audio/20220428/16511340273624.mp3"
        },
        {
          "text": "你超越了魔道",
          "link": "//game.gtimg.cn/images/yxzj/zlkdatasys/audios/audio/20220428/16511340444737.mp3"
        },
        {
          "text": "也让我拥有勇气去超越你",
          "link": "//game.gtimg.cn/images/yxzj/zlkdatasys/audios/audio/20220428/16511340675223.mp3"
        },
        {
          "text": "足够强大到可以挑战你，哥哥，并带你回家。",
          "link": "//game.gtimg.cn/images/yxzj/zlkdatasys/audios/audio/20220428/16511340854267.mp3"
        }
      ],
      "name": "原皮"
    },
    {
      "voice": [
        {
          "text": "我们大家立刻开始这段感情吧~至尊宝。",
          "link": "//game.gtimg.cn/images/yxzj/zlkdatasys/audios/audio/20220409/16494916547288.wav"
        },
        {
          "text": "我在你心里，留下了一样东西。",
          "link": "//game.gtimg.cn/images/yxzj/zlkdatasys/audios/audio/20220409/16494917997578.wav"
        },
        {
          "text": "姻缘，上天安排的最大嘛!",
          "link": "//game.gtimg.cn/images/yxzj/zlkdatasys/audios/audio/20220409/16494918349219.wav"
        },
        {
          "text": "哇，跑都跑得那么帅，我真幸福！",
          "link": "//game.gtimg.cn/images/yxzj/zlkdatasys/audios/audio/20220409/16494919011708.wav"
        },
        {
          "text": "我的意中人是个盖世英雄，有一天他会踩着七色云彩来娶我",
          "link": "//game.gtimg.cn/images/yxzj/zlkdatasys/audios/audio/20220409/16494919185898.wav"
        },
        {
          "text": "我猜中了前头，可是我猜不中这结局。",
          "link": "//game.gtimg.cn/images/yxzj/zlkdatasys/audios/audio/20220409/16494919384135.wav"
        },
        {
          "text": "我只明白一件事，爱一个人是那么的痛苦。",
          "link": "//game.gtimg.cn/images/yxzj/zlkdatasys/audios/audio/20220409/16494919602162.wav"
        },
        {
          "text": "这不是神经病，是理想。",
          "link": "//game.gtimg.cn/images/yxzj/zlkdatasys/audios/audio/20220409/16494920213246.wav"
        },
        {
          "text": "心，还给你……",
          "link": "//game.gtimg.cn/images/yxzj/zlkdatasys/audios/audio/20220409/16494920471638.wav"
        },
        {
          "text": "混蛋！",
          "link": "//game.gtimg.cn/images/yxzj/zlkdatasys/audios/audio/20220409/16494920748765.wav"
        },
        {
          "text": "不可以！",
          "link": "//game.gtimg.cn/images/yxzj/zlkdatasys/audios/audio/20220409/16494921273034.wav"
        },
        {
          "text": "至尊宝！",
          "link": "//game.gtimg.cn/images/yxzj/zlkdatasys/audios/audio/20220409/16494921612379.wav"
        },
        {
          "text": "早就知道你有问题！",
          "link": "//game.gtimg.cn/images/yxzj/zlkdatasys/audios/audio/20220409/16494922744766.wav"
        },
        {
          "text": "现身吧！",
          "link": "//game.gtimg.cn/images/yxzj/zlkdatasys/audios/audio/20220409/16494922937211.wav"
        },
        {
          "text": "你怕不怕？",
          "link": "//game.gtimg.cn/images/yxzj/zlkdatasys/audios/audio/20220409/16494923116812.wav"
        },
        {
          "text": "我会生气的。",
          "link": "//game.gtimg.cn/images/yxzj/zlkdatasys/audios/audio/20220409/16494924491792.wav"
        },
        {
          "text": "哼，骗我的下场",
          "link": "//game.gtimg.cn/images/yxzj/zlkdatasys/audios/audio/20220409/16494924793922.wav"
        },
        {
          "text": "输给我的话，就是我的人。跟我的驴一样，要盖个章！",
          "link": "//game.gtimg.cn/images/yxzj/zlkdatasys/audios/audio/20220409/16494925229282.wav"
        }
      ],
      "name": "紫霞仙子"
    },
    {
      "voice": [
        {
          "text": "这个峡谷里所有东西都属于我，包括你在内。",
          "link": "//game.gtimg.cn/images/yxzj/zlkdatasys/audios/audio/20220414/16499309537228.mp3"
        },
        {
          "text": "你再往前半步，我就...我会彻底原谅你。",
          "link": "//game.gtimg.cn/images/yxzj/zlkdatasys/audios/audio/20220414/16499309683381.mp3"
        },
        {
          "text": "你现在是我的人了，过来乖一点。",
          "link": "//game.gtimg.cn/images/yxzj/zlkdatasys/audios/audio/20220414/16499309811711.mp3"
        },
        {
          "text": "一直在等着……",
          "link": "//game.gtimg.cn/images/yxzj/zlkdatasys/audios/audio/20220409/16494926971069.wav"
        },
        {
          "text": "只羡鸳鸯不羡仙~",
          "link": "//game.gtimg.cn/images/yxzj/zlkdatasys/audios/audio/20220409/16494927178529.wav"
        },
        {
          "text": "有人的心，长得好像椰子哦~",
          "link": "//game.gtimg.cn/images/yxzj/zlkdatasys/audios/audio/20220409/16494927378815.wav"
        },
        {
          "text": "心跳得好厉害……",
          "link": "//game.gtimg.cn/images/yxzj/zlkdatasys/audios/audio/20220409/16494927589279.wav"
        },
        {
          "text": "活在过去，会永远错过现在。",
          "link": "//game.gtimg.cn/images/yxzj/zlkdatasys/audios/audio/20220409/16494927799546.wav"
        },
        {
          "text": "天黑了，我要去找姐姐了……",
          "link": "//game.gtimg.cn/images/yxzj/zlkdatasys/audios/audio/20220409/16494928089860.wav"
        },
        {
          "text": "给你盖个章吧！",
          "link": "//game.gtimg.cn/images/yxzj/zlkdatasys/audios/audio/20220409/16494928731838.wav"
        },
        {
          "text": "往哪跑？",
          "link": "//game.gtimg.cn/images/yxzj/zlkdatasys/audios/audio/20220409/16494929196388.wav"
        },
        {
          "text": "如果有人欺负你，就报我的名字！",
          "link": "//game.gtimg.cn/images/yxzj/zlkdatasys/audios/audio/20220409/16494929539874.wav"
        },
        {
          "text": "爱我就要付出代价！",
          "link": "//game.gtimg.cn/images/yxzj/zlkdatasys/audios/audio/20220409/16494930197645.wav"
        },
        {
          "text": "就凭你，也拔得出我的紫青宝剑？",
          "link": "//game.gtimg.cn/images/yxzj/zlkdatasys/audios/audio/20220409/16494930451820.wav"
        }
      ],
      "name": "一生所爱"
    },
    {
      "voice": [
        {
          "text": "我知道你因何离去——那时，火熄灭在风里，苍穹鸣泣……",
          "link": "//game.gtimg.cn/images/yxzj/zlkdatasys/audios/audio/20220425/16508782484348.mp3"
        },
        {
          "text": "神不欲使人知晓的，将由我来告知。",
          "link": "//game.gtimg.cn/images/yxzj/zlkdatasys/audios/audio/20220425/16508782721594.mp3"
        },
        {
          "text": "神殿之下，无尽泪雨……无权抓住命运的手，满握风雨……",
          "link": "//game.gtimg.cn/images/yxzj/zlkdatasys/audios/audio/20220425/16508782941628.mp3"
        },
        {
          "text": "能被自己掌握的，才叫命运。",
          "link": "//game.gtimg.cn/images/yxzj/zlkdatasys/audios/audio/20220425/16508783154050.mp3"
        },
        {
          "text": "命运判处你已获神罪……给你戴上，为别人打破的枷锁……",
          "link": "//game.gtimg.cn/images/yxzj/zlkdatasys/audios/audio/20220426/16509595256486.mp3"
        },
        {
          "text": "永恒的枷锁？（哼）那就斩断它。",
          "link": "//game.gtimg.cn/images/yxzj/zlkdatasys/audios/audio/20220425/16508783292715.mp3"
        },
        {
          "text": "人间真正的悲剧，是神畏惧光明。",
          "link": "//game.gtimg.cn/images/yxzj/zlkdatasys/audios/audio/20220425/16508744132548.mp3"
        },
        {
          "text": "熔化诸神的冠冕，铸吾手中之剑！",
          "link": "//game.gtimg.cn/images/yxzj/zlkdatasys/audios/audio/20220425/16508744367570.wav"
        },
        {
          "text": "让人能抓住自己的命运...在白昼之前，点起第一簇火。",
          "link": "//game.gtimg.cn/images/yxzj/zlkdatasys/audios/audio/20220425/16508744598501.wav"
        },
        {
          "text": "离开神殿的前夜，我们在往事中诀别。",
          "link": "//game.gtimg.cn/images/yxzj/zlkdatasys/audios/audio/20220425/16508744788049.wav"
        },
        {
          "text": "如果夺走名字就能抹去存在，那我就做和你一样的无名者。",
          "link": "//game.gtimg.cn/images/yxzj/zlkdatasys/audios/audio/20220425/16508744991230.wav"
        },
        {
          "text": "陨落的英魂，将声音留在回音之间。",
          "link": "//game.gtimg.cn/images/yxzj/zlkdatasys/audios/audio/20220425/16508745178070.mp3"
        },
        {
          "text": "能为不幸者垂泪的力量，胜过一切刀剑。",
          "link": "//game.gtimg.cn/images/yxzj/zlkdatasys/audios/audio/20220425/16508745431680.mp3"
        },
        {
          "text": "对峙命运？（笑的语气）我不是第一个这样做的人，不是么。",
          "link": "//game.gtimg.cn/images/yxzj/zlkdatasys/audios/audio/20220425/16508745589204.mp3"
        },
        {
          "text": "在世间，我们只有一种方法重逢。",
          "link": "//game.gtimg.cn/images/yxzj/zlkdatasys/audios/audio/20220425/16508743375068.wav"
        },
        {
          "text": "你们自由了。",
          "link": "//game.gtimg.cn/images/yxzj/zlkdatasys/audios/audio/20220425/16508743916426.mp3"
        },
        {
          "text": "你所说的“幸运”，就是对除己之外的痛苦一无所知？",
          "link": "//game.gtimg.cn/images/yxzj/zlkdatasys/audios/audio/20220426/16509573375031.mp3"
        },
        {
          "text": "苍青之剑！",
          "link": "//game.gtimg.cn/images/yxzj/zlkdatasys/audios/audio/20220425/16508745771332.mp3"
        },
        {
          "text": "以遗忘为名。",
          "link": "//game.gtimg.cn/images/yxzj/zlkdatasys/audios/audio/20220425/16508745943019.mp3"
        },
        {
          "text": "开先行者之路！",
          "link": "//game.gtimg.cn/images/yxzj/zlkdatasys/audios/audio/20220425/16508746066124.mp3"
        },
        {
          "text": "先知蒙召！",
          "link": "//game.gtimg.cn/images/yxzj/zlkdatasys/audios/audio/20220425/16508746185211.mp3"
        },
        {
          "text": "魂游象外！",
          "link": "//game.gtimg.cn/images/yxzj/zlkdatasys/audios/audio/20220425/16508746287252.mp3"
        },
        {
          "text": "轮盘踯躅，暮色哀歌……",
          "link": "//game.gtimg.cn/images/yxzj/zlkdatasys/audios/audio/20220426/16509412428970.mp3"
        },
        {
          "text": "审判逆位，神罪枷锁。",
          "link": "//game.gtimg.cn/images/yxzj/zlkdatasys/audios/audio/20220426/16509412569644.mp3"
        },
        {
          "text": "灰烬神座，安息之所！",
          "link": "//game.gtimg.cn/images/yxzj/zlkdatasys/audios/audio/20220426/16509412707396.mp3"
        },
        {
          "text": "永约之证！",
          "link": "//game.gtimg.cn/images/yxzj/zlkdatasys/audios/audio/20220425/16508743604255.mp3"
        }
      ],
      "name": "启示之音"
    },
    {
      "voice": [
        {
          "text": "纷纷吹落无尘处……霜雪澄明，冰心可鉴。",
          "link": "//game.gtimg.cn/images/yxzj/zlkdatasys/audios/audio/20231218/17028688881683.mp3"
        },
        {
          "text": "砺雪凌霜三尺剑，为示天下不平人。",
          "link": "//game.gtimg.cn/images/yxzj/zlkdatasys/audios/audio/20231218/17028689213413.mp3"
        },
        {
          "text": "剑指千星，问道苍冥。",
          "link": "//game.gtimg.cn/images/yxzj/zlkdatasys/audios/audio/20231218/17028689587740.mp3"
        },
        {
          "text": "雪境化三清域外，寸心系尘世万千。",
          "link": "//game.gtimg.cn/images/yxzj/zlkdatasys/audios/audio/20231218/17028679681937.mp3"
        },
        {
          "text": "修真者的仙途，何以由凡人的牺牲铸就？",
          "link": "//game.gtimg.cn/images/yxzj/zlkdatasys/audios/audio/20231218/17028679921441.mp3"
        },
        {
          "text": "未曾被上苍注视的生命，亦将名姓写在天地之间。",
          "link": "//game.gtimg.cn/images/yxzj/zlkdatasys/audios/audio/20231218/17028680152401.mp3"
        },
        {
          "text": "荒原上终年不化的冻雪，是飘零之魂的凝结。",
          "link": "//game.gtimg.cn/images/yxzj/zlkdatasys/audios/audio/20231218/17028680364608.mp3"
        },
        {
          "text": "他们的呼声，遗落为深谷中冗长的回音。",
          "link": "//game.gtimg.cn/images/yxzj/zlkdatasys/audios/audio/20231218/17028680575235.mp3"
        },
        {
          "text": "众生决意即为剑意，万世民心可证道心。",
          "link": "//game.gtimg.cn/images/yxzj/zlkdatasys/audios/audio/20231218/17028680861490.mp3"
        },
        {
          "text": "活下去……为了和我们一样的漂泊者，不再别离。",
          "link": "//game.gtimg.cn/images/yxzj/zlkdatasys/audios/audio/20231218/17028681132357.mp3"
        },
        {
          "text": "怎能...在此刻离去……",
          "link": "//game.gtimg.cn/images/yxzj/zlkdatasys/audios/audio/20231218/17028681614294.mp3"
        },
        {
          "text": "风骨尽失，仙道何存？",
          "link": "//game.gtimg.cn/images/yxzj/zlkdatasys/audios/audio/20231218/17028682126167.mp3"
        },
        {
          "text": "空山无归，春风不渡。",
          "link": "//game.gtimg.cn/images/yxzj/zlkdatasys/audios/audio/20231218/17028682778662.mp3"
        },
        {
          "text": "苍风试霜刃，冷月照归人。",
          "link": "//game.gtimg.cn/images/yxzj/zlkdatasys/audios/audio/20231218/17028683118049.mp3"
        },
        {
          "text": "临风。",
          "link": "//game.gtimg.cn/images/yxzj/zlkdatasys/audios/audio/20231218/17028683399947.mp3"
        },
        {
          "text": "吹雪。",
          "link": "//game.gtimg.cn/images/yxzj/zlkdatasys/audios/audio/20231218/17028683623430.mp3"
        },
        {
          "text": "衔霜。",
          "link": "//game.gtimg.cn/images/yxzj/zlkdatasys/audios/audio/20231218/17028684358588.mp3"
        },
        {
          "text": "琉璃净。",
          "link": "//game.gtimg.cn/images/yxzj/zlkdatasys/audios/audio/20231218/17028684602858.mp3"
        },
        {
          "text": "琼芳引。",
          "link": "//game.gtimg.cn/images/yxzj/zlkdatasys/audios/audio/20231218/17028684908186.mp3"
        },
        {
          "text": "素心寒。",
          "link": "//game.gtimg.cn/images/yxzj/zlkdatasys/audios/audio/20231218/17028685688287.mp3"
        },
        {
          "text": "逐月照影。",
          "link": "//game.gtimg.cn/images/yxzj/zlkdatasys/audios/audio/20231218/17028685937142.mp3"
        },
        {
          "text": "洄梦流光。",
          "link": "//game.gtimg.cn/images/yxzj/zlkdatasys/audios/audio/20231218/17028686204485.mp3"
        },
        {
          "text": "雪映清辉。",
          "link": "//game.gtimg.cn/images/yxzj/zlkdatasys/audios/audio/20231218/17028686436141.mp3"
        },
        {
          "text": "天地皓然。",
          "link": "//game.gtimg.cn/images/yxzj/zlkdatasys/audios/audio/20231218/17028686684910.mp3"
        },
        {
          "text": "往来纵横。",
          "link": "//game.gtimg.cn/images/yxzj/zlkdatasys/audios/audio/20231218/17028686908506.mp3"
        },
        {
          "text": "剑破长空。",
          "link": "//game.gtimg.cn/images/yxzj/zlkdatasys/audios/audio/20231218/17028687119402.mp3"
        },
        {
          "text": "当以此剑，斩尽诸世不公。",
          "link": "//game.gtimg.cn/images/yxzj/zlkdatasys/audios/audio/20231218/17028687361488.mp3"
        }
      ],
      "name": "霜月吟"
    }
  ]
}
