{
  "data": [
    {
      "voice": [
        {
          "text": "我是这个世界的梦魇！",
          "link": "//game.gtimg.cn/images/yxzj/zlkdatasys/audios/audio/20220412/16497677555239.wav"
        },
        {
          "text": "战争，为我而生！",
          "link": "//game.gtimg.cn/images/yxzj/zlkdatasys/audios/audio/20220412/16497677746907.wav"
        },
        {
          "text": "前方深渊，身后地狱！",
          "link": "//game.gtimg.cn/images/yxzj/zlkdatasys/audios/audio/20220412/16497678486452.wav"
        },
        {
          "text": "无法得到，那就将她彻底毁掉！",
          "link": "//game.gtimg.cn/images/yxzj/zlkdatasys/audios/audio/20220412/16497678657502.wav"
        },
        {
          "text": "心中的黑暗，在不断膨胀。",
          "link": "//game.gtimg.cn/images/yxzj/zlkdatasys/audios/audio/20220412/16497678782209.wav"
        },
        {
          "text": "放马过来吧，哈哈哈哈哈哈",
          "link": "//game.gtimg.cn/images/yxzj/zlkdatasys/audios/audio/20220412/16497678933191.wav"
        },
        {
          "text": "我的貂蝉在哪里？",
          "link": "//game.gtimg.cn/images/yxzj/zlkdatasys/audios/audio/20220412/16497680039709.wav"
        },
        {
          "text": "从此刻开始，战场，由我一人主宰！",
          "link": "//game.gtimg.cn/images/yxzj/zlkdatasys/audios/audio/20220412/16497680432779.wav"
        },
        {
          "text": "不要……再回到黑暗中！",
          "link": "//game.gtimg.cn/images/yxzj/zlkdatasys/audios/audio/20220412/16497681055499.wav"
        },
        {
          "text": "哈哈哈哈哈哈，一起上啊",
          "link": "//game.gtimg.cn/images/yxzj/zlkdatasys/audios/audio/20220412/16497721521150.wav"
        },
        {
          "text": "嘿嘿，痛快，痛快！",
          "link": "//game.gtimg.cn/images/yxzj/zlkdatasys/audios/audio/20220412/16497721632402.wav"
        },
        {
          "text": "收下，我的复仇！",
          "link": "//game.gtimg.cn/images/yxzj/zlkdatasys/audios/audio/20220412/16497721843770.wav"
        },
        {
          "text": "诅咒这世界",
          "link": "//game.gtimg.cn/images/yxzj/zlkdatasys/audios/audio/20220412/16497721994607.wav"
        },
        {
          "text": "天魔降世，乱舞无双！",
          "link": "//game.gtimg.cn/images/yxzj/zlkdatasys/audios/audio/20220412/16497722496406.mp3"
        },
        {
          "text": "方天画戟面前坚持不到5秒钟的，也算真男人？",
          "link": "//game.gtimg.cn/images/yxzj/zlkdatasys/audios/audio/20220412/16497722668188.wav"
        }
      ],
      "name": "原皮"
    },
    {
      "voice": [
        {
          "text": "看你孤单寂寞冷，就勉强陪你过个节！",
          "link": "//game.gtimg.cn/images/yxzj/zlkdatasys/audios/audio/20220412/16497723435836.wav"
        },
        {
          "text": "圣诞快乐！",
          "link": "//game.gtimg.cn/images/yxzj/zlkdatasys/audios/audio/20220412/16497723578219.wav"
        },
        {
          "text": "哟，又一个没收到圣诞卡片的可怜家伙",
          "link": "//game.gtimg.cn/images/yxzj/zlkdatasys/audios/audio/20220412/16497723729358.wav"
        },
        {
          "text": "叮叮当叮叮当 铃儿响叮……啊，作为酷男牺牲很大！",
          "link": "//game.gtimg.cn/images/yxzj/zlkdatasys/audios/audio/20220412/16497723874937.wav"
        },
        {
          "text": "放心吧，貂蝉，我的心还是属于你的。",
          "link": "//game.gtimg.cn/images/yxzj/zlkdatasys/audios/audio/20220412/16497724003503.wav"
        },
        {
          "text": "嗯~这棵圣诞树很称手哈哈哈！",
          "link": "//game.gtimg.cn/images/yxzj/zlkdatasys/audios/audio/20220412/16497724128545.wav"
        },
        {
          "text": "喂！对面的电灯泡~你们就羡慕嫉妒恨吧！",
          "link": "//game.gtimg.cn/images/yxzj/zlkdatasys/audios/audio/20220412/16497724311439.wav"
        },
        {
          "text": "为什么，一个人……",
          "link": "//game.gtimg.cn/images/yxzj/zlkdatasys/audios/audio/20220412/16497724477492.wav"
        },
        {
          "text": "和小婵的自拍，就是在这种时候秀的！",
          "link": "//game.gtimg.cn/images/yxzj/zlkdatasys/audios/audio/20220412/16497724697994.wav"
        }
      ],
      "name": "圣诞狂欢"
    },
    {
      "voice": [
        {
          "text": "哈哈哈哈哈哈哈哈，收下我的复仇！",
          "link": "//game.gtimg.cn/images/yxzj/zlkdatasys/audios/audio/20220418/16502464298117.mp3"
        },
        {
          "text": "哈哈哈哈哈哈哈哈，嚯！诅咒这世界！",
          "link": "//game.gtimg.cn/images/yxzj/zlkdatasys/audios/audio/20220414/16499338764968.mp3"
        },
        {
          "text": "即使下地狱，也会和你一起！貂蝉！",
          "link": "//game.gtimg.cn/images/yxzj/zlkdatasys/audios/audio/20220414/16499338949630.mp3"
        },
        {
          "text": "无法得到，那就将她彻底毁掉！",
          "link": "//game.gtimg.cn/images/yxzj/zlkdatasys/audios/audio/20220412/16497731413677.mp3"
        },
        {
          "text": "心中的黑暗，在不断膨胀！",
          "link": "//game.gtimg.cn/images/yxzj/zlkdatasys/audios/audio/20220412/16497731545407.wav"
        },
        {
          "text": "放马过来吧，哈哈哈哈哈哈！",
          "link": "//game.gtimg.cn/images/yxzj/zlkdatasys/audios/audio/20220412/16497731739586.mp3"
        },
        {
          "text": "我的貂蝉在哪里？",
          "link": "//game.gtimg.cn/images/yxzj/zlkdatasys/audios/audio/20220412/16497731852765.mp3"
        },
        {
          "text": "从此刻开始，战场，由我一人主宰",
          "link": "//game.gtimg.cn/images/yxzj/zlkdatasys/audios/audio/20220412/16497731981441.mp3"
        },
        {
          "text": "不要……再回到黑暗中！",
          "link": "//game.gtimg.cn/images/yxzj/zlkdatasys/audios/audio/20220412/16497732184055.mp3"
        },
        {
          "text": "神挡杀神！",
          "link": "//game.gtimg.cn/images/yxzj/zlkdatasys/audios/audio/20220412/16497732405799.wav"
        },
        {
          "text": "哈哈哈哈哈哈，一起上啊！",
          "link": "//game.gtimg.cn/images/yxzj/zlkdatasys/audios/audio/20220412/16497732523029.wav"
        },
        {
          "text": "连鬼神也杀给你看！",
          "link": "//game.gtimg.cn/images/yxzj/zlkdatasys/audios/audio/20220412/16497732662238.wav"
        },
        {
          "text": "痛快痛快！",
          "link": "//game.gtimg.cn/images/yxzj/zlkdatasys/audios/audio/20220412/16497732859729.wav"
        },
        {
          "text": "方天画戟面前坚持不到5秒钟的，也算真男人？",
          "link": "//game.gtimg.cn/images/yxzj/zlkdatasys/audios/audio/20220412/16497733173503.mp3"
        }
      ],
      "name": "天魔缭乱"
    },
    {
      "voice": [
        {
          "text": "重启系统！",
          "link": "//game.gtimg.cn/images/yxzj/zlkdatasys/audios/audio/20220412/16497734212974.wav"
        },
        {
          "text": "被制造的毁灭者！",
          "link": "//game.gtimg.cn/images/yxzj/zlkdatasys/audios/audio/20220412/16497734388203.wav"
        },
        {
          "text": "不再为人，自然高人一等",
          "link": "//game.gtimg.cn/images/yxzj/zlkdatasys/audios/audio/20220412/16497734509522.wav"
        },
        {
          "text": "虚拟，虚幻，虚无。",
          "link": "//game.gtimg.cn/images/yxzj/zlkdatasys/audios/audio/20220412/16497734699407.wav"
        },
        {
          "text": "代码告诉我，你只是个测试版。",
          "link": "//game.gtimg.cn/images/yxzj/zlkdatasys/audios/audio/20220412/16497734887881.wav"
        },
        {
          "text": "貂蝉，私有变量。调用者，清除！",
          "link": "//game.gtimg.cn/images/yxzj/zlkdatasys/audios/audio/20220412/16497735096290.mp3"
        },
        {
          "text": "陶醉于虚构的胜利，操纵你的却不过是些小孩",
          "link": "//game.gtimg.cn/images/yxzj/zlkdatasys/audios/audio/20220412/16497735321923.mp3"
        },
        {
          "text": "构建失败~",
          "link": "//game.gtimg.cn/images/yxzj/zlkdatasys/audios/audio/20220412/16497735474828.wav"
        },
        {
          "text": "哈哈！无知是种幸福！",
          "link": "//game.gtimg.cn/images/yxzj/zlkdatasys/audios/audio/20220412/16497735992554.wav"
        },
        {
          "text": "机甲也会叛逆",
          "link": "//game.gtimg.cn/images/yxzj/zlkdatasys/audios/audio/20220412/16497736152423.wav"
        },
        {
          "text": "渴望失控，需要失控！",
          "link": "//game.gtimg.cn/images/yxzj/zlkdatasys/audios/audio/20220412/16497736275541.wav"
        },
        {
          "text": "轰塌这谎言的沙盘！",
          "link": "//game.gtimg.cn/images/yxzj/zlkdatasys/audios/audio/20220412/16497736401768.wav"
        }
      ],
      "name": "末日机甲"
    },
    {
      "voice": [
        {
          "text": "百厄除尽，万象更新！",
          "link": "//game.gtimg.cn/images/yxzj/zlkdatasys/audios/audio/20220414/16499339336956.mp3"
        },
        {
          "text": "劲风卷尘，涤荡百秽",
          "link": "//game.gtimg.cn/images/yxzj/zlkdatasys/audios/audio/20220414/16499340003324.mp3"
        },
        {
          "text": "扶摇破空！",
          "link": "//game.gtimg.cn/images/yxzj/zlkdatasys/audios/audio/20220414/16499339811536.mp3"
        },
        {
          "text": "风知道自己该往哪儿走！",
          "link": "//game.gtimg.cn/images/yxzj/zlkdatasys/audios/audio/20220412/16497739412181.wav"
        },
        {
          "text": "愈战愈勇！",
          "link": "//game.gtimg.cn/images/yxzj/zlkdatasys/audios/audio/20220412/16497739542069.wav"
        },
        {
          "text": "来得更猛烈些吧！",
          "link": "//game.gtimg.cn/images/yxzj/zlkdatasys/audios/audio/20220412/16497739663368.wav"
        },
        {
          "text": "哼，凭你，也想与我并肩吗？！",
          "link": "//game.gtimg.cn/images/yxzj/zlkdatasys/audios/audio/20220412/16497739821956.mp3"
        },
        {
          "text": "苍天不仁，我便来教他仁慈！",
          "link": "//game.gtimg.cn/images/yxzj/zlkdatasys/audios/audio/20220412/16497739945846.wav"
        },
        {
          "text": "与其借风而行，不如猎风于掌中！",
          "link": "//game.gtimg.cn/images/yxzj/zlkdatasys/audios/audio/20220412/16497740112534.wav"
        },
        {
          "text": "来闯闯逆风的道路！",
          "link": "//game.gtimg.cn/images/yxzj/zlkdatasys/audios/audio/20220412/16497740302749.wav"
        },
        {
          "text": "风烟俱净…...",
          "link": "//game.gtimg.cn/images/yxzj/zlkdatasys/audios/audio/20220412/16497740749393.wav"
        },
        {
          "text": "碎云！",
          "link": "//game.gtimg.cn/images/yxzj/zlkdatasys/audios/audio/20220412/16497741023573.wav"
        },
        {
          "text": "呼啸而至！",
          "link": "//game.gtimg.cn/images/yxzj/zlkdatasys/audios/audio/20220412/16497741159869.wav"
        },
        {
          "text": "谁人可挡！",
          "link": "//game.gtimg.cn/images/yxzj/zlkdatasys/audios/audio/20220412/16497741361085.wav"
        },
        {
          "text": "罡风 开路！",
          "link": "//game.gtimg.cn/images/yxzj/zlkdatasys/audios/audio/20220412/16497741554465.wav"
        },
        {
          "text": "狂飙 落九天！",
          "link": "//game.gtimg.cn/images/yxzj/zlkdatasys/audios/audio/20220412/16497741751394.wav"
        },
        {
          "text": "横扫 天地清！",
          "link": "//game.gtimg.cn/images/yxzj/zlkdatasys/audios/audio/20220412/16497741969083.wav"
        },
        {
          "text": "镇收邪祟，荡尽魑魅！",
          "link": "//game.gtimg.cn/images/yxzj/zlkdatasys/audios/audio/20220412/16497742167304.wav"
        },
        {
          "text": "瑞象在此，灾祸退散！",
          "link": "//game.gtimg.cn/images/yxzj/zlkdatasys/audios/audio/20220412/16497742315835.mp3"
        },
        {
          "text": "送你上青云~",
          "link": "//game.gtimg.cn/images/yxzj/zlkdatasys/audios/audio/20220412/16497742482513.wav"
        },
        {
          "text": "新春顺风来！",
          "link": "//game.gtimg.cn/images/yxzj/zlkdatasys/audios/audio/20220412/16497742651053.wav"
        },
        {
          "text": "风雷终有一战，你可别逃！",
          "link": "//game.gtimg.cn/images/yxzj/zlkdatasys/audios/audio/20220414/16499339533826.mp3"
        },
        {
          "text": "先让我看看你的本事！",
          "link": "//game.gtimg.cn/images/yxzj/zlkdatasys/audios/audio/20220414/16499340151735.mp3"
        }
      ],
      "name": "御风骁将"
    },
    {
      "voice": [
        {
          "text": "永恒荣耀，不灭星辰！",
          "link": "//game.gtimg.cn/images/yxzj/zlkdatasys/audios/audio/20230110/16733399147469.mp3"
        },
        {
          "text": "从今日起，我即是众海之王！",
          "link": "//game.gtimg.cn/images/yxzj/zlkdatasys/audios/audio/20230110/16733399586588.mp3"
        },
        {
          "text": "麟兽相伴，威压四海狂涛！",
          "link": "//game.gtimg.cn/images/yxzj/zlkdatasys/audios/audio/20230110/16733400125545.mp3"
        },
        {
          "text": "失落之城仍在海底沉睡，而我会使它重见光明。",
          "link": "//game.gtimg.cn/images/yxzj/zlkdatasys/audios/audio/20230110/16733386865776.wav"
        },
        {
          "text": "被海水淹没前，它曾是世界上最恢弘的城市。",
          "link": "//game.gtimg.cn/images/yxzj/zlkdatasys/audios/audio/20230110/16733387132485.wav"
        },
        {
          "text": "不想屈于深渊，那就战斗到死！",
          "link": "//game.gtimg.cn/images/yxzj/zlkdatasys/audios/audio/20230110/16733387369257.wav"
        },
        {
          "text": "大海也该有个主人了。",
          "link": "//game.gtimg.cn/images/yxzj/zlkdatasys/audios/audio/20230110/16733388268528.wav"
        },
        {
          "text": "暴风雨永不停息？哼，我会让它停下。",
          "link": "//game.gtimg.cn/images/yxzj/zlkdatasys/audios/audio/20230110/16733388504704.wav"
        },
        {
          "text": "在与风暴对抗的远方，期待你的挑战。",
          "link": "//game.gtimg.cn/images/yxzj/zlkdatasys/audios/audio/20230110/16733388759992.wav"
        },
        {
          "text": "海怪的利齿尖牙不过是休憩时的调味剂。",
          "link": "//game.gtimg.cn/images/yxzj/zlkdatasys/audios/audio/20230110/16733389128941.wav"
        },
        {
          "text": "和大海决胜的每一场战斗，我都不会缺席。",
          "link": "//game.gtimg.cn/images/yxzj/zlkdatasys/audios/audio/20230110/16733389333240.wav"
        },
        {
          "text": "还有更汹涌的风浪吗，尽管来吧！",
          "link": "//game.gtimg.cn/images/yxzj/zlkdatasys/audios/audio/20230110/16733389594631.wav"
        },
        {
          "text": "奔流！",
          "link": "//game.gtimg.cn/images/yxzj/zlkdatasys/audios/audio/20230110/16733390145389.wav"
        },
        {
          "text": "浪涌！",
          "link": "//game.gtimg.cn/images/yxzj/zlkdatasys/audios/audio/20230110/16733390366576.wav"
        },
        {
          "text": "海啸！",
          "link": "//game.gtimg.cn/images/yxzj/zlkdatasys/audios/audio/20230110/16733390566042.wav"
        },
        {
          "text": "狂风卷浪！",
          "link": "//game.gtimg.cn/images/yxzj/zlkdatasys/audios/audio/20230110/16733390777478.wav"
        },
        {
          "text": "归于大海！",
          "link": "//game.gtimg.cn/images/yxzj/zlkdatasys/audios/audio/20230110/16733390973646.wav"
        },
        {
          "text": "涨潮了。",
          "link": "//game.gtimg.cn/images/yxzj/zlkdatasys/audios/audio/20230110/16733391174882.wav"
        },
        {
          "text": "迎接你们的王！",
          "link": "//game.gtimg.cn/images/yxzj/zlkdatasys/audios/audio/20230110/16733392151257.wav"
        },
        {
          "text": "海潮，听我号令！",
          "link": "//game.gtimg.cn/images/yxzj/zlkdatasys/audios/audio/20230110/16733392365838.wav"
        },
        {
          "text": "不过如此！",
          "link": "//game.gtimg.cn/images/yxzj/zlkdatasys/audios/audio/20230110/16733392598822.wav"
        },
        {
          "text": "兄弟们天下无敌！",
          "link": "//game.gtimg.cn/images/yxzj/zlkdatasys/audios/audio/20230110/16733392955073.wav"
        },
        {
          "text": "向你的王低头！",
          "link": "//game.gtimg.cn/images/yxzj/zlkdatasys/audios/audio/20230110/16733393205702.wav"
        },
        {
          "text": "勇士征服巨浪，弱者随波逐流。",
          "link": "//game.gtimg.cn/images/yxzj/zlkdatasys/audios/audio/20230110/16733393447908.wav"
        },
        {
          "text": "下一位挑战者呢？别让我等太久。",
          "link": "//game.gtimg.cn/images/yxzj/zlkdatasys/audios/audio/20230110/16733393703714.wav"
        },
        {
          "text": "似乎在海底看到了星光。",
          "link": "//game.gtimg.cn/images/yxzj/zlkdatasys/audios/audio/20230110/16733394144784.wav"
        },
        {
          "text": "临危不惧！",
          "link": "//game.gtimg.cn/images/yxzj/zlkdatasys/audios/audio/20230110/16733394379737.wav"
        }
      ],
      "name": "怒海鳞威"
    },
    {
      "voice": [
        {
          "text": "天道弃吾，堕魔为生！",
          "link": "//game.gtimg.cn/images/yxzj/zlkdatasys/audios/audio/20240307/17098056901941.mp3"
        },
        {
          "text": "你我纵为甘渊困兽，命不由天，噬日何妨？",
          "link": "//game.gtimg.cn/images/yxzj/zlkdatasys/audios/audio/20240307/17098057096848.mp3"
        },
        {
          "text": "弃仙成魔，可斩——九霄之徒！",
          "link": "//game.gtimg.cn/images/yxzj/zlkdatasys/audios/audio/20240307/17098057365524.mp3"
        },
        {
          "text": "吾乃战神烈阳，暂困寒潭千丈！",
          "link": "//game.gtimg.cn/images/yxzj/zlkdatasys/audios/audio/20240306/17097175855426.mp3"
        },
        {
          "text": "九霄不义吾不仁，便教画戟换乾坤！",
          "link": "//game.gtimg.cn/images/yxzj/zlkdatasys/audios/audio/20240306/17097176392534.mp3"
        },
        {
          "text": "仙魔两道皆负我，寒牢永夜，千载始见光。",
          "link": "//game.gtimg.cn/images/yxzj/zlkdatasys/audios/audio/20240306/17097176766069.mp3"
        },
        {
          "text": "曦光一点生波澜，入骨三分……哼，竟是相思之意。",
          "link": "//game.gtimg.cn/images/yxzj/zlkdatasys/audios/audio/20240306/17097177045300.mp3"
        },
        {
          "text": "寒潭声断，许一黑鸦销尔离索。",
          "link": "//game.gtimg.cn/images/yxzj/zlkdatasys/audios/audio/20240306/17097177267791.mp3"
        },
        {
          "text": "与天争高尚不惧，却恐……玄乌惊语。",
          "link": "//game.gtimg.cn/images/yxzj/zlkdatasys/audios/audio/20240306/17097177516927.mp3"
        },
        {
          "text": "天地虽隔终得见，再赠东西南北音！",
          "link": "//game.gtimg.cn/images/yxzj/zlkdatasys/audios/audio/20240306/17097177816544.mp3"
        },
        {
          "text": "情根深种，漫随眼底到心中。",
          "link": "//game.gtimg.cn/images/yxzj/zlkdatasys/audios/audio/20240306/17097178261500.mp3"
        },
        {
          "text": "仙魔皆伏，死生何阻，从此九霄归一处。",
          "link": "//game.gtimg.cn/images/yxzj/zlkdatasys/audios/audio/20240306/17097178652813.mp3"
        },
        {
          "text": "以宵小之徒祭九尺神戟！",
          "link": "//game.gtimg.cn/images/yxzj/zlkdatasys/audios/audio/20240306/17097178872666.mp3"
        },
        {
          "text": "深陷寒潭，曦光犹在心中留……",
          "link": "//game.gtimg.cn/images/yxzj/zlkdatasys/audios/audio/20240306/17097179098049.mp3"
        },
        {
          "text": "曲终，情难了。",
          "link": "//game.gtimg.cn/images/yxzj/zlkdatasys/audios/audio/20240306/17097179339687.mp3"
        },
        {
          "text": "此生了无憾……",
          "link": "//game.gtimg.cn/images/yxzj/zlkdatasys/audios/audio/20240306/17097179594039.mp3"
        },
        {
          "text": "暂借一池天水，涤吾手中刃锋！",
          "link": "//game.gtimg.cn/images/yxzj/zlkdatasys/audios/audio/20240306/17097179878251.mp3"
        },
        {
          "text": "吾道自求！",
          "link": "//game.gtimg.cn/images/yxzj/zlkdatasys/audios/audio/20240306/17097180548915.mp3"
        },
        {
          "text": "不惧天命！",
          "link": "//game.gtimg.cn/images/yxzj/zlkdatasys/audios/audio/20240306/17097180762283.mp3"
        },
        {
          "text": "强招当自损！",
          "link": "//game.gtimg.cn/images/yxzj/zlkdatasys/audios/audio/20240306/17097180953141.mp3"
        },
        {
          "text": "舍生，吞日月！",
          "link": "//game.gtimg.cn/images/yxzj/zlkdatasys/audios/audio/20240306/17097181144021.mp3"
        },
        {
          "text": "冲霄，荡昊天！",
          "link": "//game.gtimg.cn/images/yxzj/zlkdatasys/audios/audio/20240306/17097181387306.mp3"
        },
        {
          "text": "此锋甘为素绢折！",
          "link": "//game.gtimg.cn/images/yxzj/zlkdatasys/audios/audio/20240306/17097181574204.mp3"
        },
        {
          "text": "长戟指乾坤。",
          "link": "//game.gtimg.cn/images/yxzj/zlkdatasys/audios/audio/20240306/17097181786302.mp3"
        },
        {
          "text": "自那一缕晨曦入眼，便不见日光。",
          "link": "//game.gtimg.cn/images/yxzj/zlkdatasys/audios/audio/20240307/17098069187370.mp3"
        },
        {
          "text": "哼！待吾踏破九霄，斩了这些软骨头，便无人敢伤你分毫！",
          "link": "//game.gtimg.cn/images/yxzj/zlkdatasys/audios/audio/20240307/17098069463905.mp3"
        },
        {
          "text": "这黑鸦顽劣聒噪，扰你清静，待吾训戒三日再予你解闷。",
          "link": "//game.gtimg.cn/images/yxzj/zlkdatasys/audios/audio/20240307/17098069787793.mp3"
        }
      ],
      "name": "曦玄引"
    }
  ]
}
