{
  "data": [
    {
      "voice": [
        {
          "text": "不必辨认我，识我的枪吧！",
          "link": "//game.gtimg.cn/images/yxzj/zlkdatasys/audios/audio/20220412/16497647589421.wav"
        },
        {
          "text": "头脑和心灵一样清楚。",
          "link": "//game.gtimg.cn/images/yxzj/zlkdatasys/audios/audio/20220412/16497647792040.wav"
        },
        {
          "text": "从未遗忘。",
          "link": "//game.gtimg.cn/images/yxzj/zlkdatasys/audios/audio/20220412/16497648058875.wav"
        },
        {
          "text": "只和理想结盟，只与纯洁立誓。",
          "link": "//game.gtimg.cn/images/yxzj/zlkdatasys/audios/audio/20220412/16497648185166.wav"
        },
        {
          "text": "为失去的东西活着。",
          "link": "//game.gtimg.cn/images/yxzj/zlkdatasys/audios/audio/20220412/16497648339056.wav"
        },
        {
          "text": "我和我的父亲一样聪明，但比他多些判断力。",
          "link": "//game.gtimg.cn/images/yxzj/zlkdatasys/audios/audio/20220412/16497648487454.mp3"
        },
        {
          "text": "故人已往，故国未逝。",
          "link": "//game.gtimg.cn/images/yxzj/zlkdatasys/audios/audio/20220412/16497648621644.wav"
        },
        {
          "text": "与子同袍，与我同行~",
          "link": "//game.gtimg.cn/images/yxzj/zlkdatasys/audios/audio/20220412/16497648844454.wav"
        },
        {
          "text": "河水已经静止，树上已经结冰……",
          "link": "//game.gtimg.cn/images/yxzj/zlkdatasys/audios/audio/20220412/16497649011818.mp3"
        },
        {
          "text": "穿膛而过！",
          "link": "//game.gtimg.cn/images/yxzj/zlkdatasys/audios/audio/20220412/16497649202208.wav"
        },
        {
          "text": "如果你希望死得痛快，那倒是有希望。",
          "link": "//game.gtimg.cn/images/yxzj/zlkdatasys/audios/audio/20220412/16497649374002.wav"
        },
        {
          "text": "扎心吗？",
          "link": "//game.gtimg.cn/images/yxzj/zlkdatasys/audios/audio/20220412/16497649498405.wav"
        },
        {
          "text": "别动，动也是死。",
          "link": "//game.gtimg.cn/images/yxzj/zlkdatasys/audios/audio/20220412/16497649626363.wav"
        },
        {
          "text": "接受垂直领域的伤害！",
          "link": "//game.gtimg.cn/images/yxzj/zlkdatasys/audios/audio/20220412/16497649745544.wav"
        },
        {
          "text": "收割比正义来得快。",
          "link": "//game.gtimg.cn/images/yxzj/zlkdatasys/audios/audio/20220412/16497649875204.wav"
        },
        {
          "text": "归来无恙！",
          "link": "//game.gtimg.cn/images/yxzj/zlkdatasys/audios/audio/20220412/16497650014441.wav"
        },
        {
          "text": "我的枪去而复返，你的生命有去无回。",
          "link": "//game.gtimg.cn/images/yxzj/zlkdatasys/audios/audio/20220412/16497650174842.mp3"
        },
        {
          "text": "万无一失！",
          "link": "//game.gtimg.cn/images/yxzj/zlkdatasys/audios/audio/20220412/16497650306729.wav"
        },
        {
          "text": "猜猜，我从何处来？",
          "link": "//game.gtimg.cn/images/yxzj/zlkdatasys/audios/audio/20220412/16497650672158.wav"
        },
        {
          "text": "别争了，我一直是狩猎大赛的冠军。",
          "link": "//game.gtimg.cn/images/yxzj/zlkdatasys/audios/audio/20220412/16497650851373.mp3"
        },
        {
          "text": "天气不好，请您注意防寒。",
          "link": "//game.gtimg.cn/images/yxzj/zlkdatasys/audios/audio/20220412/16497651599124.wav"
        },
        {
          "text": "可我是个坏学生。",
          "link": "//game.gtimg.cn/images/yxzj/zlkdatasys/audios/audio/20220415/16500032185982.wav"
        }
      ],
      "name": "原皮"
    },
    {
      "voice": [
        {
          "text": "别挪开目光。",
          "link": "//game.gtimg.cn/images/yxzj/zlkdatasys/audios/audio/20220412/16497652825551.wav"
        },
        {
          "text": "穿越数个世纪，我来展示年轻。",
          "link": "//game.gtimg.cn/images/yxzj/zlkdatasys/audios/audio/20220412/16497653042136.wav"
        },
        {
          "text": "预言常与人相随。",
          "link": "//game.gtimg.cn/images/yxzj/zlkdatasys/audios/audio/20220412/16497653256551.wav"
        },
        {
          "text": "五虎上将，参见！",
          "link": "//game.gtimg.cn/images/yxzj/zlkdatasys/audios/audio/20220412/16497653401606.wav"
        },
        {
          "text": "强壮，冷静，骄傲，带电。",
          "link": "//game.gtimg.cn/images/yxzj/zlkdatasys/audios/audio/20220412/16497653526738.wav"
        },
        {
          "text": "难知如阴，动如雷震！",
          "link": "//game.gtimg.cn/images/yxzj/zlkdatasys/audios/audio/20220412/16497653726733.wav"
        },
        {
          "text": "战争应以所需而来，却不应以所欲而止...",
          "link": "//game.gtimg.cn/images/yxzj/zlkdatasys/audios/audio/20220412/16497653914985.mp3"
        },
        {
          "text": "无论你有多快，雷电总会追上你！",
          "link": "//game.gtimg.cn/images/yxzj/zlkdatasys/audios/audio/20220412/16497654052695.wav"
        },
        {
          "text": "我的枪法，冷过冰雪。",
          "link": "//game.gtimg.cn/images/yxzj/zlkdatasys/audios/audio/20220412/16497654251833.wav"
        },
        {
          "text": "尖锐的痛苦来自重复。",
          "link": "//game.gtimg.cn/images/yxzj/zlkdatasys/audios/audio/20220412/16497654473426.wav"
        },
        {
          "text": "汝命，休矣！",
          "link": "//game.gtimg.cn/images/yxzj/zlkdatasys/audios/audio/20220412/16497654675907.wav"
        },
        {
          "text": "吾家屡世公侯，岂识村野匹夫？",
          "link": "//game.gtimg.cn/images/yxzj/zlkdatasys/audios/audio/20220412/16497654836322.mp3"
        }
      ],
      "name": "神威"
    },
    {
      "voice": [
        {
          "text": "失败曾令人想要逃离， 但绝境重生，方为宿命， 生而无畏，战至终章。",
          "link": "//game.gtimg.cn/images/yxzj/zlkdatasys/audios/audio/20220627/16563297708271.mp3"
        },
        {
          "text": "当人生无可失去…… 不过重来而已…… 从初始开始，才有意思。",
          "link": "//game.gtimg.cn/images/yxzj/zlkdatasys/audios/audio/20220627/16563298179362.mp3"
        },
        {
          "text": "跟随白狼足迹…… 这是……？我们回来了。",
          "link": "//game.gtimg.cn/images/yxzj/zlkdatasys/audios/audio/20220627/16563298517860.mp3"
        },
        {
          "text": "他们以为击败我就是终结，而我必归来将之改写。",
          "link": "//game.gtimg.cn/images/yxzj/zlkdatasys/audios/audio/20220627/16563298971363.mp3"
        },
        {
          "text": "月映枪冷，战甲在身。",
          "link": "//game.gtimg.cn/images/yxzj/zlkdatasys/audios/audio/20220627/16563299156580.wav"
        },
        {
          "text": "前后铺垫，没有一件事那么简单。",
          "link": "//game.gtimg.cn/images/yxzj/zlkdatasys/audios/audio/20220628/16563849947529.wav"
        },
        {
          "text": "替我保管一下集团，属于我的我会亲自来取。",
          "link": "//game.gtimg.cn/images/yxzj/zlkdatasys/audios/audio/20220627/16563299536863.mp3"
        },
        {
          "text": "一切纷争与对抗的尽头，有我在。",
          "link": "//game.gtimg.cn/images/yxzj/zlkdatasys/audios/audio/20220627/16563299693977.mp3"
        },
        {
          "text": "若结果并非所愿，那就在尘埃落定前奋力一博。",
          "link": "//game.gtimg.cn/images/yxzj/zlkdatasys/audios/audio/20220627/16563299838663.mp3"
        },
        {
          "text": "狼魂指引我归家之路。",
          "link": "//game.gtimg.cn/images/yxzj/zlkdatasys/audios/audio/20220627/16563299964054.wav"
        },
        {
          "text": "短暂的失败而已……",
          "link": "//game.gtimg.cn/images/yxzj/zlkdatasys/audios/audio/20220627/16563300141282.wav"
        },
        {
          "text": "游刃有余",
          "link": "//game.gtimg.cn/images/yxzj/zlkdatasys/audios/audio/20220627/16563300349360.wav"
        },
        {
          "text": "长驱直入",
          "link": "//game.gtimg.cn/images/yxzj/zlkdatasys/audios/audio/20220627/16563300486903.wav"
        },
        {
          "text": "狼啸于天",
          "link": "//game.gtimg.cn/images/yxzj/zlkdatasys/audios/audio/20220627/16563300622938.wav"
        },
        {
          "text": "看见我的枪了吗？",
          "link": "//game.gtimg.cn/images/yxzj/zlkdatasys/audios/audio/20220627/16563300774347.wav"
        },
        {
          "text": "始祖庇佑",
          "link": "//game.gtimg.cn/images/yxzj/zlkdatasys/audios/audio/20220627/16563300937637.wav"
        },
        {
          "text": "从天而降",
          "link": "//game.gtimg.cn/images/yxzj/zlkdatasys/audios/audio/20220627/16563301076096.wav"
        },
        {
          "text": "再持战枪，银芒乍亮。",
          "link": "//game.gtimg.cn/images/yxzj/zlkdatasys/audios/audio/20220627/16563301223972.wav"
        },
        {
          "text": "枪若白狼，一收一放。",
          "link": "//game.gtimg.cn/images/yxzj/zlkdatasys/audios/audio/20220627/16563301369467.wav"
        },
        {
          "text": "凭这点能耐也想阻止我？",
          "link": "//game.gtimg.cn/images/yxzj/zlkdatasys/audios/audio/20220627/16563301649141.wav"
        },
        {
          "text": "以吾",
          "link": "//game.gtimg.cn/images/yxzj/zlkdatasys/audios/audio/20220627/16563301886021.wav"
        },
        {
          "text": "为枪",
          "link": "//game.gtimg.cn/images/yxzj/zlkdatasys/audios/audio/20220627/16563302004670.wav"
        },
        {
          "text": "荡穿魍魉",
          "link": "//game.gtimg.cn/images/yxzj/zlkdatasys/audios/audio/20220627/16563302146106.wav"
        },
        {
          "text": "嘴硬，可不能帮你战胜我。",
          "link": "//game.gtimg.cn/images/yxzj/zlkdatasys/audios/audio/20220627/16563302431860.wav"
        },
        {
          "text": "以狼之名，重铸荣光。",
          "link": "//game.gtimg.cn/images/yxzj/zlkdatasys/audios/audio/20220627/16563302637743.wav"
        },
        {
          "text": "华城，现在我说了算。",
          "link": "//game.gtimg.cn/images/yxzj/zlkdatasys/audios/audio/20220627/16563302807994.wav"
        },
        {
          "text": "大将军与我，恰好一局！",
          "link": "//game.gtimg.cn/images/yxzj/zlkdatasys/audios/audio/20220627/16563302981472.wav"
        },
        {
          "text": "感谢你曾给予我力量，愿你永远以我为荣光。",
          "link": "//game.gtimg.cn/images/yxzj/zlkdatasys/audios/audio/20220627/16563303213644.mp3"
        },
        {
          "text": "携你之力，迎战未来。",
          "link": "//game.gtimg.cn/images/yxzj/zlkdatasys/audios/audio/20220627/16563303454198.wav"
        }
      ],
      "name": "无双飞将"
    },
    {
      "voice": [
        {
          "text": "白昼将尽，但人类的勇气会在宇宙的黑夜中燃起",
          "link": "//game.gtimg.cn/images/yxzj/zlkdatasys/audios/audio/20240202/17068680351807.mp3"
        },
        {
          "text": "逆风暴而上，执过往前行！",
          "link": "//game.gtimg.cn/images/yxzj/zlkdatasys/audios/audio/20240202/17068680498411.mp3"
        },
        {
          "text": "活下来，才有资格定义人类！",
          "link": "//game.gtimg.cn/images/yxzj/zlkdatasys/audios/audio/20240202/17068680868098.mp3"
        },
        {
          "text": "高维打击低维，强者吞食弱者——这就是文明的铁律。",
          "link": "//game.gtimg.cn/images/yxzj/zlkdatasys/audios/audio/20240202/17068573002619.mp3"
        },
        {
          "text": "琥珀以为自己困住了虫子，但虫子从来都没有真正认输过。",
          "link": "//game.gtimg.cn/images/yxzj/zlkdatasys/audios/audio/20240202/17068573167401.mp3"
        },
        {
          "text": "这些枪曾经是荣耀者的通行证，如今 成了失败者的墓志铭",
          "link": "//game.gtimg.cn/images/yxzj/zlkdatasys/audios/audio/20240202/17068573325824.mp3"
        },
        {
          "text": "我们纪念过往，却不该困于过往",
          "link": "//game.gtimg.cn/images/yxzj/zlkdatasys/audios/audio/20240202/17068573471527.mp3"
        },
        {
          "text": "加入佣兵的第一课：保守，就等同于懦弱",
          "link": "//game.gtimg.cn/images/yxzj/zlkdatasys/audios/audio/20240202/17068573638869.mp3"
        },
        {
          "text": "父亲没能改变风伯危机的轨迹，但我们可以纠正人类文明的方向",
          "link": "//game.gtimg.cn/images/yxzj/zlkdatasys/audios/audio/20240202/17068573796033.mp3"
        },
        {
          "text": "老一辈有他们坚持的理由，新一代有自己追求的明天",
          "link": "//game.gtimg.cn/images/yxzj/zlkdatasys/audios/audio/20240202/17068573975807.mp3"
        },
        {
          "text": "谁都可以在明天谈论道德，只要地球能活过此刻。",
          "link": "//game.gtimg.cn/images/yxzj/zlkdatasys/audios/audio/20240202/17068574121791.mp3"
        },
        {
          "text": "别让人性妨碍你做正确的事。",
          "link": "//game.gtimg.cn/images/yxzj/zlkdatasys/audios/audio/20240202/17068574278082.mp3"
        },
        {
          "text": "（实验开始： 你是否准备好接受琥珀植入……）",
          "link": "//game.gtimg.cn/images/yxzj/zlkdatasys/audios/audio/20240202/17068574506174.mp3"
        },
        {
          "text": "如果不想被当成猎物，那就先一步当上猎手",
          "link": "//game.gtimg.cn/images/yxzj/zlkdatasys/audios/audio/20240202/17068574849472.mp3"
        },
        {
          "text": "（实验进程：琥珀植入比例40%……）",
          "link": "//game.gtimg.cn/images/yxzj/zlkdatasys/audios/audio/20240202/17068575053756.mp3"
        },
        {
          "text": "改造武器？不如改造自己",
          "link": "//game.gtimg.cn/images/yxzj/zlkdatasys/audios/audio/20240202/17068575634301.mp3"
        },
        {
          "text": "（警告：琥珀植入比例超过60%，实验体陷入昏迷）",
          "link": "//game.gtimg.cn/images/yxzj/zlkdatasys/audios/audio/20240202/17068575918663.mp3"
        },
        {
          "text": "发现界限的唯一方法，就是超越界限",
          "link": "//game.gtimg.cn/images/yxzj/zlkdatasys/audios/audio/20240202/17068576237825.mp3"
        },
        {
          "text": "我们会看到……全新的人类文明……",
          "link": "//game.gtimg.cn/images/yxzj/zlkdatasys/audios/audio/20240202/17068576599350.mp3"
        },
        {
          "text": "只有两种东西是无限的——宇宙，和人类的愚蠢。",
          "link": "//game.gtimg.cn/images/yxzj/zlkdatasys/audios/audio/20240202/17068576856435.mp3"
        },
        {
          "text": "谁先让步，谁先灭亡。",
          "link": "//game.gtimg.cn/images/yxzj/zlkdatasys/audios/audio/20240202/17068577482625.mp3"
        },
        {
          "text": "先发制人！",
          "link": "//game.gtimg.cn/images/yxzj/zlkdatasys/audios/audio/20240202/17068578019566.mp3"
        },
        {
          "text": "主动出击！",
          "link": "//game.gtimg.cn/images/yxzj/zlkdatasys/audios/audio/20240202/17068578231980.mp3"
        },
        {
          "text": "进化，无法阻挡！",
          "link": "//game.gtimg.cn/images/yxzj/zlkdatasys/audios/audio/20240202/17068578525602.mp3"
        },
        {
          "text": "前行，不择手段！",
          "link": "//game.gtimg.cn/images/yxzj/zlkdatasys/audios/audio/20240202/17068578957254.mp3"
        },
        {
          "text": "掌控至高力量！",
          "link": "//game.gtimg.cn/images/yxzj/zlkdatasys/audios/audio/20240202/17068579145419.mp3"
        },
        {
          "text": "追不上技术，就会被危险追上！",
          "link": "//game.gtimg.cn/images/yxzj/zlkdatasys/audios/audio/20240202/17068579309604.mp3"
        },
        {
          "text": "重拾英雄的名字——截星者！",
          "link": "//game.gtimg.cn/images/yxzj/zlkdatasys/audios/audio/20240202/17068579496273.mp3"
        },
        {
          "text": "风暴之间！",
          "link": "//game.gtimg.cn/images/yxzj/zlkdatasys/audios/audio/20240202/17068579711389.mp3"
        },
        {
          "text": "极限穿梭！",
          "link": "//game.gtimg.cn/images/yxzj/zlkdatasys/audios/audio/20240202/17068579928266.mp3"
        },
        {
          "text": "守护文明之路！",
          "link": "//game.gtimg.cn/images/yxzj/zlkdatasys/audios/audio/20240202/17068580108242.mp3"
        },
        {
          "text": "这次，和我一起回家",
          "link": "//game.gtimg.cn/images/yxzj/zlkdatasys/audios/audio/20240202/17068580295266.mp3"
        },
        {
          "text": "直面所有未知",
          "link": "//game.gtimg.cn/images/yxzj/zlkdatasys/audios/audio/20240202/17068580563828.mp3"
        },
        {
          "text": "那就让他们来试试，谁才是这具身体的主宰",
          "link": "//game.gtimg.cn/images/yxzj/zlkdatasys/audios/audio/20240202/17068580988769.mp3"
        },
        {
          "text": "我和你们选择了不同的抗争方式",
          "link": "//game.gtimg.cn/images/yxzj/zlkdatasys/audios/audio/20240202/17068581164829.mp3"
        },
        {
          "text": "故人的武器已重铸，故人的意志也该转向新路",
          "link": "//game.gtimg.cn/images/yxzj/zlkdatasys/audios/audio/20240202/17068581395892.mp3"
        },
        {
          "text": "既不认同进化派，却也不是绝对的保守派，你究竟是什么立场？",
          "link": "//game.gtimg.cn/images/yxzj/zlkdatasys/audios/audio/20240202/17068581572099.mp3"
        }
      ],
      "name": "琥珀纪元"
    }
  ]
}
