{
  "data": [
    {
      "voice": [
        {
          "text": "Are you ready?",
          "link": "//game.gtimg.cn/images/yxzj/zlkdatasys/audios/audio/20220409/16494932218191.wav"
        },
        {
          "text": "Let's go,baby~",
          "link": "//game.gtimg.cn/images/yxzj/zlkdatasys/audios/audio/20220409/16494932386386.wav"
        },
        {
          "text": "世界那么大，我想来看看~",
          "link": "//game.gtimg.cn/images/yxzj/zlkdatasys/audios/audio/20220409/16494932521654.wav"
        },
        {
          "text": "世界不止眼前的苟且，还有诗和远方~",
          "link": "//game.gtimg.cn/images/yxzj/zlkdatasys/audios/audio/20220409/16494933074112.wav"
        },
        {
          "text": "让子弹快乐的飞吧~",
          "link": "//game.gtimg.cn/images/yxzj/zlkdatasys/audios/audio/20220409/16494933247304.wav"
        },
        {
          "text": "行动和欲望决定未来！",
          "link": "//game.gtimg.cn/images/yxzj/zlkdatasys/audios/audio/20220409/16494933445216.wav"
        },
        {
          "text": "大家先上，我殿后！",
          "link": "//game.gtimg.cn/images/yxzj/zlkdatasys/audios/audio/20220409/16494933593662.wav"
        },
        {
          "text": "Show time!",
          "link": "//game.gtimg.cn/images/yxzj/zlkdatasys/audios/audio/20220409/16494934233863.wav"
        },
        {
          "text": "摩擦摩擦，是魔鬼的步伐",
          "link": "//game.gtimg.cn/images/yxzj/zlkdatasys/audios/audio/20220409/16494934445777.wav"
        },
        {
          "text": "世界和平~",
          "link": "//game.gtimg.cn/images/yxzj/zlkdatasys/audios/audio/20220409/16494934634592.wav"
        },
        {
          "text": "我送你离开，千里之外~",
          "link": "//game.gtimg.cn/images/yxzj/zlkdatasys/audios/audio/20220409/16494935014541.wav"
        },
        {
          "text": "哟，躺枪啦！",
          "link": "//game.gtimg.cn/images/yxzj/zlkdatasys/audios/audio/20220409/16494935182885.wav"
        },
        {
          "text": "高风险，高回报",
          "link": "//game.gtimg.cn/images/yxzj/zlkdatasys/audios/audio/20220409/16494935387407.wav"
        },
        {
          "text": "信仰没有高低贵贱，战争也并非黑白分明。",
          "link": "//game.gtimg.cn/images/yxzj/zlkdatasys/audios/audio/20220409/16494936079842.wav"
        },
        {
          "text": "伟大的神明不必征召，他的存在就能引领信徒",
          "link": "//game.gtimg.cn/images/yxzj/zlkdatasys/audios/audio/20220409/16494935967282.wav"
        },
        {
          "text": "Nice to meet you die.",
          "link": "//game.gtimg.cn/images/yxzj/zlkdatasys/audios/audio/20220409/16494936422710.wav"
        },
        {
          "text": "子弹和我的帅气，你都无法抵御！",
          "link": "//game.gtimg.cn/images/yxzj/zlkdatasys/audios/audio/20220409/16494936672896.wav"
        }
      ],
      "name": "原皮"
    },
    {
      "voice": [
        {
          "text": "一个枪法精湛的男人瞄准了荣誉",
          "link": "//game.gtimg.cn/images/yxzj/zlkdatasys/audios/audio/20220409/16494937284498.wav"
        },
        {
          "text": "枪林弹雨，拯救世界",
          "link": "//game.gtimg.cn/images/yxzj/zlkdatasys/audios/audio/20220409/16494937455901.wav"
        },
        {
          "text": "我们习惯在正式决斗前先放几句狠话",
          "link": "//game.gtimg.cn/images/yxzj/zlkdatasys/audios/audio/20220409/16494937611572.wav"
        },
        {
          "text": "你凭本事偷的鲲，在下用枪火的套索收下",
          "link": "//game.gtimg.cn/images/yxzj/zlkdatasys/audios/audio/20220409/16494938016219.wav"
        },
        {
          "text": "荣耀充满价值，胜利无法交易",
          "link": "//game.gtimg.cn/images/yxzj/zlkdatasys/audios/audio/20220409/16494938188930.wav"
        },
        {
          "text": "旋转，跳跃，闭着眼……轰！",
          "link": "//game.gtimg.cn/images/yxzj/zlkdatasys/audios/audio/20220409/16494938345718.wav"
        },
        {
          "text": "4587、4819以及4811，神秘的数字，敲开联盟酒吧的密码",
          "link": "//game.gtimg.cn/images/yxzj/zlkdatasys/audios/audio/20220409/16494938539688.wav"
        },
        {
          "text": "不要轻易尝试越塔的滋味",
          "link": "//game.gtimg.cn/images/yxzj/zlkdatasys/audios/audio/20220409/16494938699692.wav"
        },
        {
          "text": "说好的……四保一呢",
          "link": "//game.gtimg.cn/images/yxzj/zlkdatasys/audios/audio/20220409/16494938992477.wav"
        },
        {
          "text": "没错，还有这种操作",
          "link": "//game.gtimg.cn/images/yxzj/zlkdatasys/audios/audio/20220409/16494939302988.wav"
        },
        {
          "text": "眼花吗？缭乱吗？",
          "link": "//game.gtimg.cn/images/yxzj/zlkdatasys/audios/audio/20220409/16494939582499.wav"
        },
        {
          "text": "怕死吗？我也很怕的",
          "link": "//game.gtimg.cn/images/yxzj/zlkdatasys/audios/audio/20220409/16494939849691.wav"
        },
        {
          "text": "风里雨里，大招等你",
          "link": "//game.gtimg.cn/images/yxzj/zlkdatasys/audios/audio/20220409/16494940192866.wav"
        }
      ],
      "name": "逐梦之星"
    },
    {
      "voice": [
        {
          "text": "关于我是谁，双枪会给出答案",
          "link": "//game.gtimg.cn/images/yxzj/zlkdatasys/audios/audio/20220415/16499876795358.mp3"
        },
        {
          "text": "不要好奇游侠的过去",
          "link": "//game.gtimg.cn/images/yxzj/zlkdatasys/audios/audio/20220415/16499876898602.mp3"
        },
        {
          "text": "想从暗夜里赚钱，就要先融入它",
          "link": "//game.gtimg.cn/images/yxzj/zlkdatasys/audios/audio/20220409/16494941367644.wav"
        },
        {
          "text": "新面具，上个月账单的最大开销",
          "link": "//game.gtimg.cn/images/yxzj/zlkdatasys/audios/audio/20220409/16494941769424.wav"
        },
        {
          "text": "本次悬赏目标有五个，是笔大买卖！",
          "link": "//game.gtimg.cn/images/yxzj/zlkdatasys/audios/audio/20220409/16494942264219.wav"
        },
        {
          "text": "偶尔也做做慈善~",
          "link": "//game.gtimg.cn/images/yxzj/zlkdatasys/audios/audio/20220409/16494942549476.wav"
        },
        {
          "text": "藏好了吗？再给你一首歌的时间",
          "link": "//game.gtimg.cn/images/yxzj/zlkdatasys/audios/audio/20220409/16494942856327.wav"
        },
        {
          "text": "我的金库密码是......",
          "link": "//game.gtimg.cn/images/yxzj/zlkdatasys/audios/audio/20220409/16494943174025.wav"
        },
        {
          "text": "别眨眼！",
          "link": "//game.gtimg.cn/images/yxzj/zlkdatasys/audios/audio/20220409/16494943664154.wav"
        },
        {
          "text": "从不站着输出~",
          "link": "//game.gtimg.cn/images/yxzj/zlkdatasys/audios/audio/20220409/16494943838817.wav"
        },
        {
          "text": "接住！~在下的飞吻~",
          "link": "//game.gtimg.cn/images/yxzj/zlkdatasys/audios/audio/20220409/16494944026065.wav"
        },
        {
          "text": "灼烧黑夜的热情！",
          "link": "//game.gtimg.cn/images/yxzj/zlkdatasys/audios/audio/20220409/16494944173552.wav"
        },
        {
          "text": "附赠一个心理阴影~",
          "link": "//game.gtimg.cn/images/yxzj/zlkdatasys/audios/audio/20220409/16494944438921.wav"
        },
        {
          "text": "你的脸上写着“赏金”两个字~",
          "link": "//game.gtimg.cn/images/yxzj/zlkdatasys/audios/audio/20220409/16494944693507.wav"
        },
        {
          "text": "第十发子弹还没上膛呢~",
          "link": "//game.gtimg.cn/images/yxzj/zlkdatasys/audios/audio/20220409/16494944999551.wav"
        }
      ],
      "name": "暗影游猎"
    },
    {
      "voice": [
        {
          "text": "抵达最寂静的深海，掀起最狂烈的浪潮",
          "link": "//game.gtimg.cn/images/yxzj/zlkdatasys/audios/audio/20220721/16583863479763.wav"
        },
        {
          "text": "人们擅长禁锢美妙的风景……顺手解救它们则是探险家的爱好之一",
          "link": "//game.gtimg.cn/images/yxzj/zlkdatasys/audios/audio/20220721/16583863718918.wav"
        },
        {
          "text": "重要的不是你来自哪里，而是你将去往哪里",
          "link": "//game.gtimg.cn/images/yxzj/zlkdatasys/audios/audio/20220721/16583864016249.wav"
        },
        {
          "text": "遗迹里未必有宝藏，但一定有传说",
          "link": "//game.gtimg.cn/images/yxzj/zlkdatasys/audios/audio/20220721/16583864267968.wav"
        },
        {
          "text": "一旦被关进收藏柜，再珍稀的珊瑚也会黯然失色",
          "link": "//game.gtimg.cn/images/yxzj/zlkdatasys/audios/audio/20220721/16583864433874.wav"
        },
        {
          "text": "别担心深海不可捉摸，也别自信能将它轻易掌握",
          "link": "//game.gtimg.cn/images/yxzj/zlkdatasys/audios/audio/20220721/16583864677800.wav"
        },
        {
          "text": "黄金城的委托？没兴趣，那艘沉没百年的轮船显然更棒",
          "link": "//game.gtimg.cn/images/yxzj/zlkdatasys/audios/audio/20220721/16583864883644.wav"
        },
        {
          "text": "海妖怒号，鲨鱼微笑，我猜他们在欢迎探险家的来到",
          "link": "//game.gtimg.cn/images/yxzj/zlkdatasys/audios/audio/20220721/16583865118357.wav"
        },
        {
          "text": "时刻遵守探险的基本礼仪：只追寻惊喜，不占有宝藏",
          "link": "//game.gtimg.cn/images/yxzj/zlkdatasys/audios/audio/20220721/16583865311814.wav"
        },
        {
          "text": "够危险，才够迷人",
          "link": "//game.gtimg.cn/images/yxzj/zlkdatasys/audios/audio/20220721/16583865512793.wav"
        },
        {
          "text": "利莫里亚从未陷入沉睡，它隐藏在海底熠熠生辉",
          "link": "//game.gtimg.cn/images/yxzj/zlkdatasys/audios/audio/20220721/16583865651778.wav"
        },
        {
          "text": "意外嘛，是人生的魅力所在~！",
          "link": "//game.gtimg.cn/images/yxzj/zlkdatasys/audios/audio/20220721/16583868115810.wav"
        },
        {
          "text": "勇气，运气，和伙伴，看上去你一样也没有",
          "link": "//game.gtimg.cn/images/yxzj/zlkdatasys/audios/audio/20220721/16583868306500.wav"
        },
        {
          "text": "你不会以为，这里就是终点吧",
          "link": "//game.gtimg.cn/images/yxzj/zlkdatasys/audios/audio/20220721/16583868479206.wav"
        },
        {
          "text": "完美合作，值得起个伟大的代号留念",
          "link": "//game.gtimg.cn/images/yxzj/zlkdatasys/audios/audio/20220721/16583868632887.wav"
        },
        {
          "text": "跟随洋流的律动",
          "link": "//game.gtimg.cn/images/yxzj/zlkdatasys/audios/audio/20220721/16583868802114.wav"
        },
        {
          "text": "每枪都在节拍上",
          "link": "//game.gtimg.cn/images/yxzj/zlkdatasys/audios/audio/20220721/16583868967932.wav"
        },
        {
          "text": "漂亮的连击！",
          "link": "//game.gtimg.cn/images/yxzj/zlkdatasys/audios/audio/20220721/16583869123469.wav"
        },
        {
          "text": "向未知冲刺",
          "link": "//game.gtimg.cn/images/yxzj/zlkdatasys/audios/audio/20220721/16583869446389.wav"
        },
        {
          "text": "往这儿看",
          "link": "//game.gtimg.cn/images/yxzj/zlkdatasys/audios/audio/20220721/16583869631154.wav"
        },
        {
          "text": "来，与漩涡共舞",
          "link": "//game.gtimg.cn/images/yxzj/zlkdatasys/audios/audio/20220721/16583869785631.wav"
        },
        {
          "text": "老朋友，一起玩个尽兴",
          "link": "//game.gtimg.cn/images/yxzj/zlkdatasys/audios/audio/20220721/16583869941910.wav"
        },
        {
          "text": "别抗拒深海的拥抱",
          "link": "//game.gtimg.cn/images/yxzj/zlkdatasys/audios/audio/20220721/16583870098919.wav"
        },
        {
          "text": "某些时候，耐心和持久更胜于激烈与狂热",
          "link": "//game.gtimg.cn/images/yxzj/zlkdatasys/audios/audio/20220721/16583871412905.wav"
        },
        {
          "text": "探险计划吗？……随机应变吧",
          "link": "//game.gtimg.cn/images/yxzj/zlkdatasys/audios/audio/20220721/16583870687365.wav"
        },
        {
          "text": "经典探险故事的开篇，主人公准备好了他的双枪与信念",
          "link": "//game.gtimg.cn/images/yxzj/zlkdatasys/audios/audio/20220721/16583870949475.wav"
        },
        {
          "text": "当月光照进海底，我们约好再次相遇",
          "link": "//game.gtimg.cn/images/yxzj/zlkdatasys/audios/audio/20220721/16583871225844.wav"
        }
      ],
      "name": "深海之息"
    },
    {
      "voice": [
        {
          "text": "洞天福地，枯木逢春。",
          "link": "//game.gtimg.cn/images/yxzj/zlkdatasys/audios/audio/20230216/16765285204423.mp3"
        },
        {
          "text": "汇山海之灵，现往日胜景。",
          "link": "//game.gtimg.cn/images/yxzj/zlkdatasys/audios/audio/20230216/16765285472921.mp3"
        },
        {
          "text": "凝瑞气，定山海！（共同台词）",
          "link": "//game.gtimg.cn/images/yxzj/zlkdatasys/audios/audio/20230216/16765285717901.mp3"
        },
        {
          "text": "山海有灵，天地共生。（共同台词）",
          "link": "//game.gtimg.cn/images/yxzj/zlkdatasys/audios/audio/20230214/16763657023027.mp3"
        },
        {
          "text": "我本远行客，逍遥天地间。",
          "link": "//game.gtimg.cn/images/yxzj/zlkdatasys/audios/audio/20230214/16763663514868.mp3"
        },
        {
          "text": "山海风光如卷，怎能只绘一页？",
          "link": "//game.gtimg.cn/images/yxzj/zlkdatasys/audios/audio/20230214/16763664159686.mp3"
        },
        {
          "text": "赤华黄实，食之不惑……嗯，记下来了。",
          "link": "//game.gtimg.cn/images/yxzj/zlkdatasys/audios/audio/20230214/16763664445887.mp3"
        },
        {
          "text": "山海之变，关乎万千。",
          "link": "//game.gtimg.cn/images/yxzj/zlkdatasys/audios/audio/20230214/16763664669298.mp3"
        },
        {
          "text": "浪迹天涯的底气？自然是默契绝佳的旅伴。",
          "link": "//game.gtimg.cn/images/yxzj/zlkdatasys/audios/audio/20230214/16763665035586.mp3"
        },
        {
          "text": "记诵传奇的旅人，也会成为新的传奇。",
          "link": "//game.gtimg.cn/images/yxzj/zlkdatasys/audios/audio/20230214/16763665316079.mp3"
        },
        {
          "text": "灵脉重启后的第一件事嘛……踏上旅途，继续书写我们的故事~",
          "link": "//game.gtimg.cn/images/yxzj/zlkdatasys/audios/audio/20230214/16763665568852.mp3"
        },
        {
          "text": "与啸风同行，行至绝处也能逢生。",
          "link": "//game.gtimg.cn/images/yxzj/zlkdatasys/audios/audio/20230214/16763665843694.mp3"
        },
        {
          "text": "或许……我们真的迷路了……",
          "link": "//game.gtimg.cn/images/yxzj/zlkdatasys/audios/audio/20230214/16763666637389.mp3"
        },
        {
          "text": "乘兴而来，尽兴而归……",
          "link": "//game.gtimg.cn/images/yxzj/zlkdatasys/audios/audio/20230214/16763666921336.mp3"
        },
        {
          "text": "聚木成林！",
          "link": "//game.gtimg.cn/images/yxzj/zlkdatasys/audios/audio/20230214/16763677535262.mp3"
        },
        {
          "text": "叶落归秋！",
          "link": "//game.gtimg.cn/images/yxzj/zlkdatasys/audios/audio/20230214/16763677792056.mp3"
        },
        {
          "text": "啸风，该上路了！",
          "link": "//game.gtimg.cn/images/yxzj/zlkdatasys/audios/audio/20230214/16763678749238.mp3"
        },
        {
          "text": "寻踪踏影！",
          "link": "//game.gtimg.cn/images/yxzj/zlkdatasys/audios/audio/20230214/16763678973932.mp3"
        },
        {
          "text": "此地别有洞天！",
          "link": "//game.gtimg.cn/images/yxzj/zlkdatasys/audios/audio/20230214/16763680044711.mp3"
        },
        {
          "text": "云间长啸，声震大荒！",
          "link": "//game.gtimg.cn/images/yxzj/zlkdatasys/audios/audio/20230214/16763680314634.mp3"
        },
        {
          "text": "今朝一别，后会无期咯。",
          "link": "//game.gtimg.cn/images/yxzj/zlkdatasys/audios/audio/20230214/16763680661452.mp3"
        },
        {
          "text": "总有拦路虎。",
          "link": "//game.gtimg.cn/images/yxzj/zlkdatasys/audios/audio/20230214/16763680886674.mp3"
        },
        {
          "text": "井底之物，所见不过方寸天空。",
          "link": "//game.gtimg.cn/images/yxzj/zlkdatasys/audios/audio/20230214/16763681126448.mp3"
        },
        {
          "text": "看到那根藤蔓了吗？抓紧它，然后……哟嚯~",
          "link": "//game.gtimg.cn/images/yxzj/zlkdatasys/audios/audio/20230214/16763681797592.mp3"
        },
        {
          "text": "喂啸风，来比比脚力，三，二……我先走一步咯！",
          "link": "//game.gtimg.cn/images/yxzj/zlkdatasys/audios/audio/20230214/16763682027093.mp3"
        },
        {
          "text": "自上次在白民之国崩了两颗牙，从此敬而远之。",
          "link": "//game.gtimg.cn/images/yxzj/zlkdatasys/audios/audio/20230215/16764552306515.mp3"
        },
        {
          "text": "学到什么程度，我才能听懂啸风在说什么？",
          "link": "//game.gtimg.cn/images/yxzj/zlkdatasys/audios/audio/20230215/16764552536237.mp3"
        },
        {
          "text": "我听过你的传说，祝融族有史以来最年轻的首领！",
          "link": "//game.gtimg.cn/images/yxzj/zlkdatasys/audios/audio/20230215/16764552777368.mp3"
        },
        {
          "text": "注意篇幅！我的游记都快写满了。",
          "link": "//game.gtimg.cn/images/yxzj/zlkdatasys/audios/audio/20230215/16764552995556.mp3"
        }
      ],
      "name": "山海·玄木吟"
    },
    {
      "voice": [
        {
          "text": "丢掉规则，现在是“妄想时刻”！在这里，想象永无止境",
          "link": "//game.gtimg.cn/images/yxzj/zlkdatasys/audios/audio/20230728/16905293947585.mp3"
        },
        {
          "text": "欢迎来看我的直播冒险！现在，跟随我一起探索无限",
          "link": "//game.gtimg.cn/images/yxzj/zlkdatasys/audios/audio/20230728/16905294324673.mp3"
        },
        {
          "text": "让我猜猜，今天你们会想点什么挑战？",
          "link": "//game.gtimg.cn/images/yxzj/zlkdatasys/audios/audio/20230728/16905294516582.mp3"
        },
        {
          "text": "想象，是最大的创造力",
          "link": "//game.gtimg.cn/images/yxzj/zlkdatasys/audios/audio/20230728/16905163813448.mp3"
        },
        {
          "text": "无法预测的下一秒，才最有趣",
          "link": "//game.gtimg.cn/images/yxzj/zlkdatasys/audios/audio/20230728/16905164676247.mp3"
        },
        {
          "text": "打开弹幕，让我们来点灵感碰撞",
          "link": "//game.gtimg.cn/images/yxzj/zlkdatasys/audios/audio/20230728/16905165895537.mp3"
        },
        {
          "text": "只给十秒寻宝时间？我会给你们点惊喜看看",
          "link": "//game.gtimg.cn/images/yxzj/zlkdatasys/audios/audio/20230728/16905166106368.mp3"
        },
        {
          "text": "地图解锁进度显示，探索这件事没有终止",
          "link": "//game.gtimg.cn/images/yxzj/zlkdatasys/audios/audio/20230728/16905166946753.mp3"
        },
        {
          "text": "空气墙？我的游戏可不存在",
          "link": "//game.gtimg.cn/images/yxzj/zlkdatasys/audios/audio/20230728/16905258353949.mp3"
        },
        {
          "text": "想看我用新手装备击败终极怪？那就试试！",
          "link": "//game.gtimg.cn/images/yxzj/zlkdatasys/audios/audio/20230728/16905258606218.mp3"
        },
        {
          "text": "建议增加自动瞄准功能……好主意！现在就开始升级",
          "link": "//game.gtimg.cn/images/yxzj/zlkdatasys/audios/audio/20230728/16905258902440.mp3"
        },
        {
          "text": "限制你的，只有你自己的想象力",
          "link": "//game.gtimg.cn/images/yxzj/zlkdatasys/audios/audio/20230728/16905259598191.mp3"
        },
        {
          "text": "原地发呆容易招致“意外”~",
          "link": "//game.gtimg.cn/images/yxzj/zlkdatasys/audios/audio/20230728/16905269555062.mp3"
        },
        {
          "text": "下张地图，惊喜和意外哪个先来？",
          "link": "//game.gtimg.cn/images/yxzj/zlkdatasys/audios/audio/20230728/16905270907033.mp3"
        },
        {
          "text": "验证过了，刚才的操作不可行",
          "link": "//game.gtimg.cn/images/yxzj/zlkdatasys/audios/audio/20230728/16905271759529.mp3"
        },
        {
          "text": "比比手速吗！",
          "link": "//game.gtimg.cn/images/yxzj/zlkdatasys/audios/audio/20230728/16905277236588.mp3"
        },
        {
          "text": "子弹们，全速追击",
          "link": "//game.gtimg.cn/images/yxzj/zlkdatasys/audios/audio/20230728/16905279031309.mp3"
        },
        {
          "text": "总有新尝试~",
          "link": "//game.gtimg.cn/images/yxzj/zlkdatasys/audios/audio/20230728/16905278137283.mp3"
        },
        {
          "text": "绝妙的反应",
          "link": "//game.gtimg.cn/images/yxzj/zlkdatasys/audios/audio/20230728/16905279286689.mp3"
        },
        {
          "text": "呀吼！解锁隐藏成就",
          "link": "//game.gtimg.cn/images/yxzj/zlkdatasys/audios/audio/20230728/16905279627601.mp3"
        },
        {
          "text": "来，为这完美的操作点赞~",
          "link": "//game.gtimg.cn/images/yxzj/zlkdatasys/audios/audio/20230728/16905279876103.mp3"
        },
        {
          "text": "没力气了……骗你的",
          "link": "//game.gtimg.cn/images/yxzj/zlkdatasys/audios/audio/20230728/16905280438446.mp3"
        },
        {
          "text": "我也是可以停下来看一下午书的人",
          "link": "//game.gtimg.cn/images/yxzj/zlkdatasys/audios/audio/20230728/16905281242246.mp3"
        },
        {
          "text": "不如写个游戏主播的长篇冒险？",
          "link": "//game.gtimg.cn/images/yxzj/zlkdatasys/audios/audio/20230728/16905281529742.mp3"
        }
      ],
      "name": "妄想实况"
    }
  ]
}
