{
  "data": [
    {
      "voice": [
        {
          "text": "世界是我的意志，机关为我的表象",
          "link": "//game.gtimg.cn/images/yxzj/zlkdatasys/audios/audio/20220412/16497540046198.mp3"
        },
        {
          "text": "作为你至高无上的主人，你无权拒绝我的命令",
          "link": "//game.gtimg.cn/images/yxzj/zlkdatasys/audios/audio/20220412/16497540317642.mp3"
        },
        {
          "text": "进步的终极，是连物质与自然一并掌握！",
          "link": "//game.gtimg.cn/images/yxzj/zlkdatasys/audios/audio/20220412/16497540529266.mp3"
        },
        {
          "text": "神的礼物，附带有昂贵的价格",
          "link": "//game.gtimg.cn/images/yxzj/zlkdatasys/audios/audio/20220412/16497540934595.mp3"
        },
        {
          "text": "热情、梦想、希望统统转化为发电的动力",
          "link": "//game.gtimg.cn/images/yxzj/zlkdatasys/audios/audio/20220412/16497541137305.mp3"
        },
        {
          "text": "微笑这种表情，太多余",
          "link": "//game.gtimg.cn/images/yxzj/zlkdatasys/audios/audio/20220412/16497541287943.mp3"
        },
        {
          "text": "留恋感情，会让人永远徘徊于神域之外",
          "link": "//game.gtimg.cn/images/yxzj/zlkdatasys/audios/audio/20220412/16497541443317.mp3"
        },
        {
          "text": "所触及过的星空，乃牺牲所有也竭力想要抵达的地方",
          "link": "//game.gtimg.cn/images/yxzj/zlkdatasys/audios/audio/20220412/16497541625912.mp3"
        },
        {
          "text": "终于连心也被污染",
          "link": "//game.gtimg.cn/images/yxzj/zlkdatasys/audios/audio/20220412/16497541802718.wav"
        },
        {
          "text": "能源，永不枯竭",
          "link": "//game.gtimg.cn/images/yxzj/zlkdatasys/audios/audio/20220412/16497542453391.wav"
        },
        {
          "text": "绝对正确的理性",
          "link": "//game.gtimg.cn/images/yxzj/zlkdatasys/audios/audio/20220412/16497542598264.wav"
        },
        {
          "text": "我领先时代太远！",
          "link": "//game.gtimg.cn/images/yxzj/zlkdatasys/audios/audio/20220412/16497542729996.wav"
        },
        {
          "text": "折断你的发条",
          "link": "//game.gtimg.cn/images/yxzj/zlkdatasys/audios/audio/20220412/16497542871208.wav"
        },
        {
          "text": "你的幸福来自服从",
          "link": "//game.gtimg.cn/images/yxzj/zlkdatasys/audios/audio/20220412/16497543017943.wav"
        },
        {
          "text": "成为机关实验里最棒的收藏品吧",
          "link": "//game.gtimg.cn/images/yxzj/zlkdatasys/audios/audio/20220412/16497543447765.wav"
        },
        {
          "text": "与机关共生，不是很棒的体验吗",
          "link": "//game.gtimg.cn/images/yxzj/zlkdatasys/audios/audio/20220412/16497543552875.wav"
        },
        {
          "text": "既然面对共同宿命，何不结为盟友",
          "link": "//game.gtimg.cn/images/yxzj/zlkdatasys/audios/audio/20220412/16497543715646.wav"
        },
        {
          "text": "站在故事尽头，领悟起源的本义。",
          "link": "//game.gtimg.cn/images/yxzj/zlkdatasys/audios/audio/20220412/16497543909429.mp3"
        },
        {
          "text": "能力越强，责任越大",
          "link": "//game.gtimg.cn/images/yxzj/zlkdatasys/audios/audio/20220412/16497544076592.wav"
        },
        {
          "text": "机械也会拥有生命、成长以及自我思考的能力",
          "link": "//game.gtimg.cn/images/yxzj/zlkdatasys/audios/audio/20220412/16497544241345.mp3"
        },
        {
          "text": "我讨厌半途而废的家伙",
          "link": "//game.gtimg.cn/images/yxzj/zlkdatasys/audios/audio/20220412/16497545227762.wav"
        },
        {
          "text": "你死我活，必然的结果",
          "link": "//game.gtimg.cn/images/yxzj/zlkdatasys/audios/audio/20220412/16497545359406.wav"
        }
      ],
      "name": "原皮"
    },
    {
      "voice": [
        {
          "text": "欢迎来到，我的王国",
          "link": "//game.gtimg.cn/images/yxzj/zlkdatasys/audios/audio/20220414/16499330487710.mp3"
        },
        {
          "text": "胡桃本没有生命，直到我拨动发条",
          "link": "//game.gtimg.cn/images/yxzj/zlkdatasys/audios/audio/20220414/16499330757666.mp3"
        },
        {
          "text": "在这里，你只需听见一个声音",
          "link": "//game.gtimg.cn/images/yxzj/zlkdatasys/audios/audio/20220414/16499330863310.mp3"
        },
        {
          "text": "齿轮转动，生命消逝，这就是胡桃",
          "link": "//game.gtimg.cn/images/yxzj/zlkdatasys/audios/audio/20220412/16497547289176.mp3"
        },
        {
          "text": "行动的勇气，是来自永恒停止的督促",
          "link": "//game.gtimg.cn/images/yxzj/zlkdatasys/audios/audio/20220412/16497547695617.mp3"
        },
        {
          "text": "行动的勇气，是来自死亡的督促",
          "link": "//game.gtimg.cn/images/yxzj/zlkdatasys/audios/audio/20220412/16497547851034.mp3"
        },
        {
          "text": "异想国最大的秘密，藏在你我的诅咒中",
          "link": "//game.gtimg.cn/images/yxzj/zlkdatasys/audios/audio/20220412/16497548074870.mp3"
        },
        {
          "text": "羡慕，无知的你们",
          "link": "//game.gtimg.cn/images/yxzj/zlkdatasys/audios/audio/20220412/16497548225822.wav"
        },
        {
          "text": "就算是木头，也想打破它的宿命",
          "link": "//game.gtimg.cn/images/yxzj/zlkdatasys/audios/audio/20220412/16497548666383.mp3"
        },
        {
          "text": "我的齿轮……停止了吗",
          "link": "//game.gtimg.cn/images/yxzj/zlkdatasys/audios/audio/20220412/16497548964992.mp3"
        },
        {
          "text": "越过高塔，追寻真相",
          "link": "//game.gtimg.cn/images/yxzj/zlkdatasys/audios/audio/20220412/16497549311451.wav"
        },
        {
          "text": "谁敢冒犯，我的领地",
          "link": "//game.gtimg.cn/images/yxzj/zlkdatasys/audios/audio/20220412/16497549607781.wav"
        },
        {
          "text": "想续命的，就上吧",
          "link": "//game.gtimg.cn/images/yxzj/zlkdatasys/audios/audio/20220412/16497549759411.wav"
        },
        {
          "text": "胡桃士兵，战时指令",
          "link": "//game.gtimg.cn/images/yxzj/zlkdatasys/audios/audio/20220412/16497549978868.wav"
        },
        {
          "text": "统统听从，我的号令",
          "link": "//game.gtimg.cn/images/yxzj/zlkdatasys/audios/audio/20220412/16497550113960.wav"
        },
        {
          "text": "来吧诅咒，打破它",
          "link": "//game.gtimg.cn/images/yxzj/zlkdatasys/audios/audio/20220412/16497550242920.wav"
        },
        {
          "text": "承认我的正确，是你唯一的选择",
          "link": "//game.gtimg.cn/images/yxzj/zlkdatasys/audios/audio/20220412/16497550571108.mp3"
        },
        {
          "text": "你的未来，由我掌控",
          "link": "//game.gtimg.cn/images/yxzj/zlkdatasys/audios/audio/20220412/16497550763940.mp3"
        },
        {
          "text": "束手就擒吧，王国会缅怀你的功绩",
          "link": "//game.gtimg.cn/images/yxzj/zlkdatasys/audios/audio/20220412/16497550965578.mp3"
        }
      ],
      "name": "胡桃异想国"
    },
    {
      "voice": [
        {
          "text": "让酒店起死回生的奥秘，有时只需要一个大新闻。",
          "link": "//game.gtimg.cn/images/yxzj/zlkdatasys/audios/audio/20230706/16886358566962.mp3"
        },
        {
          "text": "换一种工作方式，就是最好的度假。",
          "link": "//game.gtimg.cn/images/yxzj/zlkdatasys/audios/audio/20230706/16886358898240.mp3"
        },
        {
          "text": "镜头聚焦表象，而我主导一切。",
          "link": "//game.gtimg.cn/images/yxzj/zlkdatasys/audios/audio/20230706/16886359419202.mp3"
        },
        {
          "text": "意外是计划的假象，平静是深海的伪装。",
          "link": "//game.gtimg.cn/images/yxzj/zlkdatasys/audios/audio/20230706/16886291455424.mp3"
        },
        {
          "text": "在我的度假酒店里，从来没有不满意的客人。",
          "link": "//game.gtimg.cn/images/yxzj/zlkdatasys/audios/audio/20230706/16886291775094.mp3"
        },
        {
          "text": "濒临倒闭的假日海滩，将是商业制胜的绝佳筹码。",
          "link": "//game.gtimg.cn/images/yxzj/zlkdatasys/audios/audio/20230706/16886292065650.mp3"
        },
        {
          "text": "偶尔翻腾的泡沫，只是夏日海滩的小插曲。",
          "link": "//game.gtimg.cn/images/yxzj/zlkdatasys/audios/audio/20230706/16886292265761.mp3"
        },
        {
          "text": "海滩上奋勇救人的热血英雄，正是媒体最爱的新闻。",
          "link": "//game.gtimg.cn/images/yxzj/zlkdatasys/audios/audio/20230706/16886292528692.mp3"
        },
        {
          "text": "漩涡汹涌，藏于海面之下。",
          "link": "//game.gtimg.cn/images/yxzj/zlkdatasys/audios/audio/20230706/16886292755178.mp3"
        },
        {
          "text": "掌控全场比解决问题，更接近胜利。",
          "link": "//game.gtimg.cn/images/yxzj/zlkdatasys/audios/audio/20230706/16886292988146.mp3"
        },
        {
          "text": "计划……被打乱了。",
          "link": "//game.gtimg.cn/images/yxzj/zlkdatasys/audios/audio/20230706/16886293177832.mp3"
        },
        {
          "text": "是时候好好度个假了。",
          "link": "//game.gtimg.cn/images/yxzj/zlkdatasys/audios/audio/20230706/16886293456104.mp3"
        },
        {
          "text": "新手，只配待在浅水区。",
          "link": "//game.gtimg.cn/images/yxzj/zlkdatasys/audios/audio/20230706/16886293647293.mp3"
        },
        {
          "text": "魅力源于自身的强大，信心来自绝对的实力。",
          "link": "//game.gtimg.cn/images/yxzj/zlkdatasys/audios/audio/20230706/16886293869854.mp3"
        },
        {
          "text": "海鸥盘旋，预见胜利。",
          "link": "//game.gtimg.cn/images/yxzj/zlkdatasys/audios/audio/20230706/16886294119595.mp3"
        },
        {
          "text": "突破，天与海的边界！",
          "link": "//game.gtimg.cn/images/yxzj/zlkdatasys/audios/audio/20230706/16886294376172.mp3"
        },
        {
          "text": "海滩清道夫，接受指令！",
          "link": "//game.gtimg.cn/images/yxzj/zlkdatasys/audios/audio/20230706/16886294579881.mp3"
        },
        {
          "text": "扫除垃圾！",
          "link": "//game.gtimg.cn/images/yxzj/zlkdatasys/audios/audio/20230706/16886294782725.mp3"
        },
        {
          "text": "这里是危险海域！",
          "link": "//game.gtimg.cn/images/yxzj/zlkdatasys/audios/audio/20230706/16886294994055.mp3"
        },
        {
          "text": "我的海滩不欢迎你！",
          "link": "//game.gtimg.cn/images/yxzj/zlkdatasys/audios/audio/20230706/16886295194633.mp3"
        },
        {
          "text": "头脑简单但积极勇敢，恰好组成热血青年的价值标签。",
          "link": "//game.gtimg.cn/images/yxzj/zlkdatasys/audios/audio/20230706/16886295526407.mp3"
        },
        {
          "text": "套圈圈的沙滩游戏？值得推广。",
          "link": "//game.gtimg.cn/images/yxzj/zlkdatasys/audios/audio/20230706/16886295731272.mp3"
        },
        {
          "text": "夏日最耀眼的少女，是海滩最好的招牌。",
          "link": "//game.gtimg.cn/images/yxzj/zlkdatasys/audios/audio/20230706/16886296002342.mp3"
        },
        {
          "text": "制定者比参与者，更能走向理想的游戏结局。",
          "link": "//game.gtimg.cn/images/yxzj/zlkdatasys/audios/audio/20230706/16886296244103.mp3"
        },
        {
          "text": "成功的度假酒店，少不了热情似火的客人。",
          "link": "//game.gtimg.cn/images/yxzj/zlkdatasys/audios/audio/20230706/16886296494226.mp3"
        },
        {
          "text": "驾驭人心比驾驭海浪，更有力。",
          "link": "//game.gtimg.cn/images/yxzj/zlkdatasys/audios/audio/20230706/16886296789192.mp3"
        }
      ],
      "name": "完美假"
    }
  ]
}