{
  "data": [
    {
      "voice": [
        {
          "text": "花如盛世绽放，以人心培育。",
          "link": "//game.gtimg.cn/images/yxzj/zlkdatasys/audios/audio/20220412/16497291175136.wav"
        },
        {
          "text": "心似时光飘零，以生命愉悦。",
          "link": "//game.gtimg.cn/images/yxzj/zlkdatasys/audios/audio/20220412/16497291748596.wav"
        },
        {
          "text": "乾卦，飞龙在天，宜上分。",
          "link": "//game.gtimg.cn/images/yxzj/zlkdatasys/audios/audio/20220412/16497291946161.wav"
        },
        {
          "text": "无妄，天命不佑，小心队友。",
          "link": "//game.gtimg.cn/images/yxzj/zlkdatasys/audios/audio/20220412/16497292078335.wav"
        },
        {
          "text": "复卦，万物享通，逆境可再兴。",
          "link": "//game.gtimg.cn/images/yxzj/zlkdatasys/audios/audio/20220412/16497292311084.wav"
        },
        {
          "text": "明夷，晦暗之像，顺风当慎行。",
          "link": "//game.gtimg.cn/images/yxzj/zlkdatasys/audios/audio/20220412/16497292489171.wav"
        },
        {
          "text": "福兮祸所伏，祸兮福所倚。",
          "link": "//game.gtimg.cn/images/yxzj/zlkdatasys/audios/audio/20220412/16497300704907.wav"
        },
        {
          "text": "过度渴望招致完全绝望。",
          "link": "//game.gtimg.cn/images/yxzj/zlkdatasys/audios/audio/20220412/16497300879297.wav"
        },
        {
          "text": "大吉大利的卦象，抵不过栩栩如生的愚蠢。",
          "link": "//game.gtimg.cn/images/yxzj/zlkdatasys/audios/audio/20220412/16497300936408.wav"
        },
        {
          "text": "人生乏味，我欲令之光怪陆离。",
          "link": "//game.gtimg.cn/images/yxzj/zlkdatasys/audios/audio/20220412/16497301081413.wav"
        },
        {
          "text": "血管里，流淌着忘川之水",
          "link": "//game.gtimg.cn/images/yxzj/zlkdatasys/audios/audio/20220412/16497301186742.wav"
        },
        {
          "text": "人算不如天算",
          "link": "//game.gtimg.cn/images/yxzj/zlkdatasys/audios/audio/20220412/16497301433508.wav"
        },
        {
          "text": "算无遗策",
          "link": "//game.gtimg.cn/images/yxzj/zlkdatasys/audios/audio/20220412/16497301676221.wav"
        },
        {
          "text": "哈哈哈，小小的推波助澜而已",
          "link": "//game.gtimg.cn/images/yxzj/zlkdatasys/audios/audio/20220412/16497301758673.wav"
        },
        {
          "text": "你果然太年轻",
          "link": "//game.gtimg.cn/images/yxzj/zlkdatasys/audios/audio/20220412/16497302181346.wav"
        },
        {
          "text": "用忘川的水，将你们当作牡丹浇灌",
          "link": "//game.gtimg.cn/images/yxzj/zlkdatasys/audios/audio/20220412/16497302295314.wav"
        },
        {
          "text": "以堕世之神的名义，该去取回我失去的东西了",
          "link": "//game.gtimg.cn/images/yxzj/zlkdatasys/audios/audio/20220412/16497302367102.wav"
        },
        {
          "text": "离卦，上九，谊征伐",
          "link": "//game.gtimg.cn/images/yxzj/zlkdatasys/audios/audio/20220412/16497302421850.wav"
        },
        {
          "text": "失去的便应当取回，这没有错",
          "link": "//game.gtimg.cn/images/yxzj/zlkdatasys/audios/audio/20220412/16497302772939.wav"
        },
        {
          "text": "情感囚入牢笼，留下的唯有胜负心",
          "link": "//game.gtimg.cn/images/yxzj/zlkdatasys/audios/audio/20220412/16497302869212.wav"
        },
        {
          "text": "利用或者被利用，人生就这么不平等",
          "link": "//game.gtimg.cn/images/yxzj/zlkdatasys/audios/audio/20220412/16497303391178.wav"
        },
        {
          "text": "冷却的心呐，早已不可能为任何人停留",
          "link": "//game.gtimg.cn/images/yxzj/zlkdatasys/audios/audio/20220412/16497303472262.wav"
        },
        {
          "text": "羌笛何须怨杨柳，春风不渡玉门关",
          "link": "//game.gtimg.cn/images/yxzj/zlkdatasys/audios/audio/20220412/16497303538427.wav"
        },
        {
          "text": "一堆无用的热情",
          "link": "//game.gtimg.cn/images/yxzj/zlkdatasys/audios/audio/20220412/16497303666480.wav"
        },
        {
          "text": "卦象说：既曾死而复生，亦将生而复灭",
          "link": "//game.gtimg.cn/images/yxzj/zlkdatasys/audios/audio/20220412/16497303727747.wav"
        },
        {
          "text": "我的就是我的，终究属于我的！",
          "link": "//game.gtimg.cn/images/yxzj/zlkdatasys/audios/audio/20220412/16497304291325.wav"
        },
        {
          "text": "纵万千国色，也无法与小小的瓣鳞花争艳吗？哼",
          "link": "//game.gtimg.cn/images/yxzj/zlkdatasys/audios/audio/20220412/16497304474833.wav"
        },
        {
          "text": "卦象说：背叛，不会是最后一次",
          "link": "//game.gtimg.cn/images/yxzj/zlkdatasys/audios/audio/20220412/16497304591085.wav"
        },
        {
          "text": "唔，真是……算过的卦里最烂的八字",
          "link": "//game.gtimg.cn/images/yxzj/zlkdatasys/audios/audio/20220412/16497304729388.wav"
        },
        {
          "text": "卦象说：回不来的，永远回不来。得不到的，永远得不到",
          "link": "//game.gtimg.cn/images/yxzj/zlkdatasys/audios/audio/20220412/16497304793015.wav"
        },
        {
          "text": "若牵挂的人只存在于回忆中，才是彻头彻尾的失败",
          "link": "//game.gtimg.cn/images/yxzj/zlkdatasys/audios/audio/20220412/16497304873743.wav"
        },
        {
          "text": "卦象说：以别离始，以别离终",
          "link": "//game.gtimg.cn/images/yxzj/zlkdatasys/audios/audio/20220412/16497304977264.wav"
        },
        {
          "text": "诶呀，卦象说：你会被抛弃三次。",
          "link": "//game.gtimg.cn/images/yxzj/zlkdatasys/audios/audio/20220412/16497305617789.wav"
        },
        {
          "text": "兄弟，可笑又可怜的谎言",
          "link": "//game.gtimg.cn/images/yxzj/zlkdatasys/audios/audio/20220412/16497305741493.wav"
        },
        {
          "text": "谁记得你？谁需要你？谁才不会再次离开你？",
          "link": "//game.gtimg.cn/images/yxzj/zlkdatasys/audios/audio/20220412/16497305872983.wav"
        },
        {
          "text": "长安和亲人，选哪一个？",
          "link": "//game.gtimg.cn/images/yxzj/zlkdatasys/audios/audio/20220412/16497305954053.wav"
        },
        {
          "text": "没有绝对的吉凶，就像没有绝对的正义",
          "link": "//game.gtimg.cn/images/yxzj/zlkdatasys/audios/audio/20220412/16497306156212.wav"
        },
        {
          "text": "什么……都算不出、什么……也看不清",
          "link": "//game.gtimg.cn/images/yxzj/zlkdatasys/audios/audio/20220412/16497306463523.wav"
        },
        {
          "text": "命运会否与卦象如一？拭目以待吧",
          "link": "//game.gtimg.cn/images/yxzj/zlkdatasys/audios/audio/20220412/16497306663298.wav"
        },
        {
          "text": "卦象说：你承诺的，言出必果；你恐惧的，如约而至",
          "link": "//game.gtimg.cn/images/yxzj/zlkdatasys/audios/audio/20220427/16510552636009.mp3"
        },
        {
          "text": "星儿，待你解开此局，便是师父归来之日。",
          "link": "//game.gtimg.cn/images/yxzj/zlkdatasys/audios/audio/20220428/16511353218556.mp3"
        },
        {
          "text": "昔日云中牡丹客，今朝长安隐世人",
          "link": "//game.gtimg.cn/images/yxzj/zlkdatasys/audios/audio/20220428/16511354206797.mp3"
        },
        {
          "text": "没有结局的生命，没有回声的话语。",
          "link": "//game.gtimg.cn/images/yxzj/zlkdatasys/audios/audio/20220915/16632397877786.mp3"
        }
      ],
      "name": "原皮"
    },
    {
      "voice": [
        {
          "text": "昨夜星辰昨夜风，画楼西畔桂堂东。",
          "link": "//game.gtimg.cn/images/yxzj/zlkdatasys/audios/audio/20220412/16497310153277.wav"
        },
        {
          "text": "夜色迷离，心有灵犀~",
          "link": "//game.gtimg.cn/images/yxzj/zlkdatasys/audios/audio/20220412/16497310272118.wav"
        },
        {
          "text": "转动吧~我们的秘密游戏~",
          "link": "//game.gtimg.cn/images/yxzj/zlkdatasys/audios/audio/20220412/16497310324074.wav"
        },
        {
          "text": "白天有什么意思……",
          "link": "//game.gtimg.cn/images/yxzj/zlkdatasys/audios/audio/20220412/16497310655192.wav"
        },
        {
          "text": "一般情况下，我比你想得还要孤独。",
          "link": "//game.gtimg.cn/images/yxzj/zlkdatasys/audios/audio/20220412/16497310755030.wav"
        },
        {
          "text": "别羡慕云上的日子，和凡人也差不多。",
          "link": "//game.gtimg.cn/images/yxzj/zlkdatasys/audios/audio/20220412/16497310836657.wav"
        },
        {
          "text": "杯中清酒，就像微笑荡漾。",
          "link": "//game.gtimg.cn/images/yxzj/zlkdatasys/audios/audio/20220412/16497310907703.wav"
        },
        {
          "text": "不爱热闹，却爱在热闹中间。",
          "link": "//game.gtimg.cn/images/yxzj/zlkdatasys/audios/audio/20220412/16497310998039.wav"
        },
        {
          "text": "你们接着玩吧……",
          "link": "//game.gtimg.cn/images/yxzj/zlkdatasys/audios/audio/20220412/16497311185106.wav"
        },
        {
          "text": "击鼓传花，再来一盘！",
          "link": "//game.gtimg.cn/images/yxzj/zlkdatasys/audios/audio/20220412/16497311389272.wav"
        },
        {
          "text": "确认过眼神，是我要找的人~",
          "link": "//game.gtimg.cn/images/yxzj/zlkdatasys/audios/audio/20220412/16497311495237.wav"
        },
        {
          "text": "不困~",
          "link": "//game.gtimg.cn/images/yxzj/zlkdatasys/audios/audio/20220412/16497311551342.wav"
        },
        {
          "text": "很抱歉，又赢了。",
          "link": "//game.gtimg.cn/images/yxzj/zlkdatasys/audios/audio/20220412/16497311791905.wav"
        },
        {
          "text": "输怕了吗？",
          "link": "//game.gtimg.cn/images/yxzj/zlkdatasys/audios/audio/20220412/16497311871190.wav"
        }
      ],
      "name": "虹云星官"
    },
    {
      "voice": [
        {
          "text": "吟游诗人聆听世人的祈祷，某个真相似乎即将揭晓。",
          "link": "//game.gtimg.cn/images/yxzj/zlkdatasys/audios/audio/20220418/16502804317967.mp3"
        },
        {
          "text": "你们心底最深处的声音，都将成为我诗歌的养料。",
          "link": "//game.gtimg.cn/images/yxzj/zlkdatasys/audios/audio/20220418/16502804713003.mp3"
        },
        {
          "text": "我将预言你们的下场，无人可从审判者手中逃跑。",
          "link": "//game.gtimg.cn/images/yxzj/zlkdatasys/audios/audio/20220418/16502804875378.mp3"
        },
        {
          "text": "竖笛声自远方传来，嘘，安静聆听诗人的诗歌，请勿吵闹。",
          "link": "//game.gtimg.cn/images/yxzj/zlkdatasys/audios/audio/20220418/16502793111880.wav"
        },
        {
          "text": "诗歌拥有神奇的魔力，能将人心底深处的欲望化为最美的音调。",
          "link": "//game.gtimg.cn/images/yxzj/zlkdatasys/audios/audio/20220418/16502793262363.wav"
        },
        {
          "text": "有人忏悔，有人祷告，有人在诗歌中手舞足蹈。",
          "link": "//game.gtimg.cn/images/yxzj/zlkdatasys/audios/audio/20220418/16502793415673.wav"
        },
        {
          "text": "人生漫长而无聊，仇恨是最好的解药。",
          "link": "//game.gtimg.cn/images/yxzj/zlkdatasys/audios/audio/20220418/16502793632327.wav"
        },
        {
          "text": "羊皮纸中诗篇如此巧妙，诗人对人间的卑劣报以冷笑。",
          "link": "//game.gtimg.cn/images/yxzj/zlkdatasys/audios/audio/20220418/16502793805546.wav"
        },
        {
          "text": "诗人已逝，但仇恨未消。",
          "link": "//game.gtimg.cn/images/yxzj/zlkdatasys/audios/audio/20220418/16502793986591.wav"
        },
        {
          "text": "沉迷于美妙的声调！",
          "link": "//game.gtimg.cn/images/yxzj/zlkdatasys/audios/audio/20220418/16502794157488.wav"
        },
        {
          "text": "聆听诗人的竖笛！",
          "link": "//game.gtimg.cn/images/yxzj/zlkdatasys/audios/audio/20220418/16502794268712.wav"
        },
        {
          "text": "让诗人聆听你内心的声音！",
          "link": "//game.gtimg.cn/images/yxzj/zlkdatasys/audios/audio/20220418/16502794394364.wav"
        },
        {
          "text": "诗人忽然将声调提高！",
          "link": "//game.gtimg.cn/images/yxzj/zlkdatasys/audios/audio/20220418/16502794565685.wav"
        },
        {
          "text": "愚者悲鸣的叙事谣！",
          "link": "//game.gtimg.cn/images/yxzj/zlkdatasys/audios/audio/20220418/16502794758811.wav"
        },
        {
          "text": "诗歌的旋律浑厚而协调！",
          "link": "//game.gtimg.cn/images/yxzj/zlkdatasys/audios/audio/20220418/16502794874891.wav"
        },
        {
          "text": "大地新生的咏叹调！",
          "link": "//game.gtimg.cn/images/yxzj/zlkdatasys/audios/audio/20220418/16502795281729.wav"
        },
        {
          "text": "诗歌的旋律如将至的风暴！",
          "link": "//game.gtimg.cn/images/yxzj/zlkdatasys/audios/audio/20220418/16502795432789.wav"
        },
        {
          "text": "预言你将厄运缠绕！",
          "link": "//game.gtimg.cn/images/yxzj/zlkdatasys/audios/audio/20220418/16502796013412.wav"
        },
        {
          "text": "别担心，良善者终有好报！",
          "link": "//game.gtimg.cn/images/yxzj/zlkdatasys/audios/audio/20220418/16502796134304.wav"
        },
        {
          "text": "预言危难将被抵消！",
          "link": "//game.gtimg.cn/images/yxzj/zlkdatasys/audios/audio/20220418/16502796287746.wav"
        },
        {
          "text": "审判预言宣告！",
          "link": "//game.gtimg.cn/images/yxzj/zlkdatasys/audios/audio/20220418/16502796568959.wav"
        },
        {
          "text": "愚者的反抗徒劳而可笑。",
          "link": "//game.gtimg.cn/images/yxzj/zlkdatasys/audios/audio/20220418/16502796725156.wav"
        },
        {
          "text": "魔法书的第十三页，上面的羊皮纸似乎与诗稿系出同源。",
          "link": "//game.gtimg.cn/images/yxzj/zlkdatasys/audios/audio/20220418/16502797125300.wav"
        },
        {
          "text": "爱情的味道令人厌恶，预言分别将成为你们的最终归宿。",
          "link": "//game.gtimg.cn/images/yxzj/zlkdatasys/audios/audio/20220418/16502797441335.wav"
        },
        {
          "text": "你的声音令我感到熟悉，不由想起黑暗中的那场交易。",
          "link": "//game.gtimg.cn/images/yxzj/zlkdatasys/audios/audio/20220418/16502797561826.wav"
        },
        {
          "text": "背弃诗人的魔鬼，将因自己的行为而懊悔。",
          "link": "//game.gtimg.cn/images/yxzj/zlkdatasys/audios/audio/20220418/16502797737665.wav"
        },
        {
          "text": "哦~演奏终了。",
          "link": "//game.gtimg.cn/images/yxzj/zlkdatasys/audios/audio/20220419/16503349992878.wav"
        }
      ],
      "name": "吟游魔法"
    },
    {
      "voice": [
        {
          "text": "谎言掩藏真相，怪谈将它揭晓。",
          "link": "//game.gtimg.cn/images/yxzj/zlkdatasys/audios/audio/20240520/17161932115246.mp3"
        },
        {
          "text": "凡我所述，尽在这万象之城上演。",
          "link": "//game.gtimg.cn/images/yxzj/zlkdatasys/audios/audio/20240520/17161932402230.mp3"
        },
        {
          "text": "午夜已至，欢迎大家收听我的频道。",
          "link": "//game.gtimg.cn/images/yxzj/zlkdatasys/audios/audio/20240520/17161932645001.mp3"
        },
        {
          "text": "下面这个故事的名字叫做……狼搭肩，莫回头。",
          "link": "//game.gtimg.cn/images/yxzj/zlkdatasys/audios/audio/20240520/17161880933606.mp3"
        },
        {
          "text": "往事流传多年变为故事，故事稍加编造即成怪谈。",
          "link": "//game.gtimg.cn/images/yxzj/zlkdatasys/audios/audio/20240520/17161881256778.mp3"
        },
        {
          "text": "一人不进庙，二人不看井，三人不抱树。",
          "link": "//game.gtimg.cn/images/yxzj/zlkdatasys/audios/audio/20240520/17161881629901.mp3"
        },
        {
          "text": "怪谈魇魅？哼，不过人心作祟。",
          "link": "//game.gtimg.cn/images/yxzj/zlkdatasys/audios/audio/20240520/17161881964014.mp3"
        },
        {
          "text": "对镜着棋，亦有胜者。",
          "link": "//game.gtimg.cn/images/yxzj/zlkdatasys/audios/audio/20240520/17161882369715.mp3"
        },
        {
          "text": "身处这荒诞世间，你我早已是局中一员。",
          "link": "//game.gtimg.cn/images/yxzj/zlkdatasys/audios/audio/20240520/17161882664883.mp3"
        },
        {
          "text": "我的故事讲完了，那么你的呢？",
          "link": "//game.gtimg.cn/images/yxzj/zlkdatasys/audios/audio/20240520/17161883028917.mp3"
        },
        {
          "text": "嘘，在你身后。",
          "link": "//game.gtimg.cn/images/yxzj/zlkdatasys/audios/audio/20240520/17161883363728.mp3"
        },
        {
          "text": "舞台已经搭好，配角该登场了。",
          "link": "//game.gtimg.cn/images/yxzj/zlkdatasys/audios/audio/20240520/17161883731917.mp3"
        },
        {
          "text": "大隐隐于市。",
          "link": "//game.gtimg.cn/images/yxzj/zlkdatasys/audios/audio/20240520/17161884055723.mp3"
        },
        {
          "text": "本节目只在零点播出，若于其他时间出现，请立刻堵住耳朵。",
          "link": "//game.gtimg.cn/images/yxzj/zlkdatasys/audios/audio/20240520/17161884433834.mp3"
        },
        {
          "text": "姑妄听之",
          "link": "//game.gtimg.cn/images/yxzj/zlkdatasys/audios/audio/20240520/17161884801895.mp3"
        },
        {
          "text": "魑魅争光",
          "link": "//game.gtimg.cn/images/yxzj/zlkdatasys/audios/audio/20240520/17161885178416.mp3"
        },
        {
          "text": "魍魉见笑",
          "link": "//game.gtimg.cn/images/yxzj/zlkdatasys/audios/audio/20240520/17161885498799.mp3"
        },
        {
          "text": "零点钟声未响",
          "link": "//game.gtimg.cn/images/yxzj/zlkdatasys/audios/audio/20240520/17161885937192.mp3"
        },
        {
          "text": "堵住耳朵也无济于事",
          "link": "//game.gtimg.cn/images/yxzj/zlkdatasys/audios/audio/20240520/17161886269552.mp3"
        },
        {
          "text": "捉摸不透的真相",
          "link": "//game.gtimg.cn/images/yxzj/zlkdatasys/audios/audio/20240520/17161886693053.mp3"
        },
        {
          "text": "突如其来的反转",
          "link": "//game.gtimg.cn/images/yxzj/zlkdatasys/audios/audio/20240520/17161887064697.mp3"
        },
        {
          "text": "一字一句，皆入我局",
          "link": "//game.gtimg.cn/images/yxzj/zlkdatasys/audios/audio/20240520/17161887511009.mp3"
        },
        {
          "text": "皎皎月光，鬼蜮难藏",
          "link": "//game.gtimg.cn/images/yxzj/zlkdatasys/audios/audio/20240520/17161887878347.mp3"
        },
        {
          "text": "反复离奇之事",
          "link": "//game.gtimg.cn/images/yxzj/zlkdatasys/audios/audio/20240520/17161888184184.mp3"
        },
        {
          "text": "荒诞诡变之言",
          "link": "//game.gtimg.cn/images/yxzj/zlkdatasys/audios/audio/20240520/17161888511805.mp3"
        }
      ],
      "name": "夜落电台"
    }
  ]
}
