{
  "data": [
    {
      "voice": [
        {
          "text": "拥有了青春，也就拥抱了永恒",
          "link": "//game.gtimg.cn/images/yxzj/zlkdatasys/audios/audio/20220408/16493869583182.wav"
        },
        {
          "text": "年龄？那是秘密。",
          "link": "//game.gtimg.cn/images/yxzj/zlkdatasys/audios/audio/20220408/16493870834848.wav"
        },
        {
          "text": "我会好好疼爱你的",
          "link": "//game.gtimg.cn/images/yxzj/zlkdatasys/audios/audio/20220408/16493871013879.wav"
        },
        {
          "text": "嗯，很可口！",
          "link": "//game.gtimg.cn/images/yxzj/zlkdatasys/audios/audio/20220408/16493871476583.wav"
        },
        {
          "text": "来吧，最爱的血拼",
          "link": "//game.gtimg.cn/images/yxzj/zlkdatasys/audios/audio/20220408/16493871633723.wav"
        },
        {
          "text": "整容手术都是骗人的，青春美貌全靠大招保养。",
          "link": "//game.gtimg.cn/images/yxzj/zlkdatasys/audios/audio/20220408/16493871794573.wav"
        },
        {
          "text": "为了完美的皮肤，拒绝挑食~",
          "link": "//game.gtimg.cn/images/yxzj/zlkdatasys/audios/audio/20220408/16493871942744.wav"
        },
        {
          "text": "魔镜啊魔镜，谁是世界上最美丽的女人？",
          "link": "//game.gtimg.cn/images/yxzj/zlkdatasys/audios/audio/20220408/16493872354530.wav"
        },
        {
          "text": "又成为了幻影……",
          "link": "//game.gtimg.cn/images/yxzj/zlkdatasys/audios/audio/20220408/16493872745326.wav"
        },
        {
          "text": "有人会跟自己的化妆品交流吗？",
          "link": "//game.gtimg.cn/images/yxzj/zlkdatasys/audios/audio/20220408/16493873048376.wav"
        },
        {
          "text": "我喜欢的血型",
          "link": "//game.gtimg.cn/images/yxzj/zlkdatasys/audios/audio/20220408/16493873493544.wav"
        },
        {
          "text": "返老还童",
          "link": "//game.gtimg.cn/images/yxzj/zlkdatasys/audios/audio/20220408/16493873683077.wav"
        }
      ],
      "name": "原皮"
    },
    {
      "voice": [
        {
          "text": "秦之崛起，如日初升。",
          "link": "//game.gtimg.cn/images/yxzj/zlkdatasys/audios/audio/20220408/16493874797379.wav"
        },
        {
          "text": "王权在握，自是一种风采",
          "link": "//game.gtimg.cn/images/yxzj/zlkdatasys/audios/audio/20220408/16493874967991.wav"
        },
        {
          "text": "大争之世，唯论强弱存亡",
          "link": "//game.gtimg.cn/images/yxzj/zlkdatasys/audios/audio/20220408/16493875113800.wav"
        },
        {
          "text": "不是灭了六国，便是为六国所灭",
          "link": "//game.gtimg.cn/images/yxzj/zlkdatasys/audios/audio/20220408/16493875251468.wav"
        },
        {
          "text": "知道吗？女子桀骜起来，亦可扫六合，主天下",
          "link": "//game.gtimg.cn/images/yxzj/zlkdatasys/audios/audio/20220408/16493876843741.wav"
        },
        {
          "text": "岂曰无衣？与子同袍。王于兴师，修我戈矛",
          "link": "//game.gtimg.cn/images/yxzj/zlkdatasys/audios/audio/20220408/16493877572533.wav"
        },
        {
          "text": "若有利，自当图之",
          "link": "//game.gtimg.cn/images/yxzj/zlkdatasys/audios/audio/20220408/16493877699198.wav"
        },
        {
          "text": "哈哈，青史评说，与我有什么干系？",
          "link": "//game.gtimg.cn/images/yxzj/zlkdatasys/audios/audio/20220408/16493877804644.wav"
        },
        {
          "text": "不死，不休……",
          "link": "//game.gtimg.cn/images/yxzj/zlkdatasys/audios/audio/20220408/16493877952081.wav"
        },
        {
          "text": "一寸疆土，一寸血。",
          "link": "//game.gtimg.cn/images/yxzj/zlkdatasys/audios/audio/20220408/16493878161137.wav"
        },
        {
          "text": "真是失态啊哈哈哈",
          "link": "//game.gtimg.cn/images/yxzj/zlkdatasys/audios/audio/20220408/16493878698850.wav"
        },
        {
          "text": "不要放肆",
          "link": "//game.gtimg.cn/images/yxzj/zlkdatasys/audios/audio/20220408/16493878856870.wav"
        },
        {
          "text": "有凤来仪，天下安宁",
          "link": "//game.gtimg.cn/images/yxzj/zlkdatasys/audios/audio/20220408/16493879553724.wav"
        },
        {
          "text": "哼，世道如此",
          "link": "//game.gtimg.cn/images/yxzj/zlkdatasys/audios/audio/20220408/16493898228443.wav"
        },
        {
          "text": "活着，是失败者；死了，是史书上的失败者。",
          "link": "//game.gtimg.cn/images/yxzj/zlkdatasys/audios/audio/20220408/16493883014692.wav"
        }
      ],
      "name": "大秦宣太后"
    },
    {
      "voice": [
        {
          "text": "椰子，他最喜欢的人…唉…万般情肠，皆为过往",
          "link": "//game.gtimg.cn/images/yxzj/zlkdatasys/audios/audio/20220415/16499938895696.mp3"
        },
        {
          "text": "你的良心告诉我，你最爱的不是我",
          "link": "//game.gtimg.cn/images/yxzj/zlkdatasys/audios/audio/20220415/16499938585080.mp3"
        },
        {
          "text": "你我都要相信，放下也是一种天意",
          "link": "//game.gtimg.cn/images/yxzj/zlkdatasys/audios/audio/20220415/16499938767570.mp3"
        },
        {
          "text": "故事的结局还远着呢",
          "link": "//game.gtimg.cn/images/yxzj/zlkdatasys/audios/audio/20220408/16493900346645.wav"
        },
        {
          "text": "真正属于我的命中注定，再找五百年又怕什么",
          "link": "//game.gtimg.cn/images/yxzj/zlkdatasys/audios/audio/20220408/16493900795922.wav"
        },
        {
          "text": "我是在一个风很安静的夜晚离开的",
          "link": "//game.gtimg.cn/images/yxzj/zlkdatasys/audios/audio/20220408/16493900941332.wav"
        },
        {
          "text": "此回缘分未果，来日再寻所爱",
          "link": "//game.gtimg.cn/images/yxzj/zlkdatasys/audios/audio/20220408/16493901064453.wav"
        },
        {
          "text": "不开心，长生不老也没用~开心，就算活几天也足够！",
          "link": "//game.gtimg.cn/images/yxzj/zlkdatasys/audios/audio/20220408/16493901219679.wav"
        },
        {
          "text": "不会再为这个男人心疼……",
          "link": "//game.gtimg.cn/images/yxzj/zlkdatasys/audios/audio/20220408/16493901728798.wav"
        },
        {
          "text": "三味白骨火！",
          "link": "//game.gtimg.cn/images/yxzj/zlkdatasys/audios/audio/20220408/16493901904190.wav"
        },
        {
          "text": "爱恨燃尽！",
          "link": "//game.gtimg.cn/images/yxzj/zlkdatasys/audios/audio/20220408/16493902066135.wav"
        },
        {
          "text": "往事何必追寻~",
          "link": "//game.gtimg.cn/images/yxzj/zlkdatasys/audios/audio/20220408/16493902242977.wav"
        },
        {
          "text": "呵，文也不行，武也不行",
          "link": "//game.gtimg.cn/images/yxzj/zlkdatasys/audios/audio/20220408/16493902604813.wav"
        },
        {
          "text": "呵，你啊，一点性格也没有！",
          "link": "//game.gtimg.cn/images/yxzj/zlkdatasys/audios/audio/20220408/16493902894677.wav"
        },
        {
          "text": "你经过这五百年，回来要找的不是我",
          "link": "//game.gtimg.cn/images/yxzj/zlkdatasys/audios/audio/20220408/16493903249270.wav"
        },
        {
          "text": "我看到了 ，一滴眼泪",
          "link": "//game.gtimg.cn/images/yxzj/zlkdatasys/audios/audio/20220408/16493903432311.wav"
        }
      ],
      "name": "白晶晶"
    }
  ]
}