{
  "data": [
    {
      "voice": [
        {
          "text": "变形，出发！",
          "link": "//game.gtimg.cn/images/yxzj/zlkdatasys/audios/audio/20220411/16496784501473.wav"
        },
        {
          "text": "生存，就是最精彩的战斗。",
          "link": "//game.gtimg.cn/images/yxzj/zlkdatasys/audios/audio/20220411/16496784686813.wav"
        },
        {
          "text": "会让你印象深刻的！",
          "link": "//game.gtimg.cn/images/yxzj/zlkdatasys/audios/audio/20220411/16496784826227.wav"
        },
        {
          "text": "进化的终点是自我毁灭！",
          "link": "//game.gtimg.cn/images/yxzj/zlkdatasys/audios/audio/20220411/16496784975253.wav"
        },
        {
          "text": "太吵了，需要一点和平！",
          "link": "//game.gtimg.cn/images/yxzj/zlkdatasys/audios/audio/20220411/16496785123593.wav"
        },
        {
          "text": "保持敬老的美德，能让你避免被碾压。",
          "link": "//game.gtimg.cn/images/yxzj/zlkdatasys/audios/audio/20220411/16496785269867.wav"
        },
        {
          "text": "心怀恐惧，方能无畏！",
          "link": "//game.gtimg.cn/images/yxzj/zlkdatasys/audios/audio/20220411/16496785503156.wav"
        },
        {
          "text": "哇啊，什么黑科技……",
          "link": "//game.gtimg.cn/images/yxzj/zlkdatasys/audios/audio/20220411/16496785656750.wav"
        },
        {
          "text": "警报：高能时刻！",
          "link": "//game.gtimg.cn/images/yxzj/zlkdatasys/audios/audio/20220411/16496785929155.wav"
        },
        {
          "text": "我来组成头部！",
          "link": "//game.gtimg.cn/images/yxzj/zlkdatasys/audios/audio/20220411/16496786055549.wav"
        },
        {
          "text": "感谢你为和平做出的牺牲！",
          "link": "//game.gtimg.cn/images/yxzj/zlkdatasys/audios/audio/20220411/16496786181015.wav"
        },
        {
          "text": "踩到你了吗，抱歉……呃，一不小心就碾压。",
          "link": "//game.gtimg.cn/images/yxzj/zlkdatasys/audios/audio/20220411/16496786332348.wav"
        },
        {
          "text": "嗯，我知道啦。",
          "link": "//game.gtimg.cn/images/yxzj/zlkdatasys/audios/audio/20220428/16511319552545.mp3"
        }
      ],
      "name": "原皮"
    },
    {
      "voice": [
        {
          "text": "风暴降临！",
          "link": "//game.gtimg.cn/images/yxzj/zlkdatasys/audios/audio/20220415/16499906344139.mp3"
        },
        {
          "text": "我的同伴都在哪？",
          "link": "//game.gtimg.cn/images/yxzj/zlkdatasys/audios/audio/20220415/16499906443117.mp3"
        },
        {
          "text": "是谁，要将我们毁灭？",
          "link": "//game.gtimg.cn/images/yxzj/zlkdatasys/audios/audio/20220415/16499906539378.mp3"
        },
        {
          "text": "汽车人出现的历史，远比你想象得更久。",
          "link": "//game.gtimg.cn/images/yxzj/zlkdatasys/audios/audio/20220411/16496795911788.wav"
        },
        {
          "text": "在被审判之前，我也曾是英雄。",
          "link": "//game.gtimg.cn/images/yxzj/zlkdatasys/audios/audio/20220411/16496796053045.wav"
        },
        {
          "text": "这是，与星球上所有族群共有的命运。",
          "link": "//game.gtimg.cn/images/yxzj/zlkdatasys/audios/audio/20220411/16496796197010.wav"
        },
        {
          "text": "我们，也曾与人类许下约定……",
          "link": "//game.gtimg.cn/images/yxzj/zlkdatasys/audios/audio/20220411/16496796375802.wav"
        },
        {
          "text": "要将一切美好的，都毁去吗！",
          "link": "//game.gtimg.cn/images/yxzj/zlkdatasys/audios/audio/20220411/16496796521894.wav"
        },
        {
          "text": "无意，伤害你……",
          "link": "//game.gtimg.cn/images/yxzj/zlkdatasys/audios/audio/20220411/16496796691068.wav"
        },
        {
          "text": "试试终极力量。",
          "link": "//game.gtimg.cn/images/yxzj/zlkdatasys/audios/audio/20220411/16496796879457.wav"
        },
        {
          "text": "无限聚能！",
          "link": "//game.gtimg.cn/images/yxzj/zlkdatasys/audios/audio/20220411/16496797006293.wav"
        },
        {
          "text": "我比你更了解死亡。",
          "link": "//game.gtimg.cn/images/yxzj/zlkdatasys/audios/audio/20220411/16496797171436.wav"
        },
        {
          "text": "还想重蹈覆辙么！",
          "link": "//game.gtimg.cn/images/yxzj/zlkdatasys/audios/audio/20220411/16496797334258.wav"
        },
        {
          "text": "见过我的朋友引擎之心吗？",
          "link": "//game.gtimg.cn/images/yxzj/zlkdatasys/audios/audio/20220411/16496797481394.wav"
        }
      ],
      "name": "金属风暴"
    },
    {
      "voice": [
        {
          "text": "火焰，世界的本源。",
          "link": "//game.gtimg.cn/images/yxzj/zlkdatasys/audios/audio/20220415/16499906822032.mp3"
        },
        {
          "text": "信仰，即是契约。",
          "link": "//game.gtimg.cn/images/yxzj/zlkdatasys/audios/audio/20220415/16499906937634.mp3"
        },
        {
          "text": "你们的守护者，降临了。",
          "link": "//game.gtimg.cn/images/yxzj/zlkdatasys/audios/audio/20220415/16499907036373.mp3"
        },
        {
          "text": "古老龙族的预言，终将在这片大陆应验。",
          "link": "//game.gtimg.cn/images/yxzj/zlkdatasys/audios/audio/20220411/16496800707183.mp3"
        },
        {
          "text": "再强大的龙骑士，也有为庇护弱小而死的一天。",
          "link": "//game.gtimg.cn/images/yxzj/zlkdatasys/audios/audio/20220411/16496800874698.mp3"
        },
        {
          "text": "战斗！为了无愧于人族世代的铭记。",
          "link": "//game.gtimg.cn/images/yxzj/zlkdatasys/audios/audio/20220411/16496801449323.mp3"
        },
        {
          "text": "灾难会淬炼龙的骨血。",
          "link": "//game.gtimg.cn/images/yxzj/zlkdatasys/audios/audio/20220411/16496801612467.mp3"
        },
        {
          "text": "我可没有那种……抢公主的爱好。",
          "link": "//game.gtimg.cn/images/yxzj/zlkdatasys/audios/audio/20220411/16496801832508.mp3"
        },
        {
          "text": "别怕，这就是龙骑士的命运……",
          "link": "//game.gtimg.cn/images/yxzj/zlkdatasys/audios/audio/20220411/16496801981468.mp3"
        },
        {
          "text": "无可匹敌！",
          "link": "//game.gtimg.cn/images/yxzj/zlkdatasys/audios/audio/20220411/16496802137074.wav"
        },
        {
          "text": "龙之怒焰！",
          "link": "//game.gtimg.cn/images/yxzj/zlkdatasys/audios/audio/20220411/16496802316094.wav"
        },
        {
          "text": "觊觎圣物的下场。",
          "link": "//game.gtimg.cn/images/yxzj/zlkdatasys/audios/audio/20220411/16496802476246.wav"
        },
        {
          "text": "没错，我就是你理解的那种恶龙。",
          "link": "//game.gtimg.cn/images/yxzj/zlkdatasys/audios/audio/20220411/16496802614209.wav"
        },
        {
          "text": "被唤醒……",
          "link": "//game.gtimg.cn/images/yxzj/zlkdatasys/audios/audio/20220411/16496803137494.wav"
        }
      ],
      "name": "龙骑士"
    },
    {
      "voice": [
        {
          "text": "朗朗乾坤，岂容祸煞横行！",
          "link": "//game.gtimg.cn/images/yxzj/zlkdatasys/audios/audio/20230112/16735095544811.wav"
        },
        {
          "text": "绿苔枯荣，人间转瞬千年。",
          "link": "//game.gtimg.cn/images/yxzj/zlkdatasys/audios/audio/20230112/16735096817959.wav"
        },
        {
          "text": "除尽邪祟，守世间太平——吾毕生之愿。",
          "link": "//game.gtimg.cn/images/yxzj/zlkdatasys/audios/audio/20230112/16735098153583.wav"
        },
        {
          "text": "吾曾身化磐石，镇压此地邪物。",
          "link": "//game.gtimg.cn/images/yxzj/zlkdatasys/audios/audio/20230112/16734913407432.wav"
        },
        {
          "text": "降魔之路漫漫，幸有吾友同行，吾友……今何在？",
          "link": "//game.gtimg.cn/images/yxzj/zlkdatasys/audios/audio/20230112/16734917234472.wav"
        },
        {
          "text": "择善固执，邪魔避之。",
          "link": "//game.gtimg.cn/images/yxzj/zlkdatasys/audios/audio/20230112/16734917557034.wav"
        },
        {
          "text": "吾既苏醒，群魔不敢来扰。",
          "link": "//game.gtimg.cn/images/yxzj/zlkdatasys/audios/audio/20230112/16734917818951.wav"
        },
        {
          "text": "世间千秋，不过苍梧化碧海，碧海化桑田。",
          "link": "//game.gtimg.cn/images/yxzj/zlkdatasys/audios/audio/20230112/16734924428588.wav"
        },
        {
          "text": "这道刻痕乃过去一顽童所留。嗯，距今已有五百年了。",
          "link": "//game.gtimg.cn/images/yxzj/zlkdatasys/audios/audio/20230112/16734925133589.wav"
        },
        {
          "text": "吾并非无名无姓，只是有些记不清了……",
          "link": "//game.gtimg.cn/images/yxzj/zlkdatasys/audios/audio/20230112/16734927065410.wav"
        },
        {
          "text": "再化磐石……",
          "link": "//game.gtimg.cn/images/yxzj/zlkdatasys/audios/audio/20230112/16734928751168.wav"
        },
        {
          "text": "诛邪！",
          "link": "//game.gtimg.cn/images/yxzj/zlkdatasys/audios/audio/20230112/16734930346076.wav"
        },
        {
          "text": "伏魔！",
          "link": "//game.gtimg.cn/images/yxzj/zlkdatasys/audios/audio/20230112/16734934227375.wav"
        },
        {
          "text": "除恶煞！",
          "link": "//game.gtimg.cn/images/yxzj/zlkdatasys/audios/audio/20230112/16734934539665.wav"
        },
        {
          "text": "缚凶锁恶！",
          "link": "//game.gtimg.cn/images/yxzj/zlkdatasys/audios/audio/20230112/16734934769830.wav"
        },
        {
          "text": "以吾之躯，永镇此间！",
          "link": "//game.gtimg.cn/images/yxzj/zlkdatasys/audios/audio/20230112/16734937213250.wav"
        },
        {
          "text": "休想脱逃！",
          "link": "//game.gtimg.cn/images/yxzj/zlkdatasys/audios/audio/20230112/16734937687139.wav"
        },
        {
          "text": "恶孽无所遁形！",
          "link": "//game.gtimg.cn/images/yxzj/zlkdatasys/audios/audio/20230112/16734937891174.wav"
        },
        {
          "text": "邪祟消弭，吾愿已了。",
          "link": "//game.gtimg.cn/images/yxzj/zlkdatasys/audios/audio/20230112/16734938239190.wav"
        },
        {
          "text": "吾生无涯，岂与蜉蝣计短长。",
          "link": "//game.gtimg.cn/images/yxzj/zlkdatasys/audios/audio/20230112/16734938466437.wav"
        },
        {
          "text": "谁敢造次！",
          "link": "//game.gtimg.cn/images/yxzj/zlkdatasys/audios/audio/20230112/16734938687601.wav"
        }
      ],
      "name": "降魔"
    },
    {
      "voice": [
        {
          "text": "燃烧吧，小宇宙！",
          "link": "//game.gtimg.cn/images/yxzj/zlkdatasys/audios/audio/20240426/17140984141407.mp3"
        },
        {
          "text": "你们只有一条路可走，那就是成为我米罗的饵食！",
          "link": "//game.gtimg.cn/images/yxzj/zlkdatasys/audios/audio/20240426/17140984369310.mp3"
        },
        {
          "text": "守护雅典娜是所有圣斗士的使命！",
          "link": "//game.gtimg.cn/images/yxzj/zlkdatasys/audios/audio/20240426/17140984929364.mp3"
        },
        {
          "text": "能来到天蝎宫，我已经忍不住想要称赞你们了。",
          "link": "//game.gtimg.cn/images/yxzj/zlkdatasys/audios/audio/20240425/17140365448778.mp3"
        },
        {
          "text": "于十五发猩红毒针后死去，这是我最后的仁慈。",
          "link": "//game.gtimg.cn/images/yxzj/zlkdatasys/audios/audio/20240425/17140365899286.mp3"
        },
        {
          "text": "真红冲击下，你只有两种选择……疯狂或是死亡。",
          "link": "//game.gtimg.cn/images/yxzj/zlkdatasys/audios/audio/20240425/17140366269903.mp3"
        },
        {
          "text": "这里已经没有敌人了……只有名为加隆的伙伴。",
          "link": "//game.gtimg.cn/images/yxzj/zlkdatasys/audios/audio/20240425/17140366959888.mp3"
        },
        {
          "text": "身为雅典娜的黄金圣斗士，我会追随女神的指引前往冥界！",
          "link": "//game.gtimg.cn/images/yxzj/zlkdatasys/audios/audio/20240425/17140367419576.mp3"
        },
        {
          "text": "我们将为这个黑暗的世界缔造一线光明！",
          "link": "//game.gtimg.cn/images/yxzj/zlkdatasys/audios/audio/20240425/17140367644692.mp3"
        },
        {
          "text": "真想亲眼看看青铜圣斗士们到底能走到何处……",
          "link": "//game.gtimg.cn/images/yxzj/zlkdatasys/audios/audio/20240425/17140367873224.mp3"
        },
        {
          "text": "接下来就交给你们了……",
          "link": "//game.gtimg.cn/images/yxzj/zlkdatasys/audios/audio/20240425/17140358126635.mp3"
        },
        {
          "text": "为了大地的爱与正义……",
          "link": "//game.gtimg.cn/images/yxzj/zlkdatasys/audios/audio/20240425/17140358745495.mp3"
        },
        {
          "text": "蜇刺！",
          "link": "//game.gtimg.cn/images/yxzj/zlkdatasys/audios/audio/20240425/17140369532386.mp3"
        },
        {
          "text": "猩红毒针！",
          "link": "//game.gtimg.cn/images/yxzj/zlkdatasys/audios/audio/20240425/17140369806341.mp3"
        },
        {
          "text": "深红刺贯！",
          "link": "//game.gtimg.cn/images/yxzj/zlkdatasys/audios/audio/20240425/17140370058883.mp3"
        },
        {
          "text": "猩红旋风！",
          "link": "//game.gtimg.cn/images/yxzj/zlkdatasys/audios/audio/20240425/17140370276707.mp3"
        },
        {
          "text": "真红之冲击！",
          "link": "//game.gtimg.cn/images/yxzj/zlkdatasys/audios/audio/20240425/17140370553243.mp3"
        },
        {
          "text": "到此为止了！",
          "link": "//game.gtimg.cn/images/yxzj/zlkdatasys/audios/audio/20240425/17140370821981.mp3"
        },
        {
          "text": "意念束缚波！",
          "link": "//game.gtimg.cn/images/yxzj/zlkdatasys/audios/audio/20240425/17140371086825.mp3"
        },
        {
          "text": "安达里士！",
          "link": "//game.gtimg.cn/images/yxzj/zlkdatasys/audios/audio/20240425/17140359536944.mp3"
        },
        {
          "text": "致命心宿二！",
          "link": "//game.gtimg.cn/images/yxzj/zlkdatasys/audios/audio/20240425/17140359816482.mp3"
        },
        {
          "text": "用狮子之力踩死蚂蚁……这样的战斗岂不有损黄金圣斗士的威名！",
          "link": "//game.gtimg.cn/images/yxzj/zlkdatasys/audios/audio/20240425/17140371455373.mp3"
        },
        {
          "text": "有我米罗在，你们休想再前进一步！",
          "link": "//game.gtimg.cn/images/yxzj/zlkdatasys/audios/audio/20240425/17140359204017.mp3"
        },
        {
          "text": "所有黄金圣斗士的力量都交给你了！",
          "link": "//game.gtimg.cn/images/yxzj/zlkdatasys/audios/audio/20240425/17140364729381.mp3"
        },
        {
          "text": "抱歉，我曾怀疑你对雅典娜的忠诚……",
          "link": "//game.gtimg.cn/images/yxzj/zlkdatasys/audios/audio/20240425/17140360218835.mp3"
        },
        {
          "text": "或许我们都将在这场战争中逝去……",
          "link": "//game.gtimg.cn/images/yxzj/zlkdatasys/audios/audio/20240425/17140365166393.mp3"
        },
        {
          "text": "即便如此，我们也不会停止前进！",
          "link": "//game.gtimg.cn/images/yxzj/zlkdatasys/audios/audio/20240425/17140354701273.mp3"
        }
      ],
      "name": "黄金天蝎座"
    }
  ]
}
