{
  "data": [
    {
      "voice": [
        {
          "text": "我可是突破常理的存在！",
          "link": "//game.gtimg.cn/images/yxzj/zlkdatasys/audios/audio/20220411/16496756224681.wav"
        },
        {
          "text": "谁是敌人，由我决定",
          "link": "//game.gtimg.cn/images/yxzj/zlkdatasys/audios/audio/20220411/16496756357380.wav"
        },
        {
          "text": "嘿，有兴趣搞点大事吗？",
          "link": "//game.gtimg.cn/images/yxzj/zlkdatasys/audios/audio/20220411/16496756474580.wav"
        },
        {
          "text": "你的空手，接不住我的白刃！",
          "link": "//game.gtimg.cn/images/yxzj/zlkdatasys/audios/audio/20220411/16496757032024.wav"
        },
        {
          "text": "我只在站在我这边！",
          "link": "//game.gtimg.cn/images/yxzj/zlkdatasys/audios/audio/20220411/16496757162091.wav"
        },
        {
          "text": "不能击败我的，会让我更强大",
          "link": "//game.gtimg.cn/images/yxzj/zlkdatasys/audios/audio/20220411/16496757276514.wav"
        },
        {
          "text": "舍弃所能舍弃的，改变我要改变的！",
          "link": "//game.gtimg.cn/images/yxzj/zlkdatasys/audios/audio/20220411/16496757408421.wav"
        },
        {
          "text": "我自由，我选择！",
          "link": "//game.gtimg.cn/images/yxzj/zlkdatasys/audios/audio/20220411/16496757526286.wav"
        },
        {
          "text": "懦夫！",
          "link": "//game.gtimg.cn/images/yxzj/zlkdatasys/audios/audio/20220411/16496758056541.wav"
        },
        {
          "text": "桀骜如我！",
          "link": "//game.gtimg.cn/images/yxzj/zlkdatasys/audios/audio/20220411/16496758681023.wav"
        },
        {
          "text": "战个痛快！",
          "link": "//game.gtimg.cn/images/yxzj/zlkdatasys/audios/audio/20220411/16496758805589.wav"
        },
        {
          "text": "我很强，比你们更强！",
          "link": "//game.gtimg.cn/images/yxzj/zlkdatasys/audios/audio/20220411/16496759338129.wav"
        },
        {
          "text": "弱小的令人无法直视~~",
          "link": "//game.gtimg.cn/images/yxzj/zlkdatasys/audios/audio/20220411/16496759453425.wav"
        }
      ],
      "name": "原皮"
    },
    {
      "voice": [
        {
          "text": "天之骄子！",
          "link": "//game.gtimg.cn/images/yxzj/zlkdatasys/audios/audio/20220411/16496761583941.wav"
        },
        {
          "text": "翻盘一切，除了正义！",
          "link": "//game.gtimg.cn/images/yxzj/zlkdatasys/audios/audio/20220411/16496761724516.wav"
        },
        {
          "text": "什么是真相？炸麦告诉你~",
          "link": "//game.gtimg.cn/images/yxzj/zlkdatasys/audios/audio/20220411/16496761852687.wav"
        },
        {
          "text": "年少如我，残血也会燃烧掉整个阵地~",
          "link": "//game.gtimg.cn/images/yxzj/zlkdatasys/audios/audio/20220411/16496762319774.mp3"
        },
        {
          "text": "并非平头的本少爷，照样安排得明明白白~",
          "link": "//game.gtimg.cn/images/yxzj/zlkdatasys/audios/audio/20220411/16496762185316.mp3"
        },
        {
          "text": "适时进场，他们需要你的力量！",
          "link": "//game.gtimg.cn/images/yxzj/zlkdatasys/audios/audio/20220411/16496762446626.wav"
        },
        {
          "text": "优秀的人，怎会千里送人头？",
          "link": "//game.gtimg.cn/images/yxzj/zlkdatasys/audios/audio/20220411/16496762561985.wav"
        },
        {
          "text": "笑话！来四个人就扛不住了吗？",
          "link": "//game.gtimg.cn/images/yxzj/zlkdatasys/audios/audio/20220411/16496762692512.wav"
        },
        {
          "text": "永不零封！",
          "link": "//game.gtimg.cn/images/yxzj/zlkdatasys/audios/audio/20220411/16496762831268.wav"
        },
        {
          "text": "保护弱者，重振乾坤！",
          "link": "//game.gtimg.cn/images/yxzj/zlkdatasys/audios/audio/20220411/16496763039530.wav"
        },
        {
          "text": "玩够了，我要长大！",
          "link": "//game.gtimg.cn/images/yxzj/zlkdatasys/audios/audio/20220411/16496763165329.wav"
        },
        {
          "text": "讨厌被监察~",
          "link": "//game.gtimg.cn/images/yxzj/zlkdatasys/audios/audio/20220411/16496763291848.wav"
        },
        {
          "text": "你皮得过我？",
          "link": "//game.gtimg.cn/images/yxzj/zlkdatasys/audios/audio/20220411/16496763478801.wav"
        }
      ],
      "name": "逐梦之翼"
    },
    {
      "voice": [
        {
          "text": "在下热血番主角，武力值所有次元最强~",
          "link": "//game.gtimg.cn/images/yxzj/zlkdatasys/audios/audio/20220411/16496764432192.wav"
        },
        {
          "text": "无人机监测异常波动！准备出击！",
          "link": "//game.gtimg.cn/images/yxzj/zlkdatasys/audios/audio/20220411/16496764569654.wav"
        },
        {
          "text": "我是哪吒，你又是谁？",
          "link": "//game.gtimg.cn/images/yxzj/zlkdatasys/audios/audio/20220411/16496764685232.wav"
        },
        {
          "text": "或许我该想想，在第三百一十八话被对手踢飞之前，还能做点什么。",
          "link": "//game.gtimg.cn/images/yxzj/zlkdatasys/audios/audio/20220411/16496764845502.wav"
        },
        {
          "text": "本市今日降温——又是不适合高空飞行的一天。",
          "link": "//game.gtimg.cn/images/yxzj/zlkdatasys/audios/audio/20220411/16496765055033.mp3"
        },
        {
          "text": "命运？它要人人都走已注定结果的路，但我偏不。",
          "link": "//game.gtimg.cn/images/yxzj/zlkdatasys/audios/audio/20220411/16496765203825.wav"
        },
        {
          "text": "时空通道的另一头……有谁在呼唤我。",
          "link": "//game.gtimg.cn/images/yxzj/zlkdatasys/audios/audio/20220411/16496765346752.wav"
        },
        {
          "text": "喂喂，谁能剧透一下，火尖枪怎么觉醒终极形态？",
          "link": "//game.gtimg.cn/images/yxzj/zlkdatasys/audios/audio/20220411/16496765494242.wav"
        },
        {
          "text": "挑战命运...不曾后悔！",
          "link": "//game.gtimg.cn/images/yxzj/zlkdatasys/audios/audio/20220411/16496765719491.wav"
        },
        {
          "text": "突破现实壁垒！",
          "link": "//game.gtimg.cn/images/yxzj/zlkdatasys/audios/audio/20220411/16496765873035.wav"
        },
        {
          "text": "锁定目标——就是你了！",
          "link": "//game.gtimg.cn/images/yxzj/zlkdatasys/audios/audio/20220411/16496766013233.wav"
        },
        {
          "text": "从天而降！",
          "link": "//game.gtimg.cn/images/yxzj/zlkdatasys/audios/audio/20220411/16496766147431.wav"
        },
        {
          "text": "喂，接住啊！",
          "link": "//game.gtimg.cn/images/yxzj/zlkdatasys/audios/audio/20220411/16496766315512.wav"
        },
        {
          "text": "拜托，垂死挣扎也很浪费时间啊！",
          "link": "//game.gtimg.cn/images/yxzj/zlkdatasys/audios/audio/20220411/16496766517112.wav"
        },
        {
          "text": "你的对手，是我！",
          "link": "//game.gtimg.cn/images/yxzj/zlkdatasys/audios/audio/20220411/16496766652145.wav"
        }
      ],
      "name": "次元突破"
    },
    {
      "voice": [
        {
          "text": "征服天地的一跃！",
          "link": "//game.gtimg.cn/images/yxzj/zlkdatasys/audios/audio/20220415/16499854071651.mp3"
        },
        {
          "text": "刷新记录，刷新自己～",
          "link": "//game.gtimg.cn/images/yxzj/zlkdatasys/audios/audio/20220415/16499876307145.mp3"
        },
        {
          "text": "听从冰雪的召唤！",
          "link": "//game.gtimg.cn/images/yxzj/zlkdatasys/audios/audio/20220415/16499854211296.mp3"
        },
        {
          "text": "过去的我，已被我抛在身后！",
          "link": "//game.gtimg.cn/images/yxzj/zlkdatasys/audios/audio/20220412/16497325924709.wav"
        },
        {
          "text": "极限，永远比我慢一步~",
          "link": "//game.gtimg.cn/images/yxzj/zlkdatasys/audios/audio/20220412/16497326045422.wav"
        },
        {
          "text": "忘掉你自己，然后在全新的世界里，找回它！",
          "link": "//game.gtimg.cn/images/yxzj/zlkdatasys/audios/audio/20220412/16497326204821.wav"
        },
        {
          "text": "相信奇迹，是创造奇迹的第一步！",
          "link": "//game.gtimg.cn/images/yxzj/zlkdatasys/audios/audio/20220412/16497326327514.wav"
        },
        {
          "text": "冰雪冻不住一颗燃烧的心！",
          "link": "//game.gtimg.cn/images/yxzj/zlkdatasys/audios/audio/20220412/16497326455787.wav"
        },
        {
          "text": "巅峰之后，仍是巅峰！",
          "link": "//game.gtimg.cn/images/yxzj/zlkdatasys/audios/audio/20220412/16497326679609.wav"
        },
        {
          "text": "好吧，我们山顶再见！",
          "link": "//game.gtimg.cn/images/yxzj/zlkdatasys/audios/audio/20220412/16497326867326.wav"
        },
        {
          "text": "历史最佳成绩！",
          "link": "//game.gtimg.cn/images/yxzj/zlkdatasys/audios/audio/20220412/16497327045285.wav"
        },
        {
          "text": "遗憾属于你，冠军属于我～",
          "link": "//game.gtimg.cn/images/yxzj/zlkdatasys/audios/audio/20220412/16497327178602.wav"
        },
        {
          "text": "极限落差！",
          "link": "//game.gtimg.cn/images/yxzj/zlkdatasys/audios/audio/20220412/16497327398237.wav"
        },
        {
          "text": "哇哦～完美的滑降！",
          "link": "//game.gtimg.cn/images/yxzj/zlkdatasys/audios/audio/20220412/16497327529736.wav"
        },
        {
          "text": "直面风雪吧！",
          "link": "//game.gtimg.cn/images/yxzj/zlkdatasys/audios/audio/20220412/16497327645602.wav"
        },
        {
          "text": "越纯粹，越缤纷～",
          "link": "//game.gtimg.cn/images/yxzj/zlkdatasys/audios/audio/20220412/16497327868239.wav"
        }
      ],
      "name": "雪上飞焰"
    }
  ]
}