{
  "data": [
    {
      "voice": [
        {
          "text": "牛气冲天，纯爷们！",
          "link": "//game.gtimg.cn/images/yxzj/zlkdatasys/audios/audio/20220412/16497436807316.wav"
        },
        {
          "text": "磨磨斧头。",
          "link": "//game.gtimg.cn/images/yxzj/zlkdatasys/audios/audio/20220412/16497436928642.wav"
        },
        {
          "text": "别老拿红布在俺眼前晃！",
          "link": "//game.gtimg.cn/images/yxzj/zlkdatasys/audios/audio/20220412/16497437058037.wav"
        },
        {
          "text": "很好，你已经成功引起了我的注意！",
          "link": "//game.gtimg.cn/images/yxzj/zlkdatasys/audios/audio/20220412/16497437218828.wav"
        },
        {
          "text": "突进的野兽之道！",
          "link": "//game.gtimg.cn/images/yxzj/zlkdatasys/audios/audio/20220412/16497437339863.wav"
        },
        {
          "text": "不是山大王，不是山寨大王，尊称俺酋长好伐！",
          "link": "//game.gtimg.cn/images/yxzj/zlkdatasys/audios/audio/20220412/16497437465950.wav"
        },
        {
          "text": "牛角上跳舞的滋味如何！",
          "link": "//game.gtimg.cn/images/yxzj/zlkdatasys/audios/audio/20220412/16497437593023.wav"
        },
        {
          "text": "你们这帮磨人的小妖精！",
          "link": "//game.gtimg.cn/images/yxzj/zlkdatasys/audios/audio/20220412/16497437725026.wav"
        },
        {
          "text": "被宰了",
          "link": "//game.gtimg.cn/images/yxzj/zlkdatasys/audios/audio/20220412/16497437868532.wav"
        },
        {
          "text": "冲垮他们！",
          "link": "//game.gtimg.cn/images/yxzj/zlkdatasys/audios/audio/20220412/16497438022338.wav"
        },
        {
          "text": "谁敢与我角力！",
          "link": "//game.gtimg.cn/images/yxzj/zlkdatasys/audios/audio/20220412/16497438155405.wav"
        },
        {
          "text": "牛大发了！",
          "link": "//game.gtimg.cn/images/yxzj/zlkdatasys/audios/audio/20220412/16497438275504.wav"
        },
        {
          "text": "惹我的下场！",
          "link": "//game.gtimg.cn/images/yxzj/zlkdatasys/audios/audio/20220412/16497438554004.wav"
        },
        {
          "text": "哼哼，我最喜欢对那些自认为能力出众的人出手！",
          "link": "//game.gtimg.cn/images/yxzj/zlkdatasys/audios/audio/20220412/16497438692457.wav"
        }
      ],
      "name": "原皮"
    },
    {
      "voice": [
        {
          "text": "百厄除尽，万象更新！",
          "link": "//game.gtimg.cn/images/yxzj/zlkdatasys/audios/audio/20220415/16499939394359.mp3"
        },
        {
          "text": "惊雷撼地，震慑百妖！",
          "link": "//game.gtimg.cn/images/yxzj/zlkdatasys/audios/audio/20220415/16499940086537.mp3"
        },
        {
          "text": "霹雳怒吼！",
          "link": "//game.gtimg.cn/images/yxzj/zlkdatasys/audios/audio/20220415/16499940203318.mp3"
        },
        {
          "text": "穷老牛一身之力，引世间雷电于此！",
          "link": "//game.gtimg.cn/images/yxzj/zlkdatasys/audios/audio/20220412/16497440624668.mp3"
        },
        {
          "text": "继承先祖的意志！",
          "link": "//game.gtimg.cn/images/yxzj/zlkdatasys/audios/audio/20220412/16497440756573.wav"
        },
        {
          "text": "无人可独善其身",
          "link": "//game.gtimg.cn/images/yxzj/zlkdatasys/audios/audio/20220412/16497440954507.wav"
        },
        {
          "text": "大难面前，无人可独善其身。",
          "link": "//game.gtimg.cn/images/yxzj/zlkdatasys/audios/audio/20220412/16497441172779.mp3"
        },
        {
          "text": "活这一辈子，总得有点冲劲儿！",
          "link": "//game.gtimg.cn/images/yxzj/zlkdatasys/audios/audio/20220412/16497441384270.wav"
        },
        {
          "text": "雷行千里，从不回头",
          "link": "//game.gtimg.cn/images/yxzj/zlkdatasys/audios/audio/20220412/16497441582367.mp3"
        },
        {
          "text": "该出发了！",
          "link": "//game.gtimg.cn/images/yxzj/zlkdatasys/audios/audio/20220412/16497441714449.wav"
        },
        {
          "text": "来听听铁骨的咆哮！",
          "link": "//game.gtimg.cn/images/yxzj/zlkdatasys/audios/audio/20220412/16497441845821.wav"
        },
        {
          "text": "群蛰苏醒…...",
          "link": "//game.gtimg.cn/images/yxzj/zlkdatasys/audios/audio/20220412/16497442038967.mp3"
        },
        {
          "text": "雷动！",
          "link": "//game.gtimg.cn/images/yxzj/zlkdatasys/audios/audio/20220412/16497442291420.wav"
        },
        {
          "text": "天旋！",
          "link": "//game.gtimg.cn/images/yxzj/zlkdatasys/audios/audio/20220412/16497442424407.wav"
        },
        {
          "text": "叱咤奔雷！",
          "link": "//game.gtimg.cn/images/yxzj/zlkdatasys/audios/audio/20220412/16497442568326.wav"
        },
        {
          "text": "牛气冲天！",
          "link": "//game.gtimg.cn/images/yxzj/zlkdatasys/audios/audio/20220412/16497442684137.wav"
        },
        {
          "text": "丘峦崩摧！",
          "link": "//game.gtimg.cn/images/yxzj/zlkdatasys/audios/audio/20220412/16497442816725.wav"
        },
        {
          "text": "砸响平地雷！",
          "link": "//game.gtimg.cn/images/yxzj/zlkdatasys/audios/audio/20220412/16497442946605.wav"
        },
        {
          "text": "镇收邪祟，荡尽魑魅！",
          "link": "//game.gtimg.cn/images/yxzj/zlkdatasys/audios/audio/20220412/16497443215634.mp3"
        },
        {
          "text": "瑞象在此，灾祸退散！",
          "link": "//game.gtimg.cn/images/yxzj/zlkdatasys/audios/audio/20220412/16497443374939.mp3"
        },
        {
          "text": "雷霆之威，胆敢一试？",
          "link": "//game.gtimg.cn/images/yxzj/zlkdatasys/audios/audio/20220412/16497443649482.mp3"
        },
        {
          "text": "天生大力！哈哈",
          "link": "//game.gtimg.cn/images/yxzj/zlkdatasys/audios/audio/20220412/16497443864955.wav"
        },
        {
          "text": "全力以赴出奇迹！哈哈",
          "link": "//game.gtimg.cn/images/yxzj/zlkdatasys/audios/audio/20220412/16497444049708.mp3"
        },
        {
          "text": "非我族类，却可患难与共！",
          "link": "//game.gtimg.cn/images/yxzj/zlkdatasys/audios/audio/20220415/16499939723465.mp3"
        },
        {
          "text": "哼，会让你心服口服的！",
          "link": "//game.gtimg.cn/images/yxzj/zlkdatasys/audios/audio/20220428/16511328324301.mp3"
        }
      ],
      "name": "奔雷神使"
    }
  ]
}