{
  "data": [
    {
      "voice": [
        {
          "text": "将沿途的故事一一记下，分享给喜欢听故事的朋友。",
          "link": "//game.gtimg.cn/images/yxzj/zlkdatasys/audios/audio/20220414/16499183605269.mp3"
        },
        {
          "text": "最奇妙的旅行，往往开始于最不起眼的地方。",
          "link": "//game.gtimg.cn/images/yxzj/zlkdatasys/audios/audio/20220414/16499175938635.mp3"
        },
        {
          "text": "只要眼里有光，黑夜，就永远不会降临。",
          "link": "//game.gtimg.cn/images/yxzj/zlkdatasys/audios/audio/20220414/16499183758470.mp3"
        },
        {
          "text": "别难过，被泪水洗过的眼睛，会变得更干净。",
          "link": "//game.gtimg.cn/images/yxzj/zlkdatasys/audios/audio/20220414/16499176456849.mp3"
        },
        {
          "text": "愿陪伴我的微光，也能照亮你的旅途。",
          "link": "//game.gtimg.cn/images/yxzj/zlkdatasys/audios/audio/20220414/16499176604518.mp3"
        },
        {
          "text": "越是昏暗的夜，星星就越是美丽。",
          "link": "//game.gtimg.cn/images/yxzj/zlkdatasys/audios/audio/20220414/16499176817619.mp3"
        },
        {
          "text": "与其担心美好会消逝，不如先让他开始。",
          "link": "//game.gtimg.cn/images/yxzj/zlkdatasys/audios/audio/20220414/16499177001090.mp3"
        },
        {
          "text": "一定在哪里藏着一口井，会涌出最清澈的水。",
          "link": "//game.gtimg.cn/images/yxzj/zlkdatasys/audios/audio/20220414/16499177199856.mp3"
        },
        {
          "text": "父亲说，最重要的东西，只有用心才能看见。",
          "link": "//game.gtimg.cn/images/yxzj/zlkdatasys/audios/audio/20220414/16499177354934.mp3"
        },
        {
          "text": "每年夏至，都是我们的故事之节。",
          "link": "//game.gtimg.cn/images/yxzj/zlkdatasys/audios/audio/20220414/16499177529069.mp3"
        },
        {
          "text": "鸣沙之谷的人相信，萤火，就是故人的化身。",
          "link": "//game.gtimg.cn/images/yxzj/zlkdatasys/audios/audio/20220414/16499177705993.mp3"
        },
        {
          "text": "心怀希望，勇敢道别。",
          "link": "//game.gtimg.cn/images/yxzj/zlkdatasys/audios/audio/20220414/16499177854693.mp3"
        },
        {
          "text": "分别，总是很难……",
          "link": "//game.gtimg.cn/images/yxzj/zlkdatasys/audios/audio/20220414/16499178043308.mp3"
        },
        {
          "text": "下一次，是新的开始……",
          "link": "//game.gtimg.cn/images/yxzj/zlkdatasys/audios/audio/20220414/16499178229608.mp3"
        },
        {
          "text": "我们，会再次相逢……",
          "link": "//game.gtimg.cn/images/yxzj/zlkdatasys/audios/audio/20220414/16499178427906.mp3"
        },
        {
          "text": "萤火虽小，愿为其芒。",
          "link": "//game.gtimg.cn/images/yxzj/zlkdatasys/audios/audio/20220414/16499178678392.mp3"
        },
        {
          "text": "远游山川，星河在天。",
          "link": "//game.gtimg.cn/images/yxzj/zlkdatasys/audios/audio/20220414/16499179195133.mp3"
        },
        {
          "text": "风涛动地，来如凝光。",
          "link": "//game.gtimg.cn/images/yxzj/zlkdatasys/audios/audio/20220414/16499179877306.mp3"
        },
        {
          "text": "你的故事，已被我写进书里了。",
          "link": "//game.gtimg.cn/images/yxzj/zlkdatasys/audios/audio/20220414/16499180107393.mp3"
        },
        {
          "text": "想得太多，你就会失去前行的勇气。",
          "link": "//game.gtimg.cn/images/yxzj/zlkdatasys/audios/audio/20220414/16499183988617.mp3"
        },
        {
          "text": "爸爸，妈妈，我想你们了。",
          "link": "//game.gtimg.cn/images/yxzj/zlkdatasys/audios/audio/20220414/16499184623139.mp3"
        },
        {
          "text": "对不起，我离开太久了。",
          "link": "//game.gtimg.cn/images/yxzj/zlkdatasys/audios/audio/20220414/16499184998491.mp3"
        },
        {
          "text": "没什么，只是沙子迷住了眼。",
          "link": "//game.gtimg.cn/images/yxzj/zlkdatasys/audios/audio/20220414/16499185727719.mp3"
        },
        {
          "text": "伽罗姐姐，我没事。",
          "link": "//game.gtimg.cn/images/yxzj/zlkdatasys/audios/audio/20220414/16499186488378.mp3"
        },
        {
          "text": "又想起了一些家乡的事。",
          "link": "//game.gtimg.cn/images/yxzj/zlkdatasys/audios/audio/20220414/16499186661606.mp3"
        },
        {
          "text": "向前看",
          "link": "//game.gtimg.cn/images/yxzj/zlkdatasys/audios/audio/20220414/16499186872359.mp3"
        },
        {
          "text": "桑木为引",
          "link": "//game.gtimg.cn/images/yxzj/zlkdatasys/audios/audio/20220414/16499187066820.mp3"
        },
        {
          "text": "流光一瞬",
          "link": "//game.gtimg.cn/images/yxzj/zlkdatasys/audios/audio/20220414/16499187243088.mp3"
        },
        {
          "text": "天灯落",
          "link": "//game.gtimg.cn/images/yxzj/zlkdatasys/audios/audio/20220414/16499187499032.mp3"
        },
        {
          "text": "星垂平野",
          "link": "//game.gtimg.cn/images/yxzj/zlkdatasys/audios/audio/20220414/16499187816838.mp3"
        },
        {
          "text": "列宿照金河",
          "link": "//game.gtimg.cn/images/yxzj/zlkdatasys/audios/audio/20220414/16499188051894.mp3"
        },
        {
          "text": "起风了",
          "link": "//game.gtimg.cn/images/yxzj/zlkdatasys/audios/audio/20220414/16499188251916.mp3"
        },
        {
          "text": "乘风启程",
          "link": "//game.gtimg.cn/images/yxzj/zlkdatasys/audios/audio/20220414/16499188521838.mp3"
        },
        {
          "text": "一起去旅行吧",
          "link": "//game.gtimg.cn/images/yxzj/zlkdatasys/audios/audio/20220414/16499188695488.mp3"
        },
        {
          "text": "掠影惊秋",
          "link": "//game.gtimg.cn/images/yxzj/zlkdatasys/audios/audio/20220414/16499188996164.mp3"
        },
        {
          "text": "萤火微光",
          "link": "//game.gtimg.cn/images/yxzj/zlkdatasys/audios/audio/20220414/16499189941400.mp3"
        },
        {
          "text": "流萤晚唱",
          "link": "//game.gtimg.cn/images/yxzj/zlkdatasys/audios/audio/20220414/16499190213907.mp3"
        },
        {
          "text": "风生万物",
          "link": "//game.gtimg.cn/images/yxzj/zlkdatasys/audios/audio/20220414/16499190356399.mp3"
        },
        {
          "text": "洒下希望的种子",
          "link": "//game.gtimg.cn/images/yxzj/zlkdatasys/audios/audio/20220414/16499190894860.mp3"
        },
        {
          "text": "碧山映春来",
          "link": "//game.gtimg.cn/images/yxzj/zlkdatasys/audios/audio/20220414/16499191047454.mp3"
        },
        {
          "text": "这一页故事讲完了，让我们翻开下一页。",
          "link": "//game.gtimg.cn/images/yxzj/zlkdatasys/audios/audio/20220414/16499191682718.mp3"
        },
        {
          "text": "桑启，是不会垂头丧气的。",
          "link": "//game.gtimg.cn/images/yxzj/zlkdatasys/audios/audio/20220414/16499191846957.mp3"
        },
        {
          "text": "我会去许多地方，许多，伙伴们都想去的地方。",
          "link": "//game.gtimg.cn/images/yxzj/zlkdatasys/audios/audio/20220414/16499192034701.mp3"
        },
        {
          "text": "有故事和萤火的地方，就是家乡。",
          "link": "//game.gtimg.cn/images/yxzj/zlkdatasys/audios/audio/20220414/16499193314361.mp3"
        },
        {
          "text": "比起告别，我更害怕，从未相遇。",
          "link": "//game.gtimg.cn/images/yxzj/zlkdatasys/audios/audio/20220414/16499193942322.mp3"
        },
        {
          "text": "很久很久以前，鸣沙之谷，也有一群喜欢听故事的孩子……",
          "link": "//game.gtimg.cn/images/yxzj/zlkdatasys/audios/audio/20220414/16499194122969.mp3"
        },
        {
          "text": "与世隔绝的鸣沙之谷，也藏在一片迷阵中。",
          "link": "//game.gtimg.cn/images/yxzj/zlkdatasys/audios/audio/20220414/16499194779113.mp3"
        },
        {
          "text": "在我的家乡，所有的萤火，都住在祖桑神木里。",
          "link": "//game.gtimg.cn/images/yxzj/zlkdatasys/audios/audio/20220414/16499194943924.mp3"
        },
        {
          "text": "你也有自己的萤火，只是暂时看不见而已。",
          "link": "//game.gtimg.cn/images/yxzj/zlkdatasys/audios/audio/20220414/16499195125380.mp3"
        },
        {
          "text": "比风景更美的，是旅途中的人和故事。",
          "link": "//game.gtimg.cn/images/yxzj/zlkdatasys/audios/audio/20220414/16499196009071.mp3"
        },
        {
          "text": "太阳虽然下山，但青草，却在偷偷发芽。",
          "link": "//game.gtimg.cn/images/yxzj/zlkdatasys/audios/audio/20220414/16499196203653.mp3"
        },
        {
          "text": "小草萌发，天地将绿。",
          "link": "//game.gtimg.cn/images/yxzj/zlkdatasys/audios/audio/20220414/16499196424723.mp3"
        },
        {
          "text": "与萤火一起，收集更多的故事。",
          "link": "//game.gtimg.cn/images/yxzj/zlkdatasys/audios/audio/20220414/16499196894280.mp3"
        },
        {
          "text": "你相信有永远不会熄灭的光吗？我相信！",
          "link": "//game.gtimg.cn/images/yxzj/zlkdatasys/audios/audio/20220414/16499197057737.mp3"
        },
        {
          "text": "古书里记载，萤火，一名耀夜，一名景天。",
          "link": "//game.gtimg.cn/images/yxzj/zlkdatasys/audios/audio/20220414/16499197292625.mp3"
        },
        {
          "text": "那些曾经历的，都将变成回忆，陪伴我们继续前行。",
          "link": "//game.gtimg.cn/images/yxzj/zlkdatasys/audios/audio/20220414/16499197448404.mp3"
        },
        {
          "text": "旅途看到的不止地点，还有时间。",
          "link": "//game.gtimg.cn/images/yxzj/zlkdatasys/audios/audio/20220414/16499197623771.mp3"
        },
        {
          "text": "遇见你们，感觉真好。",
          "link": "//game.gtimg.cn/images/yxzj/zlkdatasys/audios/audio/20220414/16499197821090.mp3"
        },
        {
          "text": "将过去讲给更多人听，或许是铭记故人的另一种方式。",
          "link": "//game.gtimg.cn/images/yxzj/zlkdatasys/audios/audio/20220414/16499198338945.mp3"
        },
        {
          "text": "没关系，过去的没了，那就再建一个新的。",
          "link": "//game.gtimg.cn/images/yxzj/zlkdatasys/audios/audio/20220414/16499198466601.mp3"
        },
        {
          "text": "父亲说，我出生于祖桑神木之下，东方启明之时，所以名为桑启。",
          "link": "//game.gtimg.cn/images/yxzj/zlkdatasys/audios/audio/20220414/16499198622508.mp3"
        },
        {
          "text": "我在壁画里，好像看到了云中过往的脉络。",
          "link": "//game.gtimg.cn/images/yxzj/zlkdatasys/audios/audio/20220414/16499198869311.mp3"
        },
        {
          "text": "当故事还在讲述，过去就还在传承。",
          "link": "//game.gtimg.cn/images/yxzj/zlkdatasys/audios/audio/20220414/16499199066747.mp3"
        },
        {
          "text": "我喜欢千窟，那里的壁画，藏着数不完的故事。",
          "link": "//game.gtimg.cn/images/yxzj/zlkdatasys/audios/audio/20220414/16499199204332.mp3"
        },
        {
          "text": "祖桑的种子已经发芽，它会再次长成苍天大树。",
          "link": "//game.gtimg.cn/images/yxzj/zlkdatasys/audios/audio/20220414/16499199402774.mp3"
        },
        {
          "text": "我见过，许多许多年以前的玉城，你要听吗？",
          "link": "//game.gtimg.cn/images/yxzj/zlkdatasys/audios/audio/20220414/16499199637876.mp3"
        },
        {
          "text": "这好像是在说萤火，我要把它记在故事书里。",
          "link": "//game.gtimg.cn/images/yxzj/zlkdatasys/audios/audio/20220414/16499199776291.mp3"
        },
        {
          "text": "就算再小的萤光，也能凝成希望。",
          "link": "//game.gtimg.cn/images/yxzj/zlkdatasys/audios/audio/20220915/16632394053790.mp3"
        },
        {
          "text": "故事总有结局，但那也是新故事的开始。",
          "link": "//game.gtimg.cn/images/yxzj/zlkdatasys/audios/audio/20220915/16632394211663.mp3"
        }
      ],
      "name": "原皮"
    },
    {
      "voice": [
        {
          "text": "请问，你有看到一把会发光的剑吗？",
          "link": "//game.gtimg.cn/images/yxzj/zlkdatasys/audios/audio/20240426/17140986103036.mp3"
        },
        {
          "text": "宇宙太黑，于是我们相互靠近，将彼此点亮。",
          "link": "//game.gtimg.cn/images/yxzj/zlkdatasys/audios/audio/20240426/17140986364019.mp3"
        },
        {
          "text": "奇迹，终将跨越无尽星海。",
          "link": "//game.gtimg.cn/images/yxzj/zlkdatasys/audios/audio/20240426/17141126882756.mp3"
        },
        {
          "text": "眼睛看不到的人，只是把光明留给了世界。",
          "link": "//game.gtimg.cn/images/yxzj/zlkdatasys/audios/audio/20240425/17140396045450.mp3"
        },
        {
          "text": "驯服意味着……制造一辈子的羁绊。",
          "link": "//game.gtimg.cn/images/yxzj/zlkdatasys/audios/audio/20240425/17140396278059.mp3"
        },
        {
          "text": "故事往往开始于相遇，但离别却并非结束。",
          "link": "//game.gtimg.cn/images/yxzj/zlkdatasys/audios/audio/20240425/17140396492186.mp3"
        },
        {
          "text": "太阳熄灭的时候，群星就会苏醒。",
          "link": "//game.gtimg.cn/images/yxzj/zlkdatasys/audios/audio/20240425/17140396694832.mp3"
        },
        {
          "text": "我来的地方很小，只要一踮脚，就能去别的星球做客啦。",
          "link": "//game.gtimg.cn/images/yxzj/zlkdatasys/audios/audio/20240425/17140397056134.mp3"
        },
        {
          "text": "流星老是弄错方向，得用剑指挥才不会乱套。",
          "link": "//game.gtimg.cn/images/yxzj/zlkdatasys/audios/audio/20240425/17140397337846.mp3"
        },
        {
          "text": "别担心，我只是要回家了。",
          "link": "//game.gtimg.cn/images/yxzj/zlkdatasys/audios/audio/20240425/17140394953699.mp3"
        },
        {
          "text": "奔星",
          "link": "//game.gtimg.cn/images/yxzj/zlkdatasys/audios/audio/20240425/17140392995855.mp3"
        },
        {
          "text": "绚烂",
          "link": "//game.gtimg.cn/images/yxzj/zlkdatasys/audios/audio/20240425/17140393572024.mp3"
        },
        {
          "text": "虹光引路！",
          "link": "//game.gtimg.cn/images/yxzj/zlkdatasys/audios/audio/20240425/17140399454051.mp3"
        },
        {
          "text": "流星坠落！",
          "link": "//game.gtimg.cn/images/yxzj/zlkdatasys/audios/audio/20240425/17140399772639.mp3"
        },
        {
          "text": "银河拥抱旅途",
          "link": "//game.gtimg.cn/images/yxzj/zlkdatasys/audios/audio/20240425/17140400219069.mp3"
        },
        {
          "text": "相遇写入诗篇",
          "link": "//game.gtimg.cn/images/yxzj/zlkdatasys/audios/audio/20240425/17140400794376.mp3"
        },
        {
          "text": "现在就启航！",
          "link": "//game.gtimg.cn/images/yxzj/zlkdatasys/audios/audio/20240425/17140401188156.mp3"
        },
        {
          "text": "远游星海间！",
          "link": "//game.gtimg.cn/images/yxzj/zlkdatasys/audios/audio/20240425/17140402385199.mp3"
        },
        {
          "text": "把时光珍藏于记忆花园~",
          "link": "//game.gtimg.cn/images/yxzj/zlkdatasys/audios/audio/20240425/17140402735922.mp3"
        },
        {
          "text": "羁绊发芽，故事生长",
          "link": "//game.gtimg.cn/images/yxzj/zlkdatasys/audios/audio/20240425/17140403163681.mp3"
        },
        {
          "text": "好好享受旅行的时光吧。",
          "link": "//game.gtimg.cn/images/yxzj/zlkdatasys/audios/audio/20240425/17140395752904.mp3"
        },
        {
          "text": "无聊的大人，简直和蘑菇没什么两样。",
          "link": "//game.gtimg.cn/images/yxzj/zlkdatasys/audios/audio/20240425/17140403414179.mp3"
        },
        {
          "text": "别走太快，要给出发留够告别的时间。",
          "link": "//game.gtimg.cn/images/yxzj/zlkdatasys/audios/audio/20240425/17140395382172.mp3"
        }
      ],
      "name": "奇遇星旅"
    }
  ]
}
