{
  "data": [
    {
      "voice": [
        {
          "text": "眼观六路尘缘事，线牵八方有情人~",
          "link": "//game.gtimg.cn/images/yxzj/zlkdatasys/audios/audio/20240805/17228545776061.mp3"
        },
        {
          "text": "曾记，曾记。聆愿而来，因缘而起。",
          "link": "//game.gtimg.cn/images/yxzj/zlkdatasys/audios/audio/20240805/17228281758650.mp3"
        },
        {
          "text": "一观二问三妙算，四通神机五掌判~……你，就是今天的求缘人？",
          "link": "//game.gtimg.cn/images/yxzj/zlkdatasys/audios/audio/20240805/17228546359796.mp3"
        },
        {
          "text": "早出晚归，夙兴夜寐，庇佑情缘，舍我其谁？",
          "link": "//game.gtimg.cn/images/yxzj/zlkdatasys/audios/audio/20240805/17228282307117.mp3"
        },
        {
          "text": "世事洞明皆学问，人情练达做神棍～咳咳……做、巫、祝",
          "link": "//game.gtimg.cn/images/yxzj/zlkdatasys/audios/audio/20240805/17228282518447.mp3"
        },
        {
          "text": "《云梦羁绊独家指南》，仅此一本，如假包换",
          "link": "//game.gtimg.cn/images/yxzj/zlkdatasys/audios/audio/20240805/17228282731332.mp3"
        },
        {
          "text": "判词说：知急先莫急，相逢有时机。",
          "link": "//game.gtimg.cn/images/yxzj/zlkdatasys/audios/audio/20240805/17228282897267.mp3"
        },
        {
          "text": "所谓天赐巧遇，谋事在我，成事~在你",
          "link": "//game.gtimg.cn/images/yxzj/zlkdatasys/audios/audio/20240805/17228283107536.mp3"
        },
        {
          "text": "入我相思门，知我相思苦……若想不吃苦，做梦！",
          "link": "//game.gtimg.cn/images/yxzj/zlkdatasys/audios/audio/20240805/17228283278549.mp3"
        },
        {
          "text": "哎小傻瓜~重要的不是神明指引，是你的心意~",
          "link": "//game.gtimg.cn/images/yxzj/zlkdatasys/audios/audio/20240805/17228283453195.mp3"
        },
        {
          "text": "想问属于我的缘分呀？判词说……你猜~",
          "link": "//game.gtimg.cn/images/yxzj/zlkdatasys/audios/audio/20240805/17228283641044.mp3"
        },
        {
          "text": "悲莫悲兮生别离，乐莫乐兮新相知",
          "link": "//game.gtimg.cn/images/yxzj/zlkdatasys/audios/audio/20240805/17228283861629.mp3"
        },
        {
          "text": "缘者，若光阴之过客，亦岁月之归人",
          "link": "//game.gtimg.cn/images/yxzj/zlkdatasys/audios/audio/20240805/17228284467629.mp3"
        },
        {
          "text": "故人兮永离，相逢兮无期；梦回兮年少，梦醒兮杳杳……",
          "link": "//game.gtimg.cn/images/yxzj/zlkdatasys/audios/audio/20240805/17228284632225.mp3"
        },
        {
          "text": "不论聚散，莫留遗憾",
          "link": "//game.gtimg.cn/images/yxzj/zlkdatasys/audios/audio/20240805/17228285411925.mp3"
        },
        {
          "text": "今天的缘就先算到这里……",
          "link": "//game.gtimg.cn/images/yxzj/zlkdatasys/audios/audio/20240805/17228285571024.mp3"
        },
        {
          "text": "早安~新的工作日！",
          "link": "//game.gtimg.cn/images/yxzj/zlkdatasys/audios/audio/20240805/17228285733024.mp3"
        },
        {
          "text": "看起来……你是凭本事一直孤单的~",
          "link": "//game.gtimg.cn/images/yxzj/zlkdatasys/audios/audio/20240805/17228285894228.mp3"
        },
        {
          "text": "良缘易结~",
          "link": "//game.gtimg.cn/images/yxzj/zlkdatasys/audios/audio/20240805/17228286104458.mp3"
        },
        {
          "text": "千里之缘一线牵~",
          "link": "//game.gtimg.cn/images/yxzj/zlkdatasys/audios/audio/20240805/17228286526261.mp3"
        },
        {
          "text": "共贺良辰~",
          "link": "//game.gtimg.cn/images/yxzj/zlkdatasys/audios/audio/20240805/17228286689500.mp3"
        },
        {
          "text": "平生难得有心人~",
          "link": "//game.gtimg.cn/images/yxzj/zlkdatasys/audios/audio/20240805/17228286823708.mp3"
        },
        {
          "text": "一祝愿成真",
          "link": "//game.gtimg.cn/images/yxzj/zlkdatasys/audios/audio/20240805/17228286975466.mp3"
        },
        {
          "text": "二佑情义深",
          "link": "//game.gtimg.cn/images/yxzj/zlkdatasys/audios/audio/20240805/17228287124174.mp3"
        },
        {
          "text": "神巫大人，想算算缘吗~",
          "link": "//game.gtimg.cn/images/yxzj/zlkdatasys/audios/audio/20240805/17228287288682.mp3"
        },
        {
          "text": "冤缘宜解~",
          "link": "//game.gtimg.cn/images/yxzj/zlkdatasys/audios/audio/20240805/17228287878696.mp3"
        },
        {
          "text": "解铃还须系铃人！",
          "link": "//game.gtimg.cn/images/yxzj/zlkdatasys/audios/audio/20240805/17228288036147.mp3"
        },
        {
          "text": "笑泯恩仇~",
          "link": "//game.gtimg.cn/images/yxzj/zlkdatasys/audios/audio/20240805/17228288186921.mp3"
        },
        {
          "text": "不是冤家不聚头~",
          "link": "//game.gtimg.cn/images/yxzj/zlkdatasys/audios/audio/20240805/17228288335871.mp3"
        },
        {
          "text": "一惩言无信",
          "link": "//game.gtimg.cn/images/yxzj/zlkdatasys/audios/audio/20240805/17228288505800.mp3"
        },
        {
          "text": "二罚心不近",
          "link": "//game.gtimg.cn/images/yxzj/zlkdatasys/audios/audio/20240805/17228288652569.mp3"
        },
        {
          "text": "职责面前，不论人情咯~",
          "link": "//game.gtimg.cn/images/yxzj/zlkdatasys/audios/audio/20240805/17228288849036.mp3"
        },
        {
          "text": "因缘际会，成双成对！",
          "link": "//game.gtimg.cn/images/yxzj/zlkdatasys/audios/audio/20240805/17228289015504.mp3"
        },
        {
          "text": "萍水相逢，呼友结朋！",
          "link": "//game.gtimg.cn/images/yxzj/zlkdatasys/audios/audio/20240805/17228289166647.mp3"
        },
        {
          "text": "不期而遇，前尘再续！",
          "link": "//game.gtimg.cn/images/yxzj/zlkdatasys/audios/audio/20240805/17228289322359.mp3"
        },
        {
          "text": "有缘千里来相会",
          "link": "//game.gtimg.cn/images/yxzj/zlkdatasys/audios/audio/20240805/17228289506063.mp3"
        },
        {
          "text": "破镜重圆再无悔",
          "link": "//game.gtimg.cn/images/yxzj/zlkdatasys/audios/audio/20240805/17228289663920.mp3"
        },
        {
          "text": "（小红：巫祝事业，果然蒸蒸日上！）",
          "link": "//game.gtimg.cn/images/yxzj/zlkdatasys/audios/audio/20240805/17228289822411.mp3"
        },
        {
          "text": "（小蓝：今日业绩已达成。）",
          "link": "//game.gtimg.cn/images/yxzj/zlkdatasys/audios/audio/20240805/17228290028974.mp3"
        },
        {
          "text": "在找司缘堂？朝着忘忧沼泽的反方向走——它就在森林最热闹的地方",
          "link": "//game.gtimg.cn/images/yxzj/zlkdatasys/audios/audio/20240805/17228290478909.mp3"
        },
        {
          "text": "我们的口号是~（小红：没有困难的事务！小蓝：只有不够忙碌的巫祝。）",
          "link": "//game.gtimg.cn/images/yxzj/zlkdatasys/audios/audio/20240805/17228290671809.mp3"
        },
        {
          "text": "突击考核？……快快快回去准备！（小蓝：大人，注意人设。）咳咳",
          "link": "//game.gtimg.cn/images/yxzj/zlkdatasys/audios/audio/20240805/17228290966265.mp3"
        },
        {
          "text": "我本孤身，也曾有亲人，后来……就遇到你们啦",
          "link": "//game.gtimg.cn/images/yxzj/zlkdatasys/audios/audio/20240805/17228291418017.mp3"
        },
        {
          "text": "要我再讲一遍从枯灾中救出你们的故事啊？真是听不腻~",
          "link": "//game.gtimg.cn/images/yxzj/zlkdatasys/audios/audio/20240805/17228291646109.mp3"
        },
        {
          "text": "同样是小红，你可比我家的那只安静多了（小红：喂！）",
          "link": "//game.gtimg.cn/images/yxzj/zlkdatasys/audios/audio/20240805/17228291826937.mp3"
        },
        {
          "text": "小蓝，就算你长大后是这个模样，我也能认出你（小蓝：哦。）",
          "link": "//game.gtimg.cn/images/yxzj/zlkdatasys/audios/audio/20240805/17228292802099.mp3"
        },
        {
          "text": "你曾与谁约定过，要守护此地吗？……我也是。",
          "link": "//game.gtimg.cn/images/yxzj/zlkdatasys/audios/audio/20240805/17228293771335.mp3"
        },
        {
          "text": "这并不难。如果你曾淋过雨，便知道如何撑起一把伞",
          "link": "//game.gtimg.cn/images/yxzj/zlkdatasys/audios/audio/20240805/17228293962554.mp3"
        },
        {
          "text": "问我来巫神祝前打过多少份工……嘘，是秘密哦~",
          "link": "//game.gtimg.cn/images/yxzj/zlkdatasys/audios/audio/20240805/17228294174961.mp3"
        },
        {
          "text": "孤独是只越缠越紧的茧，但别担心，总有人相信你是蝴蝶",
          "link": "//game.gtimg.cn/images/yxzj/zlkdatasys/audios/audio/20240805/17228294352953.mp3"
        },
        {
          "text": "“天生孤星，灾祸横行”——这便是我曾被预言的命运",
          "link": "//game.gtimg.cn/images/yxzj/zlkdatasys/audios/audio/20240805/17228294568534.mp3"
        },
        {
          "text": "何谓不祥？何为命运？有人让我知晓，从无预言天定，只有珍惜相遇。",
          "link": "//game.gtimg.cn/images/yxzj/zlkdatasys/audios/audio/20240805/17228294748363.mp3"
        },
        {
          "text": "距离继承少司命大人的力量，又近了一步",
          "link": "//game.gtimg.cn/images/yxzj/zlkdatasys/audios/audio/20240805/17228294941640.mp3"
        },
        {
          "text": "习惯就好~司缘堂向来业绩第一（小红：习惯啦！）",
          "link": "//game.gtimg.cn/images/yxzj/zlkdatasys/audios/audio/20240805/17228295138854.mp3"
        },
        {
          "text": "随缘就好~过程既已享受，结果不必强求~（小蓝：随缘嘛。）",
          "link": "//game.gtimg.cn/images/yxzj/zlkdatasys/audios/audio/20240805/17228295429098.mp3"
        },
        {
          "text": "你我之间何来擅闯？神巫大人~~这叫主动汇报工作~",
          "link": "//game.gtimg.cn/images/yxzj/zlkdatasys/audios/audio/20240805/17228296779941.mp3"
        },
        {
          "text": "多谢夸奖~",
          "link": "//game.gtimg.cn/images/yxzj/zlkdatasys/audios/audio/20240805/17228296964097.mp3"
        },
        {
          "text": "都说离去的人会在忘忧沼泽重逢，你真的不曾见过我的故人？",
          "link": "//game.gtimg.cn/images/yxzj/zlkdatasys/audios/audio/20240805/17228297147792.mp3"
        },
        {
          "text": "东边日出西边雨，道是无情却有情~神巫大人，听听你这判词如何？",
          "link": "//game.gtimg.cn/images/yxzj/zlkdatasys/audios/audio/20240805/17228297351750.mp3"
        },
        {
          "text": "啊？什么特训？司缘堂业务繁忙，下次再见喽~",
          "link": "//game.gtimg.cn/images/yxzj/zlkdatasys/audios/audio/20240805/17228297582369.mp3"
        },
        {
          "text": "是~你真的没有在想某个天上的神君～他也真的没有鸟一样的爪子和云一样的头发～",
          "link": "//game.gtimg.cn/images/yxzj/zlkdatasys/audios/audio/20240805/17228297786988.mp3"
        },
        {
          "text": "它偶尔也是正的~比如小鹿，最聪明的最厉害",
          "link": "//game.gtimg.cn/images/yxzj/zlkdatasys/audios/audio/20240805/17228298029050.mp3"
        },
        {
          "text": "小小司命，不在话下",
          "link": "//game.gtimg.cn/images/yxzj/zlkdatasys/audios/audio/20240805/17228298229387.mp3"
        },
        {
          "text": "云中君露出凶恶的真面目，我要告诉善良的小鹿，千万不要被他骗住",
          "link": "//game.gtimg.cn/images/yxzj/zlkdatasys/audios/audio/20240805/17228298419636.mp3"
        },
        {
          "text": "发型、轮廓、羽毛的颜色……行吧，勉强及格。但阿瑶可是样样满分诶！",
          "link": "//game.gtimg.cn/images/yxzj/zlkdatasys/audios/audio/20240805/17228298613746.mp3"
        },
        {
          "text": "想进忘忧沼泽吗~说句好听的，姐姐教你绕开 那个家伙~",
          "link": "//game.gtimg.cn/images/yxzj/zlkdatasys/audios/audio/20240805/17228298893709.mp3"
        },
        {
          "text": "今日拌嘴大赛，小鹿两分，小龙一分~",
          "link": "//game.gtimg.cn/images/yxzj/zlkdatasys/audios/audio/20240805/17228299078962.mp3"
        },
        {
          "text": "哪怕故人还能重逢，也当认不出我了吧？",
          "link": "//game.gtimg.cn/images/yxzj/zlkdatasys/audios/audio/20240805/17228299272435.mp3"
        },
        {
          "text": "我见过的判词里有这样一个人：众叛亲离成神，却是孤家寡人（小红：孤呱）",
          "link": "//game.gtimg.cn/images/yxzj/zlkdatasys/audios/audio/20240805/17228299471965.mp3"
        },
        {
          "text": "瞧我新出炉的虐心佳作，师徒决裂，挚友分离……定能感动整个森林！",
          "link": "//game.gtimg.cn/images/yxzj/zlkdatasys/audios/audio/20240805/17228299891478.mp3"
        }
      ],
      "name": "原皮"
    }
  ]
}
