{
  "data": [
    {
      "voice": [
        {
          "text": "惶惶世人，可知警钟已在怒雷中长鸣",
          "link": "//game.gtimg.cn/images/yxzj/zlkdatasys/audios/audio/20220415/16500162856290.mp3"
        },
        {
          "text": "只有最震慑的雷霆，才能击碎最沉重的黑暗",
          "link": "//game.gtimg.cn/images/yxzj/zlkdatasys/audios/audio/20220415/16500163145660.mp3"
        },
        {
          "text": "雷霆所击，无不糜灭，你们逃避，我征服",
          "link": "//game.gtimg.cn/images/yxzj/zlkdatasys/audios/audio/20220415/16500162625801.mp3"
        },
        {
          "text": "迈向光明之路，注定荆棘丛生。",
          "link": "//game.gtimg.cn/images/yxzj/zlkdatasys/audios/audio/20220412/16497646077791.wav"
        },
        {
          "text": "我的道路没有岔口，因为未来早已笃定",
          "link": "//game.gtimg.cn/images/yxzj/zlkdatasys/audios/audio/20220412/16497646224888.wav"
        },
        {
          "text": "世间强大如我，亦有无法战胜之事。",
          "link": "//game.gtimg.cn/images/yxzj/zlkdatasys/audios/audio/20220412/16497646301981.wav"
        },
        {
          "text": "无尽征程漫漫，风暴如影随形",
          "link": "//game.gtimg.cn/images/yxzj/zlkdatasys/audios/audio/20220412/16497647089197.wav"
        },
        {
          "text": "目睹过毁灭，才能看到新生！",
          "link": "//game.gtimg.cn/images/yxzj/zlkdatasys/audios/audio/20220412/16497647181418.wav"
        },
        {
          "text": "我掌中的不只是力量，也是打破桎梏的钥匙！",
          "link": "//game.gtimg.cn/images/yxzj/zlkdatasys/audios/audio/20220412/16497647299374.wav"
        },
        {
          "text": "弱小并不可怕，可怕的是懦弱",
          "link": "//game.gtimg.cn/images/yxzj/zlkdatasys/audios/audio/20220412/16497647382837.wav"
        },
        {
          "text": "一个人的强大，并不是真正的强大",
          "link": "//game.gtimg.cn/images/yxzj/zlkdatasys/audios/audio/20220412/16497647504519.wav"
        },
        {
          "text": "懦弱之人，毫无价值",
          "link": "//game.gtimg.cn/images/yxzj/zlkdatasys/audios/audio/20220412/16497647614341.wav"
        },
        {
          "text": "怜悯，这世间最大的奢侈",
          "link": "//game.gtimg.cn/images/yxzj/zlkdatasys/audios/audio/20220412/16497647715231.wav"
        },
        {
          "text": "站在最高处，窥见最全貌。",
          "link": "//game.gtimg.cn/images/yxzj/zlkdatasys/audios/audio/20220412/16497647854514.wav"
        },
        {
          "text": "天怒，高悬在世人头上的利剑",
          "link": "//game.gtimg.cn/images/yxzj/zlkdatasys/audios/audio/20220412/16497647945783.wav"
        },
        {
          "text": "雷从九天临，暗由赤地生",
          "link": "//game.gtimg.cn/images/yxzj/zlkdatasys/audios/audio/20220412/16497648098835.wav"
        },
        {
          "text": "不过一次小小的失败……",
          "link": "//game.gtimg.cn/images/yxzj/zlkdatasys/audios/audio/20220412/16497648896448.wav"
        },
        {
          "text": "向死，方生……",
          "link": "//game.gtimg.cn/images/yxzj/zlkdatasys/audios/audio/20220412/16497649154855.wav"
        },
        {
          "text": "疾",
          "link": "//game.gtimg.cn/images/yxzj/zlkdatasys/audios/audio/20220412/16497649503737.wav"
        },
        {
          "text": "奔雷破空",
          "link": "//game.gtimg.cn/images/yxzj/zlkdatasys/audios/audio/20220412/16497649757579.wav"
        },
        {
          "text": "追随我的脚步",
          "link": "//game.gtimg.cn/images/yxzj/zlkdatasys/audios/audio/20220412/16497650253520.wav"
        },
        {
          "text": "不要徘徊不前",
          "link": "//game.gtimg.cn/images/yxzj/zlkdatasys/audios/audio/20220412/16497650422256.wav"
        },
        {
          "text": "永远不要徘徊不前",
          "link": "//game.gtimg.cn/images/yxzj/zlkdatasys/audios/audio/20220412/16497650546598.wav"
        },
        {
          "text": "你们已无处可逃了",
          "link": "//game.gtimg.cn/images/yxzj/zlkdatasys/audios/audio/20220412/16497650634128.wav"
        },
        {
          "text": "以力制力",
          "link": "//game.gtimg.cn/images/yxzj/zlkdatasys/audios/audio/20220412/16497652389808.wav"
        },
        {
          "text": "驱雷掣电",
          "link": "//game.gtimg.cn/images/yxzj/zlkdatasys/audios/audio/20220412/16497652474292.wav"
        },
        {
          "text": "雷霆所至，风云必变",
          "link": "//game.gtimg.cn/images/yxzj/zlkdatasys/audios/audio/20220412/16497652854964.wav"
        },
        {
          "text": "阴阳相激，雷震千里",
          "link": "//game.gtimg.cn/images/yxzj/zlkdatasys/audios/audio/20220412/16497652925402.wav"
        },
        {
          "text": "我就是天地",
          "link": "//game.gtimg.cn/images/yxzj/zlkdatasys/audios/audio/20220412/16497653071990.wav"
        },
        {
          "text": "蚍蜉岂可撼树",
          "link": "//game.gtimg.cn/images/yxzj/zlkdatasys/audios/audio/20220412/16497653197920.wav"
        },
        {
          "text": "用雷霆，击碎黑暗",
          "link": "//game.gtimg.cn/images/yxzj/zlkdatasys/audios/audio/20220412/16497653317268.wav"
        },
        {
          "text": "雷霆万钧，无坚不摧",
          "link": "//game.gtimg.cn/images/yxzj/zlkdatasys/audios/audio/20220412/16497653412415.wav"
        },
        {
          "text": "一起上吧，那些反对我的人",
          "link": "//game.gtimg.cn/images/yxzj/zlkdatasys/audios/audio/20220412/16497654307354.wav"
        },
        {
          "text": "你们已无处可逃了",
          "link": "//game.gtimg.cn/images/yxzj/zlkdatasys/audios/audio/20220412/16497654464231.wav"
        },
        {
          "text": "世界奔流不息，而你止步不前",
          "link": "//game.gtimg.cn/images/yxzj/zlkdatasys/audios/audio/20220412/16497654727916.wav"
        },
        {
          "text": "任何无法击垮我们的，只会令我们更加强大",
          "link": "//game.gtimg.cn/images/yxzj/zlkdatasys/audios/audio/20220412/16497655257523.wav"
        },
        {
          "text": "当你听到雷声轰鸣时，你的故事就已经结束",
          "link": "//game.gtimg.cn/images/yxzj/zlkdatasys/audios/audio/20220412/16497655349481.wav"
        },
        {
          "text": "世间雷霆，皆为我用",
          "link": "//game.gtimg.cn/images/yxzj/zlkdatasys/audios/audio/20220412/16497655578317.wav"
        },
        {
          "text": "相信人心？我们离那样的世界还太远",
          "link": "//game.gtimg.cn/images/yxzj/zlkdatasys/audios/audio/20220415/16500164309871.mp3"
        },
        {
          "text": "历史永远都在重复，但长安不会",
          "link": "//game.gtimg.cn/images/yxzj/zlkdatasys/audios/audio/20220415/16500164091743.mp3"
        },
        {
          "text": "在你抉择那刻，终途就已注定",
          "link": "//game.gtimg.cn/images/yxzj/zlkdatasys/audios/audio/20220412/16497657529910.wav"
        },
        {
          "text": "纠结对错、善恶，那毫无意义",
          "link": "//game.gtimg.cn/images/yxzj/zlkdatasys/audios/audio/20220412/16497657651371.wav"
        },
        {
          "text": "永远不要做错误的决定",
          "link": "//game.gtimg.cn/images/yxzj/zlkdatasys/audios/audio/20220412/16497657746694.wav"
        },
        {
          "text": "踟蹰必将失败",
          "link": "//game.gtimg.cn/images/yxzj/zlkdatasys/audios/audio/20220412/16497658346582.wav"
        },
        {
          "text": "孤独的守护者，你辛苦了",
          "link": "//game.gtimg.cn/images/yxzj/zlkdatasys/audios/audio/20220412/16497658481659.wav"
        },
        {
          "text": "手握杀伐利器，更应谨慎而行",
          "link": "//game.gtimg.cn/images/yxzj/zlkdatasys/audios/audio/20220412/16497658773342.wav"
        },
        {
          "text": "永远不要忘记，如何握紧手中的剑",
          "link": "//game.gtimg.cn/images/yxzj/zlkdatasys/audios/audio/20220415/16500177771212.mp3"
        },
        {
          "text": "在这弱肉强食的世界，武器，才是守护的最好方式",
          "link": "//game.gtimg.cn/images/yxzj/zlkdatasys/audios/audio/20220412/16497660005672.wav"
        },
        {
          "text": "守护这片我所亲手建立的土地",
          "link": "//game.gtimg.cn/images/yxzj/zlkdatasys/audios/audio/20220412/16497660083275.wav"
        },
        {
          "text": "我们的命运，必须掌握在自己手中",
          "link": "//game.gtimg.cn/images/yxzj/zlkdatasys/audios/audio/20220412/16497660218642.wav"
        },
        {
          "text": "我将带领你们，走向正确的道路",
          "link": "//game.gtimg.cn/images/yxzj/zlkdatasys/audios/audio/20220412/16497660317451.wav"
        },
        {
          "text": "五雷轰顶，碾碎一切",
          "link": "//game.gtimg.cn/images/yxzj/zlkdatasys/audios/audio/20220412/16497660738171.wav"
        },
        {
          "text": "以雷霆之力，燃余烬而生",
          "link": "//game.gtimg.cn/images/yxzj/zlkdatasys/audios/audio/20220412/16497660899678.wav"
        },
        {
          "text": "为了让未来回到正确的路上而战",
          "link": "//game.gtimg.cn/images/yxzj/zlkdatasys/audios/audio/20220412/16497661009295.wav"
        },
        {
          "text": "雷霆破晓",
          "link": "//game.gtimg.cn/images/yxzj/zlkdatasys/audios/audio/20220412/16497662659453.wav"
        },
        {
          "text": "一个愚蠢的错误，我不会再犯一次",
          "link": "//game.gtimg.cn/images/yxzj/zlkdatasys/audios/audio/20220412/16497662821895.wav"
        },
        {
          "text": "丫头，你总有一天会明白的",
          "link": "//game.gtimg.cn/images/yxzj/zlkdatasys/audios/audio/20220427/16510539269747.mp3"
        },
        {
          "text": "我们身上，流淌着同样的血脉。",
          "link": "//game.gtimg.cn/images/yxzj/zlkdatasys/audios/audio/20220427/16510550806879.mp3"
        },
        {
          "text": "弈无同局，却只有胜负两个结果。",
          "link": "//game.gtimg.cn/images/yxzj/zlkdatasys/audios/audio/20220428/16511357285750.mp3"
        },
        {
          "text": "雷霆之下，鬼蜮伎俩皆无所遁形。",
          "link": "//game.gtimg.cn/images/yxzj/zlkdatasys/audios/audio/20220915/16632397257552.mp3"
        },
        {
          "text": "但只有成为强者，才有决定他的资格",
          "link": "//game.gtimg.cn/images/yxzj/zlkdatasys/audios/audio/20221109/16679864198101.mp3"
        },
        {
          "text": "此生于此，甚多选择，幸得无悔",
          "link": "//game.gtimg.cn/images/yxzj/zlkdatasys/audios/audio/20221109/16679864357918.mp3"
        },
        {
          "text": "风暴要来了，而我会停止他",
          "link": "//game.gtimg.cn/images/yxzj/zlkdatasys/audios/audio/20221109/16679864561671.mp3"
        },
        {
          "text": "长安之外，风起云涌，潜藏在暗中的，已经显现",
          "link": "//game.gtimg.cn/images/yxzj/zlkdatasys/audios/audio/20221109/16679864766401.mp3"
        },
        {
          "text": "外力既可伤己，亦可驯服，学着让它们为你所用。",
          "link": "//game.gtimg.cn/images/yxzj/zlkdatasys/audios/audio/20221129/16697144454139.mp3"
        },
        {
          "text": "人生于世，总难免见到一些污秽，沾染一些尘埃。",
          "link": "//game.gtimg.cn/images/yxzj/zlkdatasys/audios/audio/20221129/16697144926202.mp3"
        },
        {
          "text": "长安很大，你们从小生长于长安，它对于你们的意义，究竟是什么？",
          "link": "//game.gtimg.cn/images/yxzj/zlkdatasys/audios/audio/20221129/16697145229927.mp3"
        }
      ],
      "name": "原皮"
    },
    {
      "voice": [
        {
          "text": "寄希望于神明，不如亲手撕碎这黑夜！",
          "link": "//game.gtimg.cn/images/yxzj/zlkdatasys/audios/audio/20230920/16951805244632.mp3"
        },
        {
          "text": "地火煅体，天雷淬身，凭我残躯，洞穿地狱！",
          "link": "//game.gtimg.cn/images/yxzj/zlkdatasys/audios/audio/20230920/16951805575612.mp3"
        },
        {
          "text": "地狱不空，心火不休。",
          "link": "//game.gtimg.cn/images/yxzj/zlkdatasys/audios/audio/20230920/16951805928910.mp3"
        },
        {
          "text": "高高在上的地狱之主，也是被神明遗弃的可怜虫。",
          "link": "//game.gtimg.cn/images/yxzj/zlkdatasys/audios/audio/20230920/16951783554130.mp3"
        },
        {
          "text": "在世人眼中，此地囚禁的都是十恶不赦之徒……包括我。",
          "link": "//game.gtimg.cn/images/yxzj/zlkdatasys/audios/audio/20230920/16951783903749.mp3"
        },
        {
          "text": "这方天地倒也有些铁骨铮铮的汉子。",
          "link": "//game.gtimg.cn/images/yxzj/zlkdatasys/audios/audio/20230920/16951784252521.mp3"
        },
        {
          "text": "欲盖弥彰，抑焰弥旺。",
          "link": "//game.gtimg.cn/images/yxzj/zlkdatasys/audios/audio/20230920/16951784554323.mp3"
        },
        {
          "text": "自谓终天路，忽然下沉渊。",
          "link": "//game.gtimg.cn/images/yxzj/zlkdatasys/audios/audio/20230920/16951784821255.mp3"
        },
        {
          "text": "焚尽旧日，方能迎来新生。",
          "link": "//game.gtimg.cn/images/yxzj/zlkdatasys/audios/audio/20230920/16951785065125.mp3"
        },
        {
          "text": "烈火不能带来真正的光明，但至少能让它来得早一些。",
          "link": "//game.gtimg.cn/images/yxzj/zlkdatasys/audios/audio/20230920/16951785302011.mp3"
        },
        {
          "text": "我为柴薪……",
          "link": "//game.gtimg.cn/images/yxzj/zlkdatasys/audios/audio/20230920/16951786367508.mp3"
        },
        {
          "text": "一往无前！",
          "link": "//game.gtimg.cn/images/yxzj/zlkdatasys/audios/audio/20230920/16951786728755.mp3"
        },
        {
          "text": "如火掠行！",
          "link": "//game.gtimg.cn/images/yxzj/zlkdatasys/audios/audio/20230920/16951786927412.mp3"
        },
        {
          "text": "没有退路可言！",
          "link": "//game.gtimg.cn/images/yxzj/zlkdatasys/audios/audio/20230920/16951789462698.mp3"
        },
        {
          "text": "火趁风威，遄遄疾行！",
          "link": "//game.gtimg.cn/images/yxzj/zlkdatasys/audios/audio/20230920/16951789715803.mp3"
        },
        {
          "text": "诸行无常！",
          "link": "//game.gtimg.cn/images/yxzj/zlkdatasys/audios/audio/20230920/16951790183343.mp3"
        },
        {
          "text": "摧烧之！",
          "link": "//game.gtimg.cn/images/yxzj/zlkdatasys/audios/audio/20230920/16951790394916.mp3"
        },
        {
          "text": "生死寂灭！",
          "link": "//game.gtimg.cn/images/yxzj/zlkdatasys/audios/audio/20230920/16951790648506.mp3"
        },
        {
          "text": "当风扬其灰！",
          "link": "//game.gtimg.cn/images/yxzj/zlkdatasys/audios/audio/20230920/16951791071446.mp3"
        },
        {
          "text": "万物燃尽！",
          "link": "//game.gtimg.cn/images/yxzj/zlkdatasys/audios/audio/20230920/16951791356847.mp3"
        },
        {
          "text": "灼灼地火，煌煌其雷！",
          "link": "//game.gtimg.cn/images/yxzj/zlkdatasys/audios/audio/20230920/16951791655874.mp3"
        },
        {
          "text": "登临绝顶，日月齐光！",
          "link": "//game.gtimg.cn/images/yxzj/zlkdatasys/audios/audio/20230920/16951791934477.mp3"
        },
        {
          "text": "扑火飞蛾。",
          "link": "//game.gtimg.cn/images/yxzj/zlkdatasys/audios/audio/20230920/16951792556883.mp3"
        },
        {
          "text": "抱薪救焚，扇火止沸。",
          "link": "//game.gtimg.cn/images/yxzj/zlkdatasys/audios/audio/20230920/16951792875373.mp3"
        },
        {
          "text": "长夜漫漫，我自持火前行。",
          "link": "//game.gtimg.cn/images/yxzj/zlkdatasys/audios/audio/20230920/16951793203226.mp3"
        },
        {
          "text": "好一个野火烧不尽，春风吹又生。",
          "link": "//game.gtimg.cn/images/yxzj/zlkdatasys/audios/audio/20230920/16951793634535.mp3"
        },
        {
          "text": "他们畏惧的是你的灵魂。",
          "link": "//game.gtimg.cn/images/yxzj/zlkdatasys/audios/audio/20230920/16951793924173.mp3"
        }
      ],
      "name": "地狱燃心"
    }
  ]
}