{
  "data": [
    {
      "voice": [
        {
          "text": "喜欢黑色么？",
          "link": "//game.gtimg.cn/images/yxzj/zlkdatasys/audios/audio/20220412/16497753259217.wav"
        },
        {
          "text": "已毁的灵魂，绝世的威力~",
          "link": "//game.gtimg.cn/images/yxzj/zlkdatasys/audios/audio/20220412/16497753385817.wav"
        },
        {
          "text": "一切都在破碎中。",
          "link": "//game.gtimg.cn/images/yxzj/zlkdatasys/audios/audio/20220412/16497753503633.wav"
        },
        {
          "text": "现在，轮到我说话了。",
          "link": "//game.gtimg.cn/images/yxzj/zlkdatasys/audios/audio/20220412/16497753878449.mp3"
        },
        {
          "text": "宇宙之中，从无公正。",
          "link": "//game.gtimg.cn/images/yxzj/zlkdatasys/audios/audio/20220412/16497754034900.mp3"
        },
        {
          "text": "有的蠢货，四季都在扇扇子",
          "link": "//game.gtimg.cn/images/yxzj/zlkdatasys/audios/audio/20220412/16497754184111.mp3"
        },
        {
          "text": "知识与无知，都是灾难之源。",
          "link": "//game.gtimg.cn/images/yxzj/zlkdatasys/audios/audio/20220412/16497754346872.mp3"
        },
        {
          "text": "黑暗无边无际，人类却妄想光明的胜利。",
          "link": "//game.gtimg.cn/images/yxzj/zlkdatasys/audios/audio/20220412/16497754519864.mp3"
        },
        {
          "text": "我宽恕众神",
          "link": "//game.gtimg.cn/images/yxzj/zlkdatasys/audios/audio/20220412/16497754715101.wav"
        },
        {
          "text": "此乃先祖受难之魂！",
          "link": "//game.gtimg.cn/images/yxzj/zlkdatasys/audios/audio/20220412/16497754973169.wav"
        },
        {
          "text": "万物寂灭。",
          "link": "//game.gtimg.cn/images/yxzj/zlkdatasys/audios/audio/20220412/16497755119796.wav"
        },
        {
          "text": "来吧，你的噩梦。",
          "link": "//game.gtimg.cn/images/yxzj/zlkdatasys/audios/audio/20220412/16497755391209.wav"
        },
        {
          "text": "愿尔永宁！",
          "link": "//game.gtimg.cn/images/yxzj/zlkdatasys/audios/audio/20220412/16497755641131.wav"
        },
        {
          "text": "跑吧，虫子。",
          "link": "//game.gtimg.cn/images/yxzj/zlkdatasys/audios/audio/20220412/16497755784684.wav"
        },
        {
          "text": "求问贤者，若是一切如梦，人能何时醒来？",
          "link": "//game.gtimg.cn/images/yxzj/zlkdatasys/audios/audio/20220412/16497756221584.mp3"
        },
        {
          "text": "听说你给我送了套衣服？",
          "link": "//game.gtimg.cn/images/yxzj/zlkdatasys/audios/audio/20220412/16497756392550.mp3"
        },
        {
          "text": "忘了曾经的约定吧！",
          "link": "//game.gtimg.cn/images/yxzj/zlkdatasys/audios/audio/20220412/16497756571590.mp3"
        },
        {
          "text": "阁下，我会让你以十倍代价，偿还罪孽",
          "link": "//game.gtimg.cn/images/yxzj/zlkdatasys/audios/audio/20220412/16497756768505.mp3"
        },
        {
          "text": "所有的羁绊，转瞬即逝。",
          "link": "//game.gtimg.cn/images/yxzj/zlkdatasys/audios/audio/20220412/16497756955410.mp3"
        },
        {
          "text": "傀儡长得美，你想得美。",
          "link": "//game.gtimg.cn/images/yxzj/zlkdatasys/audios/audio/20220412/16497757133647.mp3"
        },
        {
          "text": "杀你的时候，我流了一滴泪。",
          "link": "//game.gtimg.cn/images/yxzj/zlkdatasys/audios/audio/20220412/16497757311973.mp3"
        },
        {
          "text": "今天天气不错，希望你的情报也没错。",
          "link": "//game.gtimg.cn/images/yxzj/zlkdatasys/audios/audio/20220412/16497757512065.mp3"
        },
        {
          "text": "小乔是你的，胜利却未必。",
          "link": "//game.gtimg.cn/images/yxzj/zlkdatasys/audios/audio/20220412/16497757709753.mp3"
        },
        {
          "text": "与其补鞋，不如补补脑子。",
          "link": "//game.gtimg.cn/images/yxzj/zlkdatasys/audios/audio/20220412/16497757866999.mp3"
        },
        {
          "text": "你是谁？",
          "link": "//game.gtimg.cn/images/yxzj/zlkdatasys/audios/audio/20220428/16511320826964.mp3"
        }
      ],
      "name": "原皮"
    },
    {
      "voice": [
        {
          "text": "打开禁典第十三页，你会得到想要的东西",
          "link": "//game.gtimg.cn/images/yxzj/zlkdatasys/audios/audio/20220414/16499327635620.mp3"
        },
        {
          "text": "让我从冬眠中苏醒的，就是你吗？幸运者",
          "link": "//game.gtimg.cn/images/yxzj/zlkdatasys/audios/audio/20220414/16499327742639.mp3"
        },
        {
          "text": "我来收这个世界欠我的债。",
          "link": "//game.gtimg.cn/images/yxzj/zlkdatasys/audios/audio/20220414/16499327852910.mp3"
        },
        {
          "text": "恐惧和渴望，多么甜美的食粮",
          "link": "//game.gtimg.cn/images/yxzj/zlkdatasys/audios/audio/20220413/16498193291305.wav"
        },
        {
          "text": "尽情呼唤吧，但会回应你的只有我。",
          "link": "//game.gtimg.cn/images/yxzj/zlkdatasys/audios/audio/20220413/16498193548110.wav"
        },
        {
          "text": "凝视深渊，你将不再孤独",
          "link": "//game.gtimg.cn/images/yxzj/zlkdatasys/audios/audio/20220413/16498196138205.wav"
        },
        {
          "text": "逃无可逃的，不妨称之为“宿命”吧",
          "link": "//game.gtimg.cn/images/yxzj/zlkdatasys/audios/audio/20220413/16498196295637.wav"
        },
        {
          "text": "羊皮纸上的灵魂，总在阴雨天哀鸣。啧，真吵",
          "link": "//game.gtimg.cn/images/yxzj/zlkdatasys/audios/audio/20220413/16498196564870.wav"
        },
        {
          "text": "黑魔法可是这世上难得公平的交易",
          "link": "//game.gtimg.cn/images/yxzj/zlkdatasys/audios/audio/20220413/16498196738041.wav"
        },
        {
          "text": "期待下一个幸运者",
          "link": "//game.gtimg.cn/images/yxzj/zlkdatasys/audios/audio/20220413/16498196887062.wav"
        },
        {
          "text": "我无处不在！",
          "link": "//game.gtimg.cn/images/yxzj/zlkdatasys/audios/audio/20220413/16498197068761.wav"
        },
        {
          "text": "焚烧殆尽！",
          "link": "//game.gtimg.cn/images/yxzj/zlkdatasys/audios/audio/20220413/16498198309416.wav"
        },
        {
          "text": "复仇冥火！",
          "link": "//game.gtimg.cn/images/yxzj/zlkdatasys/audios/audio/20220413/16498198481394.wav"
        },
        {
          "text": "迅速，就不会痛苦",
          "link": "//game.gtimg.cn/images/yxzj/zlkdatasys/audios/audio/20220413/16498198819658.wav"
        },
        {
          "text": "听到了，你内心的召唤",
          "link": "//game.gtimg.cn/images/yxzj/zlkdatasys/audios/audio/20220413/16498198981734.wav"
        },
        {
          "text": "哦~你躲在这里！",
          "link": "//game.gtimg.cn/images/yxzj/zlkdatasys/audios/audio/20220413/16498199111967.wav"
        },
        {
          "text": "神偏爱美丽的礼物，你落选了~",
          "link": "//game.gtimg.cn/images/yxzj/zlkdatasys/audios/audio/20220413/16498199278255.wav"
        },
        {
          "text": "汝愿必偿！",
          "link": "//game.gtimg.cn/images/yxzj/zlkdatasys/audios/audio/20220413/16498199494519.wav"
        },
        {
          "text": "亲眼见证所有颠覆~",
          "link": "//game.gtimg.cn/images/yxzj/zlkdatasys/audios/audio/20220413/16498199666809.wav"
        },
        {
          "text": "哦，一对可怜的后辈。需要我把你一起变成锅炉吗，小女巫？",
          "link": "//game.gtimg.cn/images/yxzj/zlkdatasys/audios/audio/20220413/16498199938119.wav"
        }
      ],
      "name": "暗渊魔法"
    }
  ]
}