{
  "data": [
    {
      "voice": [
        {
          "text": "长城在，故乡就在",
          "link": "//game.gtimg.cn/images/yxzj/zlkdatasys/audios/audio/20220411/16496643472962.wav"
        },
        {
          "text": "可战不可屈！",
          "link": "//game.gtimg.cn/images/yxzj/zlkdatasys/audios/audio/20220411/16496643706242.wav"
        },
        {
          "text": "历史书写于平凡人",
          "link": "//game.gtimg.cn/images/yxzj/zlkdatasys/audios/audio/20220411/16496643887948.wav"
        },
        {
          "text": "残余的力量，总比绝望更多",
          "link": "//game.gtimg.cn/images/yxzj/zlkdatasys/audios/audio/20220411/16496644693759.wav"
        },
        {
          "text": "总为浮云能蔽日 长安不见使人愁",
          "link": "//game.gtimg.cn/images/yxzj/zlkdatasys/audios/audio/20220411/16496645279201.mp3"
        },
        {
          "text": "绵延万万里的脊梁，撑起家国傲骨",
          "link": "//game.gtimg.cn/images/yxzj/zlkdatasys/audios/audio/20220411/16496645579480.mp3"
        },
        {
          "text": "我酒量很糟，可那爱吟诗的朋友也好不了多少",
          "link": "//game.gtimg.cn/images/yxzj/zlkdatasys/audios/audio/20220411/16496645814571.mp3"
        },
        {
          "text": "倒下，也要在战场",
          "link": "//game.gtimg.cn/images/yxzj/zlkdatasys/audios/audio/20220411/16496647985133.mp3"
        },
        {
          "text": "横扫万军",
          "link": "//game.gtimg.cn/images/yxzj/zlkdatasys/audios/audio/20220411/16496648511461.wav"
        },
        {
          "text": "给予迎头痛击！",
          "link": "//game.gtimg.cn/images/yxzj/zlkdatasys/audios/audio/20220411/16496648776605.wav"
        },
        {
          "text": "会奉陪到底的~",
          "link": "//game.gtimg.cn/images/yxzj/zlkdatasys/audios/audio/20220411/16496648979867.wav"
        },
        {
          "text": "入侵者的下场",
          "link": "//game.gtimg.cn/images/yxzj/zlkdatasys/audios/audio/20220411/16496649456809.wav"
        },
        {
          "text": "你们什么也夺不走，反而会献上全部所有",
          "link": "//game.gtimg.cn/images/yxzj/zlkdatasys/audios/audio/20220411/16496649951794.mp3"
        },
        {
          "text": "谁与和平为敌，谁先与我一战",
          "link": "//game.gtimg.cn/images/yxzj/zlkdatasys/audios/audio/20220411/16496650931740.mp3"
        },
        {
          "text": "在我手里，正义从不会迟到半秒",
          "link": "//game.gtimg.cn/images/yxzj/zlkdatasys/audios/audio/20220411/16496651149081.mp3"
        },
        {
          "text": "一起守过长城的，就叫战友",
          "link": "//game.gtimg.cn/images/yxzj/zlkdatasys/audios/audio/20220411/16496651935258.wav"
        },
        {
          "text": "与友人分享美酒，滋味会更加甘醇",
          "link": "//game.gtimg.cn/images/yxzj/zlkdatasys/audios/audio/20220411/16496652489026.mp3"
        },
        {
          "text": "沙漠中的花，意味着无限希望",
          "link": "//game.gtimg.cn/images/yxzj/zlkdatasys/audios/audio/20220411/16496653067547.mp3"
        },
        {
          "text": "玄策在身边时，大家会开心",
          "link": "//game.gtimg.cn/images/yxzj/zlkdatasys/audios/audio/20220415/16499931942145.wav"
        },
        {
          "text": "曾经",
          "link": "//game.gtimg.cn/images/yxzj/zlkdatasys/audios/audio/20220415/16499932068911.wav"
        },
        {
          "text": "多亏守约，家才有家的样子",
          "link": "//game.gtimg.cn/images/yxzj/zlkdatasys/audios/audio/20220411/16496656057988.mp3"
        },
        {
          "text": "你迷失了",
          "link": "//game.gtimg.cn/images/yxzj/zlkdatasys/audios/audio/20220411/16496656525251.wav"
        },
        {
          "text": "活下去，为了无可替代的人们",
          "link": "//game.gtimg.cn/images/yxzj/zlkdatasys/audios/audio/20220411/16496701699371.mp3"
        },
        {
          "text": "犯下的错，以一生代价弥补也不为过。",
          "link": "//game.gtimg.cn/images/yxzj/zlkdatasys/audios/audio/20220411/16496702574617.mp3"
        },
        {
          "text": "埋伏在草丛里，冷吗？",
          "link": "//game.gtimg.cn/images/yxzj/zlkdatasys/audios/audio/20220428/16511341354929.mp3"
        }
      ],
      "name": "原皮"
    },
    {
      "voice": [
        {
          "text": "辟邪恶，调阴阳！",
          "link": "//game.gtimg.cn/images/yxzj/zlkdatasys/audios/audio/20220411/16496657436362.mp3"
        },
        {
          "text": "列阵在北！",
          "link": "//game.gtimg.cn/images/yxzj/zlkdatasys/audios/audio/20220411/16496658046528.wav"
        },
        {
          "text": "玄武听命！",
          "link": "//game.gtimg.cn/images/yxzj/zlkdatasys/audios/audio/20220411/16496658249232.wav"
        },
        {
          "text": "誓与小队共存亡！",
          "link": "//game.gtimg.cn/images/yxzj/zlkdatasys/audios/audio/20220411/16496658961669.wav"
        },
        {
          "text": "有些灵魂……长如千年。",
          "link": "//game.gtimg.cn/images/yxzj/zlkdatasys/audios/audio/20220411/16496659153288.mp3"
        },
        {
          "text": "能柔能刚~",
          "link": "//game.gtimg.cn/images/yxzj/zlkdatasys/audios/audio/20220411/16496659389811.wav"
        },
        {
          "text": "不修行的，都是脆皮。",
          "link": "//game.gtimg.cn/images/yxzj/zlkdatasys/audios/audio/20220411/16496659658894.mp3"
        },
        {
          "text": "独自沉默。",
          "link": "//game.gtimg.cn/images/yxzj/zlkdatasys/audios/audio/20220411/16496659872711.wav"
        },
        {
          "text": "死亡，即是蛰伏~",
          "link": "//game.gtimg.cn/images/yxzj/zlkdatasys/audios/audio/20220411/16496660383940.mp3"
        },
        {
          "text": "扫孤蜮！",
          "link": "//game.gtimg.cn/images/yxzj/zlkdatasys/audios/audio/20220411/16496661062225.wav"
        },
        {
          "text": "除方良！",
          "link": "//game.gtimg.cn/images/yxzj/zlkdatasys/audios/audio/20220411/16496661226378.wav"
        },
        {
          "text": "动苍穹！",
          "link": "//game.gtimg.cn/images/yxzj/zlkdatasys/audios/audio/20220411/16496661403465.wav"
        },
        {
          "text": "无人可见，无人能敌！",
          "link": "//game.gtimg.cn/images/yxzj/zlkdatasys/audios/audio/20220411/16496661944655.wav"
        },
        {
          "text": "来，看谁活得久。",
          "link": "//game.gtimg.cn/images/yxzj/zlkdatasys/audios/audio/20220411/16496662369525.wav"
        }
      ],
      "name": "玄武志"
    }
  ]
}