{
  "data": [
    {
      "voice": [
        {
          "text": "想回到过去，也想去未来瞅瞅",
          "link": "//game.gtimg.cn/images/yxzj/zlkdatasys/audios/audio/20220411/16496706942301.wav"
        },
        {
          "text": "路?也许我要去的地方不需要路。",
          "link": "//game.gtimg.cn/images/yxzj/zlkdatasys/audios/audio/20220411/16496707167172.wav"
        },
        {
          "text": "人家这么可爱，当然是男孩子！",
          "link": "//game.gtimg.cn/images/yxzj/zlkdatasys/audios/audio/20220411/16496707357377.wav"
        },
        {
          "text": "这身造型是某位留级大叔捣鼓的，帅不？",
          "link": "//game.gtimg.cn/images/yxzj/zlkdatasys/audios/audio/20220411/16496707497081.wav"
        },
        {
          "text": "时间和波浪，变化无常！",
          "link": "//game.gtimg.cn/images/yxzj/zlkdatasys/audios/audio/20220411/16496707737014.wav"
        },
        {
          "text": "失去双脚，得到穿越时间的力量。这就是等价交换。",
          "link": "//game.gtimg.cn/images/yxzj/zlkdatasys/audios/audio/20220411/16496707854677.wav"
        },
        {
          "text": "我看过这个故事的结局，想不想知道剧透呢？",
          "link": "//game.gtimg.cn/images/yxzj/zlkdatasys/audios/audio/20220411/16496707971774.wav"
        },
        {
          "text": "滴答，滴答，滴答，滴答~",
          "link": "//game.gtimg.cn/images/yxzj/zlkdatasys/audios/audio/20220411/16496708152771.wav"
        },
        {
          "text": "在寻找一个迷路的家伙，我会引领他回家。",
          "link": "//game.gtimg.cn/images/yxzj/zlkdatasys/audios/audio/20220411/16496708278398.wav"
        },
        {
          "text": "我的时间到此为止！",
          "link": "//game.gtimg.cn/images/yxzj/zlkdatasys/audios/audio/20220411/16496708399169.wav"
        },
        {
          "text": "时间，慢下来！",
          "link": "//game.gtimg.cn/images/yxzj/zlkdatasys/audios/audio/20220411/16496708749437.wav"
        },
        {
          "text": "争分夺秒！",
          "link": "//game.gtimg.cn/images/yxzj/zlkdatasys/audios/audio/20220411/16496708932120.wav"
        },
        {
          "text": "送你去远方，愿你不怕黑。",
          "link": "//game.gtimg.cn/images/yxzj/zlkdatasys/audios/audio/20220411/16496709738097.wav"
        },
        {
          "text": "时间就是生命，很快你两个都会失去了。",
          "link": "//game.gtimg.cn/images/yxzj/zlkdatasys/audios/audio/20220411/16496709904820.wav"
        },
        {
          "text": "夫子的长明灯里也藏着时间的奥秘么？",
          "link": "//game.gtimg.cn/images/yxzj/zlkdatasys/audios/audio/20220411/16496710052345.wav"
        },
        {
          "text": "老师，时空之门的尽头是梦么？",
          "link": "//game.gtimg.cn/images/yxzj/zlkdatasys/audios/audio/20220411/16496710215100.wav"
        },
        {
          "text": "老师，谢谢您的救命之恩！",
          "link": "//game.gtimg.cn/images/yxzj/zlkdatasys/audios/audio/20220411/16496710587167.wav"
        },
        {
          "text": "班叔，新翅膀是我收过最棒的礼物！",
          "link": "//game.gtimg.cn/images/yxzj/zlkdatasys/audios/audio/20220411/16496710696232.wav"
        },
        {
          "text": "犽师弟，别把炮口对着我，怪…怪可怕的！",
          "link": "//game.gtimg.cn/images/yxzj/zlkdatasys/audios/audio/20220411/16496711059554.wav"
        },
        {
          "text": "别...别捏我的脸！",
          "link": "//game.gtimg.cn/images/yxzj/zlkdatasys/audios/audio/20220411/16496711386610.wav"
        },
        {
          "text": "我没哭！天才都看不出来吗？",
          "link": "//game.gtimg.cn/images/yxzj/zlkdatasys/audios/audio/20220411/16496711537415.wav"
        }
      ],
      "name": "原皮"
    },
    {
      "voice": [
        {
          "text": "这里有我，并且不止有我，收到收到，准备出发！",
          "link": "//game.gtimg.cn/images/yxzj/zlkdatasys/audios/audio/20220418/16502896128494.mp3"
        },
        {
          "text": "城市的夜晚，被每个微小的愿望点亮，呼叫呼叫，愿望正在发送！",
          "link": "//game.gtimg.cn/images/yxzj/zlkdatasys/audios/audio/20220418/16502896396310.mp3"
        },
        {
          "text": "1325 1825 1877，行动代码破解成功~",
          "link": "//game.gtimg.cn/images/yxzj/zlkdatasys/audios/audio/20220415/16499907614185.mp3"
        },
        {
          "text": "心理暗示也是种战术！",
          "link": "//game.gtimg.cn/images/yxzj/zlkdatasys/audios/audio/20220411/16496735513784.wav"
        },
        {
          "text": "信号已发出，收到请回复~",
          "link": "//game.gtimg.cn/images/yxzj/zlkdatasys/audios/audio/20220411/16496735633595.wav"
        },
        {
          "text": "相信奇迹，天狼守则第二条~",
          "link": "//game.gtimg.cn/images/yxzj/zlkdatasys/audios/audio/20220411/16496735808348.wav"
        },
        {
          "text": "计划赶不上变化，但变化赶不上聪明的头脑~",
          "link": "//game.gtimg.cn/images/yxzj/zlkdatasys/audios/audio/20220411/16496735945900.wav"
        },
        {
          "text": "不必畏惧黑暗，黎明会因你我而到来",
          "link": "//game.gtimg.cn/images/yxzj/zlkdatasys/audios/audio/20220411/16496736098070.wav"
        },
        {
          "text": "听到了…...纪念碑的召唤…...",
          "link": "//game.gtimg.cn/images/yxzj/zlkdatasys/audios/audio/20220411/16496736249899.wav"
        },
        {
          "text": "情报解析！",
          "link": "//game.gtimg.cn/images/yxzj/zlkdatasys/audios/audio/20220411/16496736427955.wav"
        },
        {
          "text": "倒数结局！",
          "link": "//game.gtimg.cn/images/yxzj/zlkdatasys/audios/audio/20220411/16496736629253.wav"
        },
        {
          "text": "欢迎来到我的主场！",
          "link": "//game.gtimg.cn/images/yxzj/zlkdatasys/audios/audio/20220411/16496736766784.wav"
        },
        {
          "text": "把每一个盒子送到它该去的地方~",
          "link": "//game.gtimg.cn/images/yxzj/zlkdatasys/audios/audio/20220411/16496736899476.wav"
        },
        {
          "text": "喂…队友队友…呼叫队友~",
          "link": "//game.gtimg.cn/images/yxzj/zlkdatasys/audios/audio/20220411/16496737042586.wav"
        },
        {
          "text": "记得五星好评~",
          "link": "//game.gtimg.cn/images/yxzj/zlkdatasys/audios/audio/20220411/16496737216201.wav"
        },
        {
          "text": "老虎，准备集合！",
          "link": "//game.gtimg.cn/images/yxzj/zlkdatasys/audios/audio/20220411/16496737675160.wav"
        },
        {
          "text": "好可爱的大猫咪呀~能摸摸你的胡须吗？",
          "link": "//game.gtimg.cn/images/yxzj/zlkdatasys/audios/audio/20220411/16496737804717.wav"
        },
        {
          "text": "偶……偶像，可以和我拍张照片吗？",
          "link": "//game.gtimg.cn/images/yxzj/zlkdatasys/audios/audio/20220411/16496739001288.wav"
        },
        {
          "text": "你忘记的不是音乐，而是信仰",
          "link": "//game.gtimg.cn/images/yxzj/zlkdatasys/audios/audio/20220411/16496739321915.wav"
        },
        {
          "text": "我的生日愿望，就是成为和你一样厉害的人",
          "link": "//game.gtimg.cn/images/yxzj/zlkdatasys/audios/audio/20220411/16496739582132.wav"
        },
        {
          "text": "虚拟与真实的界限，要靠心去辨认！",
          "link": "//game.gtimg.cn/images/yxzj/zlkdatasys/audios/audio/20220411/16496739909111.wav"
        },
        {
          "text": "我..我会继续努力的！",
          "link": "//game.gtimg.cn/images/yxzj/zlkdatasys/audios/audio/20220415/16500065369242.wav"
        },
        {
          "text": "天狼星小队集结完毕，行动开始！",
          "link": "//game.gtimg.cn/images/yxzj/zlkdatasys/audios/audio/20220411/16496740215072.wav"
        }
      ],
      "name": "天狼运算者"
    },
    {
      "voice": [
        {
          "text": "行走，记录，每个人都是故事的主角，无数个主角成就了我们的世界，同此心，共此力！",
          "link": "//game.gtimg.cn/images/yxzj/zlkdatasys/audios/audio/20220418/16502896896844.mp3"
        },
        {
          "text": "今天是新春特别vlog~带大家记录最真实的虎神街，我的第一个新年愿望嘛，大家看完之后点赞收藏哦。",
          "link": "//game.gtimg.cn/images/yxzj/zlkdatasys/audios/audio/20220418/16502897608474.mp3"
        },
        {
          "text": "虎年快乐！只要相信光，就可以学会飞翔！今年准备怎么过年呢？欢迎评论区告诉我哦。",
          "link": "//game.gtimg.cn/images/yxzj/zlkdatasys/audios/audio/20220418/16502897843347.mp3"
        },
        {
          "text": "神虎一跃，威震天地！",
          "link": "//game.gtimg.cn/images/yxzj/zlkdatasys/audios/audio/20220411/16496769354909.mp3"
        },
        {
          "text": "3——2——1！大家好，我是虎神的记录者。",
          "link": "//game.gtimg.cn/images/yxzj/zlkdatasys/audios/audio/20220411/16496769654019.wav"
        },
        {
          "text": "小虎糕是虎神街必备的年食，你的家乡过年吃些什么呢？",
          "link": "//game.gtimg.cn/images/yxzj/zlkdatasys/audios/audio/20220411/16496769809831.wav"
        },
        {
          "text": "第二个新年愿望嘛，祝大家岁岁平安！",
          "link": "//game.gtimg.cn/images/yxzj/zlkdatasys/audios/audio/20220411/16496770036314.wav"
        },
        {
          "text": "当我找到我们，奇迹谱写传说。",
          "link": "//game.gtimg.cn/images/yxzj/zlkdatasys/audios/audio/20220411/16496770155674.wav"
        },
        {
          "text": "虎神之力，皆在人心！",
          "link": "//game.gtimg.cn/images/yxzj/zlkdatasys/audios/audio/20220411/16496770294430.wav"
        },
        {
          "text": "岁岁平安……",
          "link": "//game.gtimg.cn/images/yxzj/zlkdatasys/audios/audio/20220411/16496770764744.wav"
        },
        {
          "text": "新年倒数！",
          "link": "//game.gtimg.cn/images/yxzj/zlkdatasys/audios/audio/20220411/16496774411033.wav"
        },
        {
          "text": "去吧！",
          "link": "//game.gtimg.cn/images/yxzj/zlkdatasys/audios/audio/20220411/16496774552475.wav"
        },
        {
          "text": "虎虎生风！",
          "link": "//game.gtimg.cn/images/yxzj/zlkdatasys/audios/audio/20220411/16496774755640.wav"
        },
        {
          "text": "我们走！",
          "link": "//game.gtimg.cn/images/yxzj/zlkdatasys/audios/audio/20220411/16496774924059.wav"
        },
        {
          "text": "画面定格！",
          "link": "//game.gtimg.cn/images/yxzj/zlkdatasys/audios/audio/20220411/16496775032870.wav"
        },
        {
          "text": "瞬间捕捉！",
          "link": "//game.gtimg.cn/images/yxzj/zlkdatasys/audios/audio/20220411/16496775199994.wav"
        },
        {
          "text": "神虎踞此！",
          "link": "//game.gtimg.cn/images/yxzj/zlkdatasys/audios/audio/20220411/16496775342351.wav"
        },
        {
          "text": "你的每一次失败，都会成为我的素材。",
          "link": "//game.gtimg.cn/images/yxzj/zlkdatasys/audios/audio/20220411/16496775717541.wav"
        },
        {
          "text": "嘿，你看见虎神了吗？",
          "link": "//game.gtimg.cn/images/yxzj/zlkdatasys/audios/audio/20220411/16496775961724.wav"
        },
        {
          "text": "记录完毕！又拍到了不错的素材。",
          "link": "//game.gtimg.cn/images/yxzj/zlkdatasys/audios/audio/20220411/16496777309425.wav"
        },
        {
          "text": "这段素材一定要加入我的vlog里！",
          "link": "//game.gtimg.cn/images/yxzj/zlkdatasys/audios/audio/20220411/16496777516701.wav"
        },
        {
          "text": "在我最失落的时候，你的琴音曾是温暖我的光。",
          "link": "//game.gtimg.cn/images/yxzj/zlkdatasys/audios/audio/20220411/16496777828438.wav"
        },
        {
          "text": "我想把你的歌声通过vlog带给全世界。",
          "link": "//game.gtimg.cn/images/yxzj/zlkdatasys/audios/audio/20220411/16496778984175.wav"
        },
        {
          "text": "来一张航拍的武馆全家福吗？",
          "link": "//game.gtimg.cn/images/yxzj/zlkdatasys/audios/audio/20220414/16499312812897.wav"
        },
        {
          "text": "我也可以一起拍照吗？",
          "link": "//game.gtimg.cn/images/yxzj/zlkdatasys/audios/audio/20220414/16499313347405.wav"
        },
        {
          "text": "能让大黄当我虎年vlog的吉祥物吗？",
          "link": "//game.gtimg.cn/images/yxzj/zlkdatasys/audios/audio/20220427/16510244994422.mp3"
        },
        {
          "text": "嗯...带你可以，带上橘猫就超重啦……",
          "link": "//game.gtimg.cn/images/yxzj/zlkdatasys/audios/audio/20220427/16510245243025.mp3"
        },
        {
          "text": "哇·！你的拳法真是太酷了，可以放进我的vlog里吗？",
          "link": "//game.gtimg.cn/images/yxzj/zlkdatasys/audios/audio/20220428/16511360496226.mp3"
        },
        {
          "text": "一个武馆学徒，一个凡人英雄！",
          "link": "//game.gtimg.cn/images/yxzj/zlkdatasys/audios/audio/20220428/16511360889403.mp3"
        }
      ],
      "name": "寅虎·展翼"
    },
    {
      "voice": [
        {
          "text": "把音乐洒满世界，守护心灵的光亮。",
          "link": "//game.gtimg.cn/images/yxzj/zlkdatasys/audios/audio/20231218/17028690881008.mp3"
        },
        {
          "text": "小动物就位~ 小音符准备~ 用希望引领旋律的方向~",
          "link": "//game.gtimg.cn/images/yxzj/zlkdatasys/audios/audio/20231218/17028691211080.mp3"
        },
        {
          "text": "接收黑暗为乐团补点养料~释放节奏给生活装点美妙~",
          "link": "//game.gtimg.cn/images/yxzj/zlkdatasys/audios/audio/20231218/17028691593611.mp3"
        },
        {
          "text": "发现下一个烦恼，音乐不许它逃跑！",
          "link": "//game.gtimg.cn/images/yxzj/zlkdatasys/audios/audio/20231218/17028665964802.mp3"
        },
        {
          "text": "小动物乐器的保养秘诀~那就是~收集情绪喂饱他们！",
          "link": "//game.gtimg.cn/images/yxzj/zlkdatasys/audios/audio/20231218/17028666233951.mp3"
        },
        {
          "text": "悲伤去哪儿了？啊~他正在和我的音符跳舞呢~",
          "link": "//game.gtimg.cn/images/yxzj/zlkdatasys/audios/audio/20231218/17028666452846.mp3"
        },
        {
          "text": "咚、哒、哒～花栗鼠的鼓声～敲开紧闭的心门～",
          "link": "//game.gtimg.cn/images/yxzj/zlkdatasys/audios/audio/20231218/17028667679247.mp3"
        },
        {
          "text": "坠落谷底的时刻，会有音乐载你飞翔～",
          "link": "//game.gtimg.cn/images/yxzj/zlkdatasys/audios/audio/20231218/17028667953089.mp3"
        },
        {
          "text": "演奏前乐团点名~哆、来、咪、发、唆、拉、西",
          "link": "//game.gtimg.cn/images/yxzj/zlkdatasys/audios/audio/20231218/17028668289336.mp3"
        },
        {
          "text": "交响乐有高音和低音，生活自然也有起起落落~",
          "link": "//game.gtimg.cn/images/yxzj/zlkdatasys/audios/audio/20231218/17028668571959.mp3"
        },
        {
          "text": "不按乐谱排练的小音符，总是带来意外的灵感~",
          "link": "//game.gtimg.cn/images/yxzj/zlkdatasys/audios/audio/20231218/17028669232908.mp3"
        },
        {
          "text": "调音而已...才不是正式的演出...",
          "link": "//game.gtimg.cn/images/yxzj/zlkdatasys/audios/audio/20231218/17028669705036.mp3"
        },
        {
          "text": "用演奏驱散黑暗！",
          "link": "//game.gtimg.cn/images/yxzj/zlkdatasys/audios/audio/20231218/17028670012103.mp3"
        },
        {
          "text": "看你灰心丧气的样子~就为你奏响欢乐乐章吧~",
          "link": "//game.gtimg.cn/images/yxzj/zlkdatasys/audios/audio/20231218/17028670768420.mp3"
        },
        {
          "text": "哒啦啦~快乐不迷路~音符来引路~",
          "link": "//game.gtimg.cn/images/yxzj/zlkdatasys/audios/audio/20231218/17028671731727.mp3"
        },
        {
          "text": "羡慕吧~我的超棒动物乐团~",
          "link": "//game.gtimg.cn/images/yxzj/zlkdatasys/audios/audio/20231218/17028671955908.mp3"
        },
        {
          "text": "鼓手登场！",
          "link": "//game.gtimg.cn/images/yxzj/zlkdatasys/audios/audio/20231218/17028672669357.mp3"
        },
        {
          "text": "节拍舞动!",
          "link": "//game.gtimg.cn/images/yxzj/zlkdatasys/audios/audio/20231218/17028672971636.mp3"
        },
        {
          "text": "为开心加速！",
          "link": "//game.gtimg.cn/images/yxzj/zlkdatasys/audios/audio/20231218/17028673556942.mp3"
        },
        {
          "text": "跟上心情节奏！",
          "link": "//game.gtimg.cn/images/yxzj/zlkdatasys/audios/audio/20231218/17028674579178.mp3"
        },
        {
          "text": "加入乐团派对狂欢！",
          "link": "//game.gtimg.cn/images/yxzj/zlkdatasys/audios/audio/20231218/17028675165190.mp3"
        },
        {
          "text": "享受快乐的环绕！",
          "link": "//game.gtimg.cn/images/yxzj/zlkdatasys/audios/audio/20231218/17028675451449.mp3"
        }
      ],
      "name": "小动物乐团"
    }
  ]
}
