{
  "data": [
    {
      "voice": [
        {
          "text": "化为天空和大海，守护你的回忆",
          "link": "//game.gtimg.cn/images/yxzj/zlkdatasys/audios/audio/20220412/16497675316454.wav"
        },
        {
          "text": "自由，是最热烈的远行~",
          "link": "//game.gtimg.cn/images/yxzj/zlkdatasys/audios/audio/20220412/16497675465122.wav"
        },
        {
          "text": "梦想着梦想中国家的梦想！",
          "link": "//game.gtimg.cn/images/yxzj/zlkdatasys/audios/audio/20220412/16497675595959.wav"
        },
        {
          "text": "重要的是为谁而战！",
          "link": "//game.gtimg.cn/images/yxzj/zlkdatasys/audios/audio/20220412/16497675742849.wav"
        },
        {
          "text": "世人战栗的旋涡，我们必会征服的航道",
          "link": "//game.gtimg.cn/images/yxzj/zlkdatasys/audios/audio/20220412/16497675873545.wav"
        },
        {
          "text": "璀璨的灯，引导心的航向~",
          "link": "//game.gtimg.cn/images/yxzj/zlkdatasys/audios/audio/20220412/16497675997068.wav"
        },
        {
          "text": "自破碎的奇迹中寻求光明；抛弃希望的苦恼扶摇而上",
          "link": "//game.gtimg.cn/images/yxzj/zlkdatasys/audios/audio/20220412/16497679622214.wav"
        },
        {
          "text": "你以为自己是谁？灾祸吗？命运吗？可终究会被我踩在脚下~",
          "link": "//game.gtimg.cn/images/yxzj/zlkdatasys/audios/audio/20220412/16497679784638.wav"
        },
        {
          "text": "我的名字，写在水上。",
          "link": "//game.gtimg.cn/images/yxzj/zlkdatasys/audios/audio/20220412/16497679949947.wav"
        },
        {
          "text": "一往无前的浪",
          "link": "//game.gtimg.cn/images/yxzj/zlkdatasys/audios/audio/20220412/16497680081450.wav"
        },
        {
          "text": "极尽所能，破碎波涛吧！",
          "link": "//game.gtimg.cn/images/yxzj/zlkdatasys/audios/audio/20220412/16497680216340.wav"
        },
        {
          "text": "在大海中起航~",
          "link": "//game.gtimg.cn/images/yxzj/zlkdatasys/audios/audio/20220412/16497680331681.wav"
        },
        {
          "text": "燃为灰烬，没入大海！",
          "link": "//game.gtimg.cn/images/yxzj/zlkdatasys/audios/audio/20220412/16497681304588.wav"
        },
        {
          "text": "缺少爱人指引的家伙们，只能迷失于旋涡的怀抱",
          "link": "//game.gtimg.cn/images/yxzj/zlkdatasys/audios/audio/20220412/16497681446552.wav"
        },
        {
          "text": "是你引导着我吗，是的，一直都是。",
          "link": "//game.gtimg.cn/images/yxzj/zlkdatasys/audios/audio/20220412/16497681598602.wav"
        },
        {
          "text": "七夕了，提着灯去海边许愿吧，就这么约定啦",
          "link": "//game.gtimg.cn/images/yxzj/zlkdatasys/audios/audio/20220412/16497681743517.wav"
        },
        {
          "text": "你那么的美好",
          "link": "//game.gtimg.cn/images/yxzj/zlkdatasys/audios/audio/20220412/16497681878703.wav"
        },
        {
          "text": "最幸福的是，我有幸懂得真正的幸福",
          "link": "//game.gtimg.cn/images/yxzj/zlkdatasys/audios/audio/20220412/16497682018501.wav"
        },
        {
          "text": "请允许我，余生都为你带来笑容吧",
          "link": "//game.gtimg.cn/images/yxzj/zlkdatasys/audios/audio/20220412/16497682131585.wav"
        },
        {
          "text": "愿吾妹，无拘无束如沧海之风，纵情闪耀如夜空之星",
          "link": "//game.gtimg.cn/images/yxzj/zlkdatasys/audios/audio/20220412/16497682278097.wav"
        },
        {
          "text": "一个人未完成的梦想，另一个人会代替他继续，对吗",
          "link": "//game.gtimg.cn/images/yxzj/zlkdatasys/audios/audio/20220412/16497682422225.wav"
        },
        {
          "text": "任何时候，都要努力去感受幸福的存在",
          "link": "//game.gtimg.cn/images/yxzj/zlkdatasys/audios/audio/20220412/16497682564773.wav"
        }
      ],
      "name": "原皮"
    },
    {
      "voice": [
        {
          "text": "向奥维达致敬！",
          "link": "//game.gtimg.cn/images/yxzj/zlkdatasys/audios/audio/20220412/16497683171069.wav"
        },
        {
          "text": "不介意自己是谁~",
          "link": "//game.gtimg.cn/images/yxzj/zlkdatasys/audios/audio/20220412/16497683297995.wav"
        },
        {
          "text": "她怎么叫我，我就叫什么名字~",
          "link": "//game.gtimg.cn/images/yxzj/zlkdatasys/audios/audio/20220412/16497683445898.wav"
        },
        {
          "text": "天气真好，让我继续飞快的跑。",
          "link": "//game.gtimg.cn/images/yxzj/zlkdatasys/audios/audio/20220412/16497683583625.wav"
        },
        {
          "text": "那只猫就像她主人那么可爱！",
          "link": "//game.gtimg.cn/images/yxzj/zlkdatasys/audios/audio/20220412/16497683701736.wav"
        },
        {
          "text": "什么香味儿？",
          "link": "//game.gtimg.cn/images/yxzj/zlkdatasys/audios/audio/20220412/16497683867013.wav"
        },
        {
          "text": "纯真得不到回报的世界……",
          "link": "//game.gtimg.cn/images/yxzj/zlkdatasys/audios/audio/20220412/16497684002480.wav"
        },
        {
          "text": "为什么今天不发粮！",
          "link": "//game.gtimg.cn/images/yxzj/zlkdatasys/audios/audio/20220412/16497684378747.wav"
        },
        {
          "text": "再陪我玩会儿吧~",
          "link": "//game.gtimg.cn/images/yxzj/zlkdatasys/audios/audio/20220412/16497684526657.wav"
        },
        {
          "text": "还没玩够呢！",
          "link": "//game.gtimg.cn/images/yxzj/zlkdatasys/audios/audio/20220412/16497684646902.wav"
        },
        {
          "text": "欺负我小猫的下场！",
          "link": "//game.gtimg.cn/images/yxzj/zlkdatasys/audios/audio/20220412/16497684772278.wav"
        },
        {
          "text": "小心我咬你~",
          "link": "//game.gtimg.cn/images/yxzj/zlkdatasys/audios/audio/20220412/16497684923096.wav"
        }
      ],
      "name": "猫狗日记"
    },
    {
      "voice": [
        {
          "text": "一些人想改变世界，而另一些人想守护她——所以我们跨越星河。",
          "link": "//game.gtimg.cn/images/yxzj/zlkdatasys/audios/audio/20220414/16499326849450.mp3"
        },
        {
          "text": "追踪目标——“魔神”机甲已标记，回收程序随时待命。",
          "link": "//game.gtimg.cn/images/yxzj/zlkdatasys/audios/audio/20220414/16499326948483.mp3"
        },
        {
          "text": "我们既是机甲，也是人类——新的未来，正在无限星光中闪烁！",
          "link": "//game.gtimg.cn/images/yxzj/zlkdatasys/audios/audio/20220414/16499327062564.mp3"
        },
        {
          "text": "毁灭与新生，总是并存。",
          "link": "//game.gtimg.cn/images/yxzj/zlkdatasys/audios/audio/20220412/16497686405613.wav"
        },
        {
          "text": "在银河系面前，我们还只是个孩子。",
          "link": "//game.gtimg.cn/images/yxzj/zlkdatasys/audios/audio/20220412/16497686548182.wav"
        },
        {
          "text": "不要惧怕风暴，它终将过去。",
          "link": "//game.gtimg.cn/images/yxzj/zlkdatasys/audios/audio/20220412/16497686674892.wav"
        },
        {
          "text": "当光无处不在，阴影就无所遁形。",
          "link": "//game.gtimg.cn/images/yxzj/zlkdatasys/audios/audio/20220412/16497686799930.wav"
        },
        {
          "text": "宇宙中的事，总是知道越多，不知也就越多。",
          "link": "//game.gtimg.cn/images/yxzj/zlkdatasys/audios/audio/20220412/16497686929865.wav"
        },
        {
          "text": "明天或许会变糟，但也可能更好，一切取决于现在。",
          "link": "//game.gtimg.cn/images/yxzj/zlkdatasys/audios/audio/20220412/16497687083744.wav"
        },
        {
          "text": "有人想获得永恒，可就连恒星，也不曾永恒。",
          "link": "//game.gtimg.cn/images/yxzj/zlkdatasys/audios/audio/20220412/16497687216060.wav"
        },
        {
          "text": "我们曾失去故乡，那样的景象，不会再重现。",
          "link": "//game.gtimg.cn/images/yxzj/zlkdatasys/audios/audio/20220412/16497687361955.wav"
        },
        {
          "text": "这座城市在吞噬我们的意志",
          "link": "//game.gtimg.cn/images/yxzj/zlkdatasys/audios/audio/20220412/16497687998555.wav"
        },
        {
          "text": "粒子对撞",
          "link": "//game.gtimg.cn/images/yxzj/zlkdatasys/audios/audio/20220412/16497688364373.wav"
        },
        {
          "text": "错误指令，清除",
          "link": "//game.gtimg.cn/images/yxzj/zlkdatasys/audios/audio/20220412/16497688729363.wav"
        },
        {
          "text": "推进器点火",
          "link": "//game.gtimg.cn/images/yxzj/zlkdatasys/audios/audio/20220412/16497688894333.wav"
        },
        {
          "text": "光速脉冲",
          "link": "//game.gtimg.cn/images/yxzj/zlkdatasys/audios/audio/20220412/16497689014895.wav"
        },
        {
          "text": "向太空前进",
          "link": "//game.gtimg.cn/images/yxzj/zlkdatasys/audios/audio/20220412/16497689141496.wav"
        },
        {
          "text": "调整轨道",
          "link": "//game.gtimg.cn/images/yxzj/zlkdatasys/audios/audio/20220412/16497689268801.wav"
        },
        {
          "text": "达到逃逸速度",
          "link": "//game.gtimg.cn/images/yxzj/zlkdatasys/audios/audio/20220412/16497689382345.wav"
        },
        {
          "text": "穿越银河",
          "link": "//game.gtimg.cn/images/yxzj/zlkdatasys/audios/audio/20220412/16497689504983.wav"
        },
        {
          "text": "你脑子里的代码，已经全乱了",
          "link": "//game.gtimg.cn/images/yxzj/zlkdatasys/audios/audio/20220412/16497689665645.wav"
        },
        {
          "text": "永别了，末日！",
          "link": "//game.gtimg.cn/images/yxzj/zlkdatasys/audios/audio/20220412/16497689951738.wav"
        },
        {
          "text": "星变的真相，就在这里。",
          "link": "//game.gtimg.cn/images/yxzj/zlkdatasys/audios/audio/20220415/16500154426428.mp3"
        },
        {
          "text": "就算忘却也没关系，你依旧是你，我依旧守护你。",
          "link": "//game.gtimg.cn/images/yxzj/zlkdatasys/audios/audio/20220412/16497691775217.wav"
        },
        {
          "text": "快跳出死循环，找回真正的你。",
          "link": "//game.gtimg.cn/images/yxzj/zlkdatasys/audios/audio/20220412/16497691966814.wav"
        }
      ],
      "name": "末日机甲"
    },
    {
      "voice": [
        {
          "text": "童话里说，王子披荆斩棘，寻找被囚禁的公主……",
          "link": "//game.gtimg.cn/images/yxzj/zlkdatasys/audios/audio/20220523/16532769542767.mp3"
        },
        {
          "text": "永不分离",
          "link": "//game.gtimg.cn/images/yxzj/zlkdatasys/audios/audio/20220523/16532769769299.mp3"
        },
        {
          "text": "清晨推开窗，在窗沿上发现一根青色羽毛。那是你么？",
          "link": "//game.gtimg.cn/images/yxzj/zlkdatasys/audios/audio/20220523/16532770044027.mp3"
        },
        {
          "text": "是我",
          "link": "//game.gtimg.cn/images/yxzj/zlkdatasys/audios/audio/20220523/16532772217945.mp3"
        },
        {
          "text": "王子不一定要娶公主，除非那个人由青鸟引路",
          "link": "//game.gtimg.cn/images/yxzj/zlkdatasys/audios/audio/20220523/16532771118523.mp3"
        },
        {
          "text": "原来是你",
          "link": "//game.gtimg.cn/images/yxzj/zlkdatasys/audios/audio/20220523/16532770923095.mp3"
        },
        {
          "text": "天空的孩子不该住在笼子里",
          "link": "//game.gtimg.cn/images/yxzj/zlkdatasys/audios/audio/20220520/16530401511496.wav"
        },
        {
          "text": "如果不出去看看，你会以为城堡就是全世界",
          "link": "//game.gtimg.cn/images/yxzj/zlkdatasys/audios/audio/20220520/16530403342846.wav"
        },
        {
          "text": "奇迹，源自守护她的心",
          "link": "//game.gtimg.cn/images/yxzj/zlkdatasys/audios/audio/20220520/16530403556778.wav"
        },
        {
          "text": "从每个不同的起点，奔向同一个你",
          "link": "//game.gtimg.cn/images/yxzj/zlkdatasys/audios/audio/20220520/16530403713488.wav"
        },
        {
          "text": "这是只属于我们的时刻",
          "link": "//game.gtimg.cn/images/yxzj/zlkdatasys/audios/audio/20220520/16530404318045.wav"
        },
        {
          "text": "命运偶尔也会开些美满的玩笑",
          "link": "//game.gtimg.cn/images/yxzj/zlkdatasys/audios/audio/20220520/16530404496293.wav"
        },
        {
          "text": "听说在世界尽头，相爱的人会获得永远",
          "link": "//game.gtimg.cn/images/yxzj/zlkdatasys/audios/audio/20220520/16530404624388.wav"
        },
        {
          "text": "逆风而行……",
          "link": "//game.gtimg.cn/images/yxzj/zlkdatasys/audios/audio/20220520/16530404836236.wav"
        },
        {
          "text": "去往下个起点……",
          "link": "//game.gtimg.cn/images/yxzj/zlkdatasys/audios/audio/20220520/16530404991028.wav"
        },
        {
          "text": "就算在天上，你也是只孤独的鸟儿",
          "link": "//game.gtimg.cn/images/yxzj/zlkdatasys/audios/audio/20220520/16530405199018.wav"
        },
        {
          "text": "谢谢你的贺礼~",
          "link": "//game.gtimg.cn/images/yxzj/zlkdatasys/audios/audio/20220520/16530405519697.wav"
        },
        {
          "text": "为爱而战！",
          "link": "//game.gtimg.cn/images/yxzj/zlkdatasys/audios/audio/20220520/16530405815853.wav"
        },
        {
          "text": "冲破囚笼！",
          "link": "//game.gtimg.cn/images/yxzj/zlkdatasys/audios/audio/20220520/16530405958467.wav"
        },
        {
          "text": "向着天空前进！",
          "link": "//game.gtimg.cn/images/yxzj/zlkdatasys/audios/audio/20220520/16530406159130.wav"
        },
        {
          "text": "直到世界尽头",
          "link": "//game.gtimg.cn/images/yxzj/zlkdatasys/audios/audio/20220520/16530406417856.wav"
        },
        {
          "text": "我听到了，那盛大的交响！",
          "link": "//game.gtimg.cn/images/yxzj/zlkdatasys/audios/audio/20220520/16530406601481.wav"
        },
        {
          "text": "没有人能阻挡爱的脚步！",
          "link": "//game.gtimg.cn/images/yxzj/zlkdatasys/audios/audio/20220520/16530406802027.wav"
        },
        {
          "text": "上马！随我来",
          "link": "//game.gtimg.cn/images/yxzj/zlkdatasys/audios/audio/20220520/16530407088702.wav"
        },
        {
          "text": "是时候出发了，迎接我的新娘~",
          "link": "//game.gtimg.cn/images/yxzj/zlkdatasys/audios/audio/20220520/16530407255585.wav"
        },
        {
          "text": "离你还有多少个朝夕？",
          "link": "//game.gtimg.cn/images/yxzj/zlkdatasys/audios/audio/20220520/16530407422224.wav"
        },
        {
          "text": "想去上次的森林看看花儿吗？",
          "link": "//game.gtimg.cn/images/yxzj/zlkdatasys/audios/audio/20220520/16530407551567.wav"
        },
        {
          "text": "你愿意嫁给我吗？",
          "link": "//game.gtimg.cn/images/yxzj/zlkdatasys/audios/audio/20220520/16530407727747.wav"
        },
        {
          "text": "收拾了头不请自来的恶龙，但愿没弄脏礼服",
          "link": "//game.gtimg.cn/images/yxzj/zlkdatasys/audios/audio/20220520/16530407914018.wav"
        }
      ],
      "name": "挚爱之约"
    },
    {
      "voice": [
        {
          "text": "固九州志业，筑万里封疆。",
          "link": "//game.gtimg.cn/images/yxzj/zlkdatasys/audios/audio/20240204/17070363276852.mp3"
        },
        {
          "text": "烽烟扫尽！",
          "link": "//game.gtimg.cn/images/yxzj/zlkdatasys/audios/audio/20240204/17070363488718.mp3"
        },
        {
          "text": "千秋为纪，关河永固。",
          "link": "//game.gtimg.cn/images/yxzj/zlkdatasys/audios/audio/20240204/17070363703178.mp3"
        },
        {
          "text": "承千秋之祐，聚万象为龙！",
          "link": "//game.gtimg.cn/images/yxzj/zlkdatasys/audios/audio/20240204/17070364785240.mp3"
        },
        {
          "text": "立中原，戍三边，执矛执殳，为国前驱。",
          "link": "//game.gtimg.cn/images/yxzj/zlkdatasys/audios/audio/20240204/17070365043582.mp3"
        },
        {
          "text": "愿得此身安社稷，守我河山日月明。",
          "link": "//game.gtimg.cn/images/yxzj/zlkdatasys/audios/audio/20240204/17070365303835.mp3"
        },
        {
          "text": "出其虚，避其实，谋定而后动，操奇而制胜！",
          "link": "//game.gtimg.cn/images/yxzj/zlkdatasys/audios/audio/20240204/17070365576873.mp3"
        },
        {
          "text": "火放上风，兵激烟下，锋刃所截，猋火所焚——敌寇，孰能当锋！（改编自《三国志·吴志·孙策传》）",
          "link": "//game.gtimg.cn/images/yxzj/zlkdatasys/audios/audio/20240204/17070365966313.mp3"
        },
        {
          "text": "尔等前无能争之锐，后无可应之兵，也敢狂言彼我胜败？",
          "link": "//game.gtimg.cn/images/yxzj/zlkdatasys/audios/audio/20240204/17070366237577.mp3"
        },
        {
          "text": "鸷鸟将击，卑飞敛翼；猛兽将搏，弭耳俯伏！（选自《六韬》）",
          "link": "//game.gtimg.cn/images/yxzj/zlkdatasys/audios/audio/20240204/17070366561297.mp3"
        },
        {
          "text": "九州万古英雄气，再一千秋亦凛然！",
          "link": "//game.gtimg.cn/images/yxzj/zlkdatasys/audios/audio/20240204/17070366826026.mp3"
        },
        {
          "text": "自古忠烈之志，有如传世星火，焰焰不绝，明光不灭。",
          "link": "//game.gtimg.cn/images/yxzj/zlkdatasys/audios/audio/20240204/17070367048332.mp3"
        },
        {
          "text": "大江非我梦……儿郎们，回舻，归家！",
          "link": "//game.gtimg.cn/images/yxzj/zlkdatasys/audios/audio/20240204/17070367316545.mp3"
        },
        {
          "text": "来，此战孰胜孰败？",
          "link": "//game.gtimg.cn/images/yxzj/zlkdatasys/audios/audio/20240204/17070367873056.mp3"
        },
        {
          "text": "两刃相割，利钝便知，尔等？纸上谈兵之辈。",
          "link": "//game.gtimg.cn/images/yxzj/zlkdatasys/audios/audio/20240204/17070368122690.mp3"
        },
        {
          "text": "斩山筑城！",
          "link": "//game.gtimg.cn/images/yxzj/zlkdatasys/audios/audio/20240204/17070368403833.mp3"
        },
        {
          "text": "烈火横江！",
          "link": "//game.gtimg.cn/images/yxzj/zlkdatasys/audios/audio/20240204/17070368596684.mp3"
        },
        {
          "text": "烽火誓涤荡！",
          "link": "//game.gtimg.cn/images/yxzj/zlkdatasys/audios/audio/20240204/17070368793663.mp3"
        },
        {
          "text": "善战者，有何不可！",
          "link": "//game.gtimg.cn/images/yxzj/zlkdatasys/audios/audio/20240204/17070369017982.mp3"
        },
        {
          "text": "此战，机不可失！",
          "link": "//game.gtimg.cn/images/yxzj/zlkdatasys/audios/audio/20240204/17070369206914.mp3"
        },
        {
          "text": "骏驰千里！",
          "link": "//game.gtimg.cn/images/yxzj/zlkdatasys/audios/audio/20240204/17070369418345.mp3"
        },
        {
          "text": "越渡重堑！",
          "link": "//game.gtimg.cn/images/yxzj/zlkdatasys/audios/audio/20240204/17070369613309.mp3"
        },
        {
          "text": "百战功成开太平！",
          "link": "//game.gtimg.cn/images/yxzj/zlkdatasys/audios/audio/20240204/17070369828664.mp3"
        },
        {
          "text": "来镇四方！",
          "link": "//game.gtimg.cn/images/yxzj/zlkdatasys/audios/audio/20240204/17070370012830.mp3"
        },
        {
          "text": "随我一战！",
          "link": "//game.gtimg.cn/images/yxzj/zlkdatasys/audios/audio/20240204/17070370214445.mp3"
        },
        {
          "text": "全军大捷，吾等当共饮此杯！",
          "link": "//game.gtimg.cn/images/yxzj/zlkdatasys/audios/audio/20240204/17070370415810.mp3"
        },
        {
          "text": "旌旗十万，大胜当归！",
          "link": "//game.gtimg.cn/images/yxzj/zlkdatasys/audios/audio/20240204/17070370652690.mp3"
        },
        {
          "text": "吾妹与吾占八斗！",
          "link": "//game.gtimg.cn/images/yxzj/zlkdatasys/audios/audio/20240204/17070370984183.mp3"
        },
        {
          "text": "那天，我对长星许愿，愿天上最亮的那颗，光耀万年。",
          "link": "//game.gtimg.cn/images/yxzj/zlkdatasys/audios/audio/20240204/17070371257650.mp3"
        },
        {
          "text": "你看，这不是梦。",
          "link": "//game.gtimg.cn/images/yxzj/zlkdatasys/audios/audio/20240204/17070371527773.mp3"
        },
        {
          "text": "世上英雄若无我，春秋写来多逊色～",
          "link": "//game.gtimg.cn/images/yxzj/zlkdatasys/audios/audio/20240204/17070371716900.mp3"
        },
        {
          "text": "倾囊相助无以为报，此战大胜我必记你首功！",
          "link": "//game.gtimg.cn/images/yxzj/zlkdatasys/audios/audio/20240204/17070371952667.mp3"
        },
        {
          "text": "多谢！吃便不吃了，此去戍鼓正急……若有饷金倒可拿些！",
          "link": "//game.gtimg.cn/images/yxzj/zlkdatasys/audios/audio/20240204/17070372194185.mp3"
        },
        {
          "text": "能与如此英雄共挫敌雠，痛快痛快！",
          "link": "//game.gtimg.cn/images/yxzj/zlkdatasys/audios/audio/20240204/17070372445022.mp3"
        },
        {
          "text": "所料不错！万里雄关即为坚盾，三军将士便是神兵！",
          "link": "//game.gtimg.cn/images/yxzj/zlkdatasys/audios/audio/20240204/17070372677962.mp3"
        }
      ],
      "name": "乘龙·淬吴钩"
    }
  ]
}
