{
  "data": [
    {
      "voice": [
        {
          "text": "叫我女王陛下！",
          "link": "//game.gtimg.cn/images/yxzj/zlkdatasys/audios/audio/20220411/16496580329627.wav"
        },
        {
          "text": "做女人难，做女帝更难。",
          "link": "//game.gtimg.cn/images/yxzj/zlkdatasys/audios/audio/20220411/16496580431280.wav"
        },
        {
          "text": "奉我为主！",
          "link": "//game.gtimg.cn/images/yxzj/zlkdatasys/audios/audio/20220411/16496580703535.wav"
        },
        {
          "text": "朕~很中意你！",
          "link": "//game.gtimg.cn/images/yxzj/zlkdatasys/audios/audio/20220411/16496580885430.wav"
        },
        {
          "text": "朕偶尔也想任性一把。",
          "link": "//game.gtimg.cn/images/yxzj/zlkdatasys/audios/audio/20220411/16496581025340.wav"
        },
        {
          "text": "普天之下，莫非王土。",
          "link": "//game.gtimg.cn/images/yxzj/zlkdatasys/audios/audio/20220411/16496582281384.wav"
        },
        {
          "text": "恩赐你们喜欢的死法！",
          "link": "//game.gtimg.cn/images/yxzj/zlkdatasys/audios/audio/20220411/16496582646936.wav"
        },
        {
          "text": "天下一统……",
          "link": "//game.gtimg.cn/images/yxzj/zlkdatasys/audios/audio/20220411/16496582947421.wav"
        },
        {
          "text": "踩到朕的裙子啦",
          "link": "//game.gtimg.cn/images/yxzj/zlkdatasys/audios/audio/20220411/16496583239196.wav"
        },
        {
          "text": "朕的敌人没有人权",
          "link": "//game.gtimg.cn/images/yxzj/zlkdatasys/audios/audio/20220411/16496593084218.wav"
        },
        {
          "text": "允",
          "link": "//game.gtimg.cn/images/yxzj/zlkdatasys/audios/audio/20220428/16511356677502.mp3"
        },
        {
          "text": "这里，你无须再干涉",
          "link": "//game.gtimg.cn/images/yxzj/zlkdatasys/audios/audio/20221109/16679863202910.mp3"
        },
        {
          "text": "上古的封印，果然无法困你多时",
          "link": "//game.gtimg.cn/images/yxzj/zlkdatasys/audios/audio/20221109/16679863399088.mp3"
        },
        {
          "text": "做你该做的事吧，老师",
          "link": "//game.gtimg.cn/images/yxzj/zlkdatasys/audios/audio/20221109/16679863551730.mp3"
        },
        {
          "text": "你护两仪门有功，要何赏赐？但说无妨。",
          "link": "//game.gtimg.cn/images/yxzj/zlkdatasys/audios/audio/20221129/16697155628011.mp3"
        },
        {
          "text": "一方安宁之地，多方云涌之时。",
          "link": "//game.gtimg.cn/images/yxzj/zlkdatasys/audios/audio/20221129/16697155865171.mp3"
        }
      ],
      "name": "原皮"
    },
    {
      "voice": [
        {
          "text": "这次要征服的，是陆地！",
          "link": "//game.gtimg.cn/images/yxzj/zlkdatasys/audios/audio/20220411/16496585175731.wav"
        },
        {
          "text": "潮水是我的触手~",
          "link": "//game.gtimg.cn/images/yxzj/zlkdatasys/audios/audio/20220411/16496585231059.wav"
        },
        {
          "text": "嘴上说不要，但你的眼睛很诚实嘛。",
          "link": "//game.gtimg.cn/images/yxzj/zlkdatasys/audios/audio/20220411/16496585387145.wav"
        },
        {
          "text": "恐惧吧，让我好好咀嚼这痛苦。",
          "link": "//game.gtimg.cn/images/yxzj/zlkdatasys/audios/audio/20220411/16496585934837.wav"
        },
        {
          "text": "身为女高音，每天都要吊嗓。啊~啊~啦~",
          "link": "//game.gtimg.cn/images/yxzj/zlkdatasys/audios/audio/20220411/16496586027599.wav"
        },
        {
          "text": "亚特兰蒂斯沉睡在海底，我却无法接近！",
          "link": "//game.gtimg.cn/images/yxzj/zlkdatasys/audios/audio/20220411/16496586074051.wav"
        },
        {
          "text": "音痴什么的！是对我最大的侮辱！",
          "link": "//game.gtimg.cn/images/yxzj/zlkdatasys/audios/audio/20220411/16496586318675.wav"
        },
        {
          "text": "水逆的一天。",
          "link": "//game.gtimg.cn/images/yxzj/zlkdatasys/audios/audio/20220411/16496587138157.wav"
        },
        {
          "text": "一波带走！",
          "link": "//game.gtimg.cn/images/yxzj/zlkdatasys/audios/audio/20220411/16496587468344.wav"
        },
        {
          "text": "浪起来~",
          "link": "//game.gtimg.cn/images/yxzj/zlkdatasys/audios/audio/20220411/16496587534652.wav"
        },
        {
          "text": "来点背景音乐吗？",
          "link": "//game.gtimg.cn/images/yxzj/zlkdatasys/audios/audio/20220411/16496587637199.wav"
        },
        {
          "text": "呵~洗掉你的鱼腥味",
          "link": "//game.gtimg.cn/images/yxzj/zlkdatasys/audios/audio/20220411/16496587904360.wav"
        },
        {
          "text": "去海底喂鱼吧",
          "link": "//game.gtimg.cn/images/yxzj/zlkdatasys/audios/audio/20220411/16496588142557.wav"
        },
        {
          "text": "淹死的都是会游泳的",
          "link": "//game.gtimg.cn/images/yxzj/zlkdatasys/audios/audio/20220411/16496588344823.wav"
        },
        {
          "text": "我的海底音乐会，还缺少观众哟~",
          "link": "//game.gtimg.cn/images/yxzj/zlkdatasys/audios/audio/20220411/16496588643279.wav"
        }
      ],
      "name": "海洋之心"
    },
    {
      "voice": [
        {
          "text": "诸天因我闪烁。",
          "link": "//game.gtimg.cn/images/yxzj/zlkdatasys/audios/audio/20220414/16499308839750.mp3"
        },
        {
          "text": "至高至美，亘古永恒。",
          "link": "//game.gtimg.cn/images/yxzj/zlkdatasys/audios/audio/20220414/16499308945372.mp3"
        },
        {
          "text": "天上寂静，万物谛听。",
          "link": "//game.gtimg.cn/images/yxzj/zlkdatasys/audios/audio/20220414/16499309058385.mp3"
        },
        {
          "text": "最终和最高的爱，存在于对终极神秘的发现中。",
          "link": "//game.gtimg.cn/images/yxzj/zlkdatasys/audios/audio/20220411/16496589634781.wav"
        },
        {
          "text": "文明的结局只有一种。",
          "link": "//game.gtimg.cn/images/yxzj/zlkdatasys/audios/audio/20220411/16496589723348.wav"
        },
        {
          "text": "就生命长度而言，你和你的同类没有区别。",
          "link": "//game.gtimg.cn/images/yxzj/zlkdatasys/audios/audio/20220411/16496589772997.wav"
        },
        {
          "text": "遥远星系的历史，只是不断重演。",
          "link": "//game.gtimg.cn/images/yxzj/zlkdatasys/audios/audio/20220411/16496589863383.wav"
        },
        {
          "text": "众神以无尽循环的因果，启示个体终将而至的命运。",
          "link": "//game.gtimg.cn/images/yxzj/zlkdatasys/audios/audio/20220411/16496589943074.wav"
        },
        {
          "text": "不可认识自己……",
          "link": "//game.gtimg.cn/images/yxzj/zlkdatasys/audios/audio/20220411/16496590182985.wav"
        },
        {
          "text": "再退，就是深渊了。",
          "link": "//game.gtimg.cn/images/yxzj/zlkdatasys/audios/audio/20220411/16496590443664.wav"
        },
        {
          "text": "璀璨的巡礼！",
          "link": "//game.gtimg.cn/images/yxzj/zlkdatasys/audios/audio/20220411/16496590529747.wav"
        },
        {
          "text": "万千星海，等是尘埃。",
          "link": "//game.gtimg.cn/images/yxzj/zlkdatasys/audios/audio/20220411/16496590792935.wav"
        },
        {
          "text": "来啊，辉映众生！",
          "link": "//game.gtimg.cn/images/yxzj/zlkdatasys/audios/audio/20220411/16496591642288.wav"
        },
        {
          "text": "赐你无望之爱。",
          "link": "//game.gtimg.cn/images/yxzj/zlkdatasys/audios/audio/20220411/16496592244187.wav"
        },
        {
          "text": "蜉蝣朝生暮死，也敢与天搏命？你，很有勇气。",
          "link": "//game.gtimg.cn/images/yxzj/zlkdatasys/audios/audio/20220411/16496592578763.wav"
        },
        {
          "text": "众生常因不了解而崇拜~",
          "link": "//game.gtimg.cn/images/yxzj/zlkdatasys/audios/audio/20220411/16496592729516.wav"
        }
      ],
      "name": "倪克斯神谕"
    },
    {
      "voice": [
        {
          "text": "镇邪魔，守太平。",
          "link": "//game.gtimg.cn/images/yxzj/zlkdatasys/audios/audio/20230216/16765289662122.mp3"
        },
        {
          "text": "吾为永宁之主，岂惧死生祸福？",
          "link": "//game.gtimg.cn/images/yxzj/zlkdatasys/audios/audio/20230215/16764430345637.mp3"
        },
        {
          "text": "人非蝼蚁，心非木石。",
          "link": "//game.gtimg.cn/images/yxzj/zlkdatasys/audios/audio/20230215/16764431604618.mp3"
        },
        {
          "text": "吾之子民，不必仰望听天，无需俯身问地。",
          "link": "//game.gtimg.cn/images/yxzj/zlkdatasys/audios/audio/20230215/16764434868723.mp3"
        },
        {
          "text": "神器有灵，必择明主而相助。",
          "link": "//game.gtimg.cn/images/yxzj/zlkdatasys/audios/audio/20230215/16764435175896.mp3"
        },
        {
          "text": "贪得一夕之安，终遗无穷之害。",
          "link": "//game.gtimg.cn/images/yxzj/zlkdatasys/audios/audio/20230215/16764435591271.mp3"
        },
        {
          "text": "避之不如治之，治之方能破之！",
          "link": "//game.gtimg.cn/images/yxzj/zlkdatasys/audios/audio/20230215/16764435866619.mp3"
        },
        {
          "text": "神佑此都，吾今续之，岂有相弃之理？",
          "link": "//game.gtimg.cn/images/yxzj/zlkdatasys/audios/audio/20230215/16764436111458.mp3"
        },
        {
          "text": "千秋功过任评说！",
          "link": "//game.gtimg.cn/images/yxzj/zlkdatasys/audios/audio/20230215/16764437303193.mp3"
        },
        {
          "text": "顺则昌，逆则亡。",
          "link": "//game.gtimg.cn/images/yxzj/zlkdatasys/audios/audio/20230215/16764437669864.mp3"
        },
        {
          "text": "危我山河者，诛！",
          "link": "//game.gtimg.cn/images/yxzj/zlkdatasys/audios/audio/20230215/16764437932230.mp3"
        },
        {
          "text": "大道之行，犹日月。",
          "link": "//game.gtimg.cn/images/yxzj/zlkdatasys/audios/audio/20230215/16764438204784.mp3"
        },
        {
          "text": "方寸亦山河！",
          "link": "//game.gtimg.cn/images/yxzj/zlkdatasys/audios/audio/20230215/16764438653835.mp3"
        },
        {
          "text": "诸邪勿近！",
          "link": "//game.gtimg.cn/images/yxzj/zlkdatasys/audios/audio/20230215/16764438985005.mp3"
        },
        {
          "text": "吾佑世间永宁！",
          "link": "//game.gtimg.cn/images/yxzj/zlkdatasys/audios/audio/20230215/16764439274584.mp3"
        },
        {
          "text": "威加宇内，辉烁古今！",
          "link": "//game.gtimg.cn/images/yxzj/zlkdatasys/audios/audio/20230215/16764439469350.mp3"
        },
        {
          "text": "覆天载地！",
          "link": "//game.gtimg.cn/images/yxzj/zlkdatasys/audios/audio/20230215/16764439654538.mp3"
        },
        {
          "text": "长夜未央，得狄卿相助，甚欣甚慰。",
          "link": "//game.gtimg.cn/images/yxzj/zlkdatasys/audios/audio/20230215/16764440099061.mp3"
        },
        {
          "text": "狄卿可闻请立记功碑之事，吾佑此间，所求岂在一名之功？",
          "link": "//game.gtimg.cn/images/yxzj/zlkdatasys/audios/audio/20230215/16764441013663.mp3"
        },
        {
          "text": "赠卿此物已逾十载，既然残破，何不置新？",
          "link": "//game.gtimg.cn/images/yxzj/zlkdatasys/audios/audio/20230215/16764441736401.mp3"
        },
        {
          "text": "今日天地已无尘，明月可鉴，卿有何愿？",
          "link": "//game.gtimg.cn/images/yxzj/zlkdatasys/audios/audio/20230215/16764442426700.mp3"
        },
        {
          "text": "千年魔患，何以涤除？",
          "link": "//game.gtimg.cn/images/yxzj/zlkdatasys/audios/audio/20230215/16764442759575.mp3"
        },
        {
          "text": "当此用人之际，望众卿大展雄才，切莫畏居庭下。",
          "link": "//game.gtimg.cn/images/yxzj/zlkdatasys/audios/audio/20230215/16764445416719.mp3"
        },
        {
          "text": "苍冥为鉴，厚土相证——既生此间，定清诸邪！",
          "link": "//game.gtimg.cn/images/yxzj/zlkdatasys/audios/audio/20230216/16765290355831.mp3"
        },
        {
          "text": "立廊庙以定风雨，燃明焰以荡尘污——日居月诸，照临下土！",
          "link": "//game.gtimg.cn/images/yxzj/zlkdatasys/audios/audio/20230216/16765290686381.mp3"
        },
        {
          "text": "众卿平身。",
          "link": "//game.gtimg.cn/images/yxzj/zlkdatasys/audios/audio/20230215/16764533591042.mp3"
        }
      ],
      "name": "神器·明辉仪"
    }
  ]
}
