{
  "data": [
    {
      "voice": [
        {
          "text": "独眼是男人的浪漫！",
          "link": "//game.gtimg.cn/images/yxzj/zlkdatasys/audios/audio/20220413/16498156614280.wav"
        },
        {
          "text": "大干一场！",
          "link": "//game.gtimg.cn/images/yxzj/zlkdatasys/audios/audio/20220413/16498156755716.wav"
        },
        {
          "text": "没错！俺就是呼唤胜利的男神！",
          "link": "//game.gtimg.cn/images/yxzj/zlkdatasys/audios/audio/20220413/16498156873760.wav"
        },
        {
          "text": "看你不爽，来决斗吧！",
          "link": "//game.gtimg.cn/images/yxzj/zlkdatasys/audios/audio/20220413/16498157012750.wav"
        },
        {
          "text": "魅力也是实力的一部分。",
          "link": "//game.gtimg.cn/images/yxzj/zlkdatasys/audios/audio/20220413/16498157127615.wav"
        },
        {
          "text": "软弱的家伙，不适合这个战场。",
          "link": "//game.gtimg.cn/images/yxzj/zlkdatasys/audios/audio/20220413/16498157262535.wav"
        },
        {
          "text": "随心所欲，这是俺的人生信条。",
          "link": "//game.gtimg.cn/images/yxzj/zlkdatasys/audios/audio/20220413/16498157395457.wav"
        },
        {
          "text": "看，这就是战争。哈哈哈哈！",
          "link": "//game.gtimg.cn/images/yxzj/zlkdatasys/audios/audio/20220413/16498157538169.wav"
        },
        {
          "text": "哟，来战！",
          "link": "//game.gtimg.cn/images/yxzj/zlkdatasys/audios/audio/20220413/16498157735360.wav"
        },
        {
          "text": "不费吹灰之力！",
          "link": "//game.gtimg.cn/images/yxzj/zlkdatasys/audios/audio/20220413/16498157871946.wav"
        },
        {
          "text": "哈哈！完胜！",
          "link": "//game.gtimg.cn/images/yxzj/zlkdatasys/audios/audio/20220413/16498158026582.wav"
        },
        {
          "text": "你胸前绽放的，是象征俺热情的红玫瑰！",
          "link": "//game.gtimg.cn/images/yxzj/zlkdatasys/audios/audio/20220413/16498158163229.wav"
        }
      ],
      "name": "原皮"
    },
    {
      "voice": [
        {
          "text": "演绎极限的定义！",
          "link": "//game.gtimg.cn/images/yxzj/zlkdatasys/audios/audio/20220413/16498158846667.mp3"
        },
        {
          "text": "别低估大海，别高估恐惧",
          "link": "//game.gtimg.cn/images/yxzj/zlkdatasys/audios/audio/20220413/16498158973279.mp3"
        },
        {
          "text": "感受到俺的帅气了吗？这就对了",
          "link": "//game.gtimg.cn/images/yxzj/zlkdatasys/audios/audio/20220413/16498159101932.mp3"
        },
        {
          "text": "自由的心，放飞在风口浪尖",
          "link": "//game.gtimg.cn/images/yxzj/zlkdatasys/audios/audio/20220413/16498159283142.mp3"
        },
        {
          "text": "对海的诱惑缺乏抵抗力",
          "link": "//game.gtimg.cn/images/yxzj/zlkdatasys/audios/audio/20220413/16498159416476.mp3"
        },
        {
          "text": "生活和滔天巨浪，都鞠躬于弄潮儿的冲浪板",
          "link": "//game.gtimg.cn/images/yxzj/zlkdatasys/audios/audio/20220413/16498159543846.mp3"
        },
        {
          "text": "有种无可奈何叫崇拜者太多",
          "link": "//game.gtimg.cn/images/yxzj/zlkdatasys/audios/audio/20220413/16498159698015.mp3"
        },
        {
          "text": "飞越鲨鱼群的头顶，可不是人人都能有的体验",
          "link": "//game.gtimg.cn/images/yxzj/zlkdatasys/audios/audio/20220413/16498159829690.mp3"
        },
        {
          "text": "失手……",
          "link": "//game.gtimg.cn/images/yxzj/zlkdatasys/audios/audio/20220413/16498159987257.wav"
        },
        {
          "text": "你犯了个技术错误",
          "link": "//game.gtimg.cn/images/yxzj/zlkdatasys/audios/audio/20220413/16498160241089.wav"
        },
        {
          "text": "嘿，瞧你这笨拙的姿势，把大海当浴缸了吗？",
          "link": "//game.gtimg.cn/images/yxzj/zlkdatasys/audios/audio/20220413/16498160379165.mp3"
        }
      ],
      "name": "乘风破浪"
    },
    {
      "voice": [
        {
          "text": "世界终端，冷酷心脏。",
          "link": "//game.gtimg.cn/images/yxzj/zlkdatasys/audios/audio/20220413/16498160784595.wav"
        },
        {
          "text": "为了至高与无限！",
          "link": "//game.gtimg.cn/images/yxzj/zlkdatasys/audios/audio/20220413/16498160918169.wav"
        },
        {
          "text": "灾难，始于一次断言。",
          "link": "//game.gtimg.cn/images/yxzj/zlkdatasys/audios/audio/20220413/16498161033293.wav"
        },
        {
          "text": "见过我的同伴么？",
          "link": "//game.gtimg.cn/images/yxzj/zlkdatasys/audios/audio/20220413/16498161161409.wav"
        },
        {
          "text": "总有善于给自己制造危险的种族。",
          "link": "//game.gtimg.cn/images/yxzj/zlkdatasys/audios/audio/20220413/16498161281268.wav"
        },
        {
          "text": "战争长于生命，但有些东西长于战争。",
          "link": "//game.gtimg.cn/images/yxzj/zlkdatasys/audios/audio/20220413/16498161414031.wav"
        },
        {
          "text": "他们擅长制造几何形的痛苦。",
          "link": "//game.gtimg.cn/images/yxzj/zlkdatasys/audios/audio/20220413/16498161536602.wav"
        },
        {
          "text": "毁灭，不同于腐朽。",
          "link": "//game.gtimg.cn/images/yxzj/zlkdatasys/audios/audio/20220413/16498161707139.wav"
        },
        {
          "text": "一刀两断！",
          "link": "//game.gtimg.cn/images/yxzj/zlkdatasys/audios/audio/20220413/16498161847724.wav"
        },
        {
          "text": "绝对征服！",
          "link": "//game.gtimg.cn/images/yxzj/zlkdatasys/audios/audio/20220413/16498161984396.wav"
        },
        {
          "text": "飓风无限！",
          "link": "//game.gtimg.cn/images/yxzj/zlkdatasys/audios/audio/20220413/16498162102468.wav"
        },
        {
          "text": "飓风号，重启。",
          "link": "//game.gtimg.cn/images/yxzj/zlkdatasys/audios/audio/20220413/16498162248905.wav"
        },
        {
          "text": "服从第四定律。",
          "link": "//game.gtimg.cn/images/yxzj/zlkdatasys/audios/audio/20220413/16498162444717.wav"
        },
        {
          "text": "无知者，过来！",
          "link": "//game.gtimg.cn/images/yxzj/zlkdatasys/audios/audio/20220413/16498162575187.wav"
        }
      ],
      "name": "无限飓风号"
    },
    {
      "voice": [
        {
          "text": "警惕不属于自己的力量，除非，你像我一样强大。",
          "link": "//game.gtimg.cn/images/yxzj/zlkdatasys/audios/audio/20220523/16532773583078.mp3"
        },
        {
          "text": "与恐惧搏斗，与黑夜同行。",
          "link": "//game.gtimg.cn/images/yxzj/zlkdatasys/audios/audio/20220523/16532773707396.mp3"
        },
        {
          "text": "最强劲的刀刃，挥向过去的自己。",
          "link": "//game.gtimg.cn/images/yxzj/zlkdatasys/audios/audio/20220523/16532773798219.mp3"
        },
        {
          "text": "光，也有它的影子。",
          "link": "//game.gtimg.cn/images/yxzj/zlkdatasys/audios/audio/20220520/16530424274430.wav"
        },
        {
          "text": "格斗的公平，在于后果自负。",
          "link": "//game.gtimg.cn/images/yxzj/zlkdatasys/audios/audio/20220520/16530424414226.wav"
        },
        {
          "text": "记住这儿的规矩——不问成员的来处，不问赏金的去处。",
          "link": "//game.gtimg.cn/images/yxzj/zlkdatasys/audios/audio/20220520/16530424563782.wav"
        },
        {
          "text": "战斗，存活……然后继续下一场战斗！",
          "link": "//game.gtimg.cn/images/yxzj/zlkdatasys/audios/audio/20220520/16530424711798.wav"
        },
        {
          "text": "危险，藏在看似捷径的路上。",
          "link": "//game.gtimg.cn/images/yxzj/zlkdatasys/audios/audio/20220520/16530424981745.wav"
        },
        {
          "text": "忘掉伤口与荣光，还有更重要的事等着我们。",
          "link": "//game.gtimg.cn/images/yxzj/zlkdatasys/audios/audio/20220520/16530425186388.wav"
        },
        {
          "text": "后退？那是再次出击的铺垫",
          "link": "//game.gtimg.cn/images/yxzj/zlkdatasys/audios/audio/20220520/16530425341619.wav"
        },
        {
          "text": "胜者通吃！",
          "link": "//game.gtimg.cn/images/yxzj/zlkdatasys/audios/audio/20220520/16530425532970.wav"
        },
        {
          "text": "既是后盾，又是前锋！",
          "link": "//game.gtimg.cn/images/yxzj/zlkdatasys/audios/audio/20220520/16530425716192.wav"
        },
        {
          "text": "我好像……没在冠军榜上见过你啊",
          "link": "//game.gtimg.cn/images/yxzj/zlkdatasys/audios/audio/20220520/16530425908701.wav"
        },
        {
          "text": "突破极限！",
          "link": "//game.gtimg.cn/images/yxzj/zlkdatasys/audios/audio/20220520/16530426374612.wav"
        },
        {
          "text": "铭记为何而战！",
          "link": "//game.gtimg.cn/images/yxzj/zlkdatasys/audios/audio/20220520/16530426501279.wav"
        },
        {
          "text": "制霸擂台！",
          "link": "//game.gtimg.cn/images/yxzj/zlkdatasys/audios/audio/20220520/16530426637270.wav"
        },
        {
          "text": "谁是赛场之王！",
          "link": "//game.gtimg.cn/images/yxzj/zlkdatasys/audios/audio/20220520/16530426767228.wav"
        },
        {
          "text": "即兴登场！",
          "link": "//game.gtimg.cn/images/yxzj/zlkdatasys/audios/audio/20220520/16530426893394.wav"
        },
        {
          "text": "一击决胜！",
          "link": "//game.gtimg.cn/images/yxzj/zlkdatasys/audios/audio/20220520/16530427015684.wav"
        },
        {
          "text": "准备好，这次的目标是一打五！",
          "link": "//game.gtimg.cn/images/yxzj/zlkdatasys/audios/audio/20220520/16530427168152.wav"
        },
        {
          "text": "像我们这种人，哪有什么值得记录的过去",
          "link": "//game.gtimg.cn/images/yxzj/zlkdatasys/audios/audio/20220520/16530427908135.wav"
        },
        {
          "text": "第一次正式行动前，是不是缺了点热身环节？",
          "link": "//game.gtimg.cn/images/yxzj/zlkdatasys/audios/audio/20220520/16530428061388.wav"
        }
      ],
      "name": "匿光决锋者"
    }
  ]
}