{
  "data": [
    {
      "voice": [
        {
          "text": "祈祷无用，战争有理",
          "link": "//game.gtimg.cn/images/yxzj/zlkdatasys/audios/audio/20220412/16497586278242.wav"
        },
        {
          "text": "正视你的邪恶！",
          "link": "//game.gtimg.cn/images/yxzj/zlkdatasys/audios/audio/20220412/16497586438132.wav"
        },
        {
          "text": "五小强，曾为她所驱使的五名斗士的合称。",
          "link": "//game.gtimg.cn/images/yxzj/zlkdatasys/audios/audio/20220412/16497586647198.wav"
        },
        {
          "text": "荒芜和收割的季节！",
          "link": "//game.gtimg.cn/images/yxzj/zlkdatasys/audios/audio/20220412/16497586879534.wav"
        },
        {
          "text": "不要踏入禁域，她会生气！",
          "link": "//game.gtimg.cn/images/yxzj/zlkdatasys/audios/audio/20220412/16497587044517.wav"
        },
        {
          "text": "使用过的招数，第二次就不灵了！",
          "link": "//game.gtimg.cn/images/yxzj/zlkdatasys/audios/audio/20220412/16497587207033.wav"
        },
        {
          "text": "畏惧信仰~畏惧力量~",
          "link": "//game.gtimg.cn/images/yxzj/zlkdatasys/audios/audio/20220412/16497587344593.wav"
        },
        {
          "text": "腐朽的心，因她而跳动",
          "link": "//game.gtimg.cn/images/yxzj/zlkdatasys/audios/audio/20220412/16497587492544.wav"
        },
        {
          "text": "我将不朽",
          "link": "//game.gtimg.cn/images/yxzj/zlkdatasys/audios/audio/20220412/16497587876575.wav"
        },
        {
          "text": "委身于时光，制裁以死亡",
          "link": "//game.gtimg.cn/images/yxzj/zlkdatasys/audios/audio/20220412/16497588067269.mp3"
        },
        {
          "text": "破碎生命，提醒你们忘却的记忆",
          "link": "//game.gtimg.cn/images/yxzj/zlkdatasys/audios/audio/20220412/16497588238498.mp3"
        },
        {
          "text": "我，雅典娜，绝对的信仰。",
          "link": "//game.gtimg.cn/images/yxzj/zlkdatasys/audios/audio/20220412/16497588399374.mp3"
        },
        {
          "text": "我的岁月，尚未远去。",
          "link": "//game.gtimg.cn/images/yxzj/zlkdatasys/audios/audio/20220412/16497588558962.mp3"
        },
        {
          "text": "雅典娜……托付给你了……",
          "link": "//game.gtimg.cn/images/yxzj/zlkdatasys/audios/audio/20220412/16497588815907.wav"
        },
        {
          "text": "被侵蚀了",
          "link": "//game.gtimg.cn/images/yxzj/zlkdatasys/audios/audio/20220412/16497589466287.wav"
        },
        {
          "text": "异端！",
          "link": "//game.gtimg.cn/images/yxzj/zlkdatasys/audios/audio/20220412/16497589721716.wav"
        },
        {
          "text": "信仰的敌人！",
          "link": "//game.gtimg.cn/images/yxzj/zlkdatasys/audios/audio/20220412/16497589859156.wav"
        },
        {
          "text": "止步吧，罪人！",
          "link": "//game.gtimg.cn/images/yxzj/zlkdatasys/audios/audio/20220412/16497590032499.wav"
        },
        {
          "text": "追赶胜利",
          "link": "//game.gtimg.cn/images/yxzj/zlkdatasys/audios/audio/20220412/16497590249298.wav"
        },
        {
          "text": "腐朽在深渊中",
          "link": "//game.gtimg.cn/images/yxzj/zlkdatasys/audios/audio/20220412/16497590386878.wav"
        },
        {
          "text": "我是谁！告诉我！",
          "link": "//game.gtimg.cn/images/yxzj/zlkdatasys/audios/audio/20220412/16497590563158.wav"
        },
        {
          "text": "她在庇佑我！",
          "link": "//game.gtimg.cn/images/yxzj/zlkdatasys/audios/audio/20220412/16497590749370.wav"
        },
        {
          "text": "她在呼唤胜利！",
          "link": "//game.gtimg.cn/images/yxzj/zlkdatasys/audios/audio/20220412/16497590862661.wav"
        },
        {
          "text": "恐惧盘旋",
          "link": "//game.gtimg.cn/images/yxzj/zlkdatasys/audios/audio/20220412/16497591028650.wav"
        },
        {
          "text": "愚蠢的人类",
          "link": "//game.gtimg.cn/images/yxzj/zlkdatasys/audios/audio/20220412/16497591174349.wav"
        },
        {
          "text": "学会谦卑！",
          "link": "//game.gtimg.cn/images/yxzj/zlkdatasys/audios/audio/20220412/16497591343839.wav"
        },
        {
          "text": "掐灭你的小宇宙。",
          "link": "//game.gtimg.cn/images/yxzj/zlkdatasys/audios/audio/20220412/16497591504312.wav"
        },
        {
          "text": "当弱者燃烧小宇宙，制造出的只有污染和雾霾！",
          "link": "//game.gtimg.cn/images/yxzj/zlkdatasys/audios/audio/20220412/16497592087835.wav"
        },
        {
          "text": "保持清醒，才不会妄下决断",
          "link": "//game.gtimg.cn/images/yxzj/zlkdatasys/audios/audio/20221109/16679866403510.mp3"
        }
      ],
      "name": "原皮"
    },
    {
      "voice": [
        {
          "text": "欲戴王冠，必承其重",
          "link": "//game.gtimg.cn/images/yxzj/zlkdatasys/audios/audio/20220412/16497628563736.wav"
        },
        {
          "text": "极北的公主，凛冬之海的统治者。",
          "link": "//game.gtimg.cn/images/yxzj/zlkdatasys/audios/audio/20220412/16497628761155.mp3"
        },
        {
          "text": "冬天来了，春天还会远吗？",
          "link": "//game.gtimg.cn/images/yxzj/zlkdatasys/audios/audio/20220412/16497628955534.wav"
        },
        {
          "text": "将昏睡的大地冻醒！",
          "link": "//game.gtimg.cn/images/yxzj/zlkdatasys/audios/audio/20220412/16497629172907.wav"
        },
        {
          "text": "暴风雪既是破坏者，也是守护者",
          "link": "//game.gtimg.cn/images/yxzj/zlkdatasys/audios/audio/20220412/16497629523436.wav"
        },
        {
          "text": "等待我的王国复苏",
          "link": "//game.gtimg.cn/images/yxzj/zlkdatasys/audios/audio/20220412/16497629697511.wav"
        },
        {
          "text": "以暴风雪的名义，起誓恒久的守卫！",
          "link": "//game.gtimg.cn/images/yxzj/zlkdatasys/audios/audio/20220412/16497629826907.mp3"
        },
        {
          "text": "警惕北风的无常！",
          "link": "//game.gtimg.cn/images/yxzj/zlkdatasys/audios/audio/20220412/16497629964224.wav"
        },
        {
          "text": "修筑起冰的城墙 对抗异鬼的王者",
          "link": "//game.gtimg.cn/images/yxzj/zlkdatasys/audios/audio/20220412/16497630198527.mp3"
        },
        {
          "text": "修筑起冰的城墙 对抗异鬼的战士",
          "link": "//game.gtimg.cn/images/yxzj/zlkdatasys/audios/audio/20220412/16497630326823.mp3"
        },
        {
          "text": "我的骑士，一去不回。",
          "link": "//game.gtimg.cn/images/yxzj/zlkdatasys/audios/audio/20220412/16497630479554.wav"
        },
        {
          "text": "春天，将于黎明同至。",
          "link": "//game.gtimg.cn/images/yxzj/zlkdatasys/audios/audio/20220412/16497630605102.wav"
        },
        {
          "text": "冰王座真的很冷，男人们却抢的头破血流。",
          "link": "//game.gtimg.cn/images/yxzj/zlkdatasys/audios/audio/20220412/16497630823999.mp3"
        },
        {
          "text": "坚守，因为相信他会归来。",
          "link": "//game.gtimg.cn/images/yxzj/zlkdatasys/audios/audio/20220412/16497630969164.mp3"
        },
        {
          "text": "融化了……",
          "link": "//game.gtimg.cn/images/yxzj/zlkdatasys/audios/audio/20220412/16497631144852.wav"
        },
        {
          "text": "国土，寸步不让！",
          "link": "//game.gtimg.cn/images/yxzj/zlkdatasys/audios/audio/20220412/16497631358784.wav"
        },
        {
          "text": "号角宣告反击的时刻！",
          "link": "//game.gtimg.cn/images/yxzj/zlkdatasys/audios/audio/20220412/16497631509837.wav"
        },
        {
          "text": "无法容忍你将我忘却",
          "link": "//game.gtimg.cn/images/yxzj/zlkdatasys/audios/audio/20220412/16497631667166.wav"
        },
        {
          "text": "面对面也不能相识吗",
          "link": "//game.gtimg.cn/images/yxzj/zlkdatasys/audios/audio/20220412/16497631819104.wav"
        },
        {
          "text": "冰封的棺材！",
          "link": "//game.gtimg.cn/images/yxzj/zlkdatasys/audios/audio/20220412/16497631968313.wav"
        },
        {
          "text": "看来你不光手脚，连头脑都被冻得僵硬。",
          "link": "//game.gtimg.cn/images/yxzj/zlkdatasys/audios/audio/20220412/16497632251056.mp3"
        }
      ],
      "name": "冰冠公主"
    },
    {
      "voice": [
        {
          "text": "我就是天堂岛的戴安娜公主",
          "link": "//game.gtimg.cn/images/yxzj/zlkdatasys/audios/audio/20220412/16497639417121.wav"
        },
        {
          "text": "我的命运由我自己决定",
          "link": "//game.gtimg.cn/images/yxzj/zlkdatasys/audios/audio/20220412/16497639543986.wav"
        },
        {
          "text": "必须珍惜神的恩赐",
          "link": "//game.gtimg.cn/images/yxzj/zlkdatasys/audios/audio/20220412/16497639679506.wav"
        },
        {
          "text": "众神向我露出了微笑",
          "link": "//game.gtimg.cn/images/yxzj/zlkdatasys/audios/audio/20220412/16497639802563.wav"
        },
        {
          "text": "难道我就找不到对手了吗？",
          "link": "//game.gtimg.cn/images/yxzj/zlkdatasys/audios/audio/20220412/16497640003447.wav"
        },
        {
          "text": "拨乱反正就是我的使命",
          "link": "//game.gtimg.cn/images/yxzj/zlkdatasys/audios/audio/20220412/16497640177560.wav"
        },
        {
          "text": "我的力量无穷无尽",
          "link": "//game.gtimg.cn/images/yxzj/zlkdatasys/audios/audio/20220412/16497640311855.wav"
        },
        {
          "text": "众神指引着我",
          "link": "//game.gtimg.cn/images/yxzj/zlkdatasys/audios/audio/20220412/16497640453787.wav"
        },
        {
          "text": "家是如此的遥远",
          "link": "//game.gtimg.cn/images/yxzj/zlkdatasys/audios/audio/20220412/16497641852452.wav"
        },
        {
          "text": "你逃不出我的手掌心！",
          "link": "//game.gtimg.cn/images/yxzj/zlkdatasys/audios/audio/20220412/16497642612371.wav"
        },
        {
          "text": "屈服吧！",
          "link": "//game.gtimg.cn/images/yxzj/zlkdatasys/audios/audio/20220412/16497643065110.wav"
        },
        {
          "text": "你不是亚马逊人的对手！",
          "link": "//game.gtimg.cn/images/yxzj/zlkdatasys/audios/audio/20220412/16497643721109.wav"
        },
        {
          "text": "你的邪恶将在此刻终结！",
          "link": "//game.gtimg.cn/images/yxzj/zlkdatasys/audios/audio/20220412/16497644122834.wav"
        },
        {
          "text": "亚马逊最弱的战士都比你强一百倍！",
          "link": "//game.gtimg.cn/images/yxzj/zlkdatasys/audios/audio/20220412/16497644522959.wav"
        }
      ],
      "name": "神奇女侠"
    },
    {
      "voice": [
        {
          "text": "不灭的意志，为信念而生！",
          "link": "//game.gtimg.cn/images/yxzj/zlkdatasys/audios/audio/20220415/16499877866538.mp3"
        },
        {
          "text": "我来，我见，我守望！",
          "link": "//game.gtimg.cn/images/yxzj/zlkdatasys/audios/audio/20220415/16499877979547.mp3"
        },
        {
          "text": "你若心怀信念，我必并肩同行！",
          "link": "//game.gtimg.cn/images/yxzj/zlkdatasys/audios/audio/20220415/16499878246530.mp3"
        },
        {
          "text": "战斗至最后一刻，是勇士的荣光！",
          "link": "//game.gtimg.cn/images/yxzj/zlkdatasys/audios/audio/20220413/16498310727866.mp3"
        },
        {
          "text": "敬重死亡，但绝不畏惧。",
          "link": "//game.gtimg.cn/images/yxzj/zlkdatasys/audios/audio/20220413/16498311945243.wav"
        },
        {
          "text": "责任，是担负，而不是束缚。",
          "link": "//game.gtimg.cn/images/yxzj/zlkdatasys/audios/audio/20220413/16498312196945.wav"
        },
        {
          "text": "不朽的生命，肩负恒等的职责！",
          "link": "//game.gtimg.cn/images/yxzj/zlkdatasys/audios/audio/20220413/16498312392841.mp3"
        },
        {
          "text": "千万年前，你们的祖先同你们一样勇敢。",
          "link": "//game.gtimg.cn/images/yxzj/zlkdatasys/audios/audio/20220413/16498312582472.mp3"
        },
        {
          "text": "无垠的寂静中，谁在呼唤我？",
          "link": "//game.gtimg.cn/images/yxzj/zlkdatasys/audios/audio/20220413/16498312824199.mp3"
        },
        {
          "text": "重造神躯，需要另一种神力。",
          "link": "//game.gtimg.cn/images/yxzj/zlkdatasys/audios/audio/20220413/16498313166225.mp3"
        },
        {
          "text": "过往的亿万次毁灭，成就这一次重生。",
          "link": "//game.gtimg.cn/images/yxzj/zlkdatasys/audios/audio/20220413/16498313406344.mp3"
        },
        {
          "text": "相约下一次黎明！",
          "link": "//game.gtimg.cn/images/yxzj/zlkdatasys/audios/audio/20220413/16498313595213.wav"
        },
        {
          "text": "祈祷你自己的命运！",
          "link": "//game.gtimg.cn/images/yxzj/zlkdatasys/audios/audio/20220413/16498313815892.wav"
        },
        {
          "text": "为你的命运祈祷吧！",
          "link": "//game.gtimg.cn/images/yxzj/zlkdatasys/audios/audio/20220413/16498314005154.wav"
        },
        {
          "text": "你的信念不堪一击！",
          "link": "//game.gtimg.cn/images/yxzj/zlkdatasys/audios/audio/20220413/16498314336993.wav"
        },
        {
          "text": "绝不动摇！绝不退让！",
          "link": "//game.gtimg.cn/images/yxzj/zlkdatasys/audios/audio/20220413/16498314503759.wav"
        },
        {
          "text": "捍卫每一寸土地！",
          "link": "//game.gtimg.cn/images/yxzj/zlkdatasys/audios/audio/20220413/16498314705834.wav"
        },
        {
          "text": "生生不息的力量！",
          "link": "//game.gtimg.cn/images/yxzj/zlkdatasys/audios/audio/20220413/16498314835158.wav"
        },
        {
          "text": "再度降临！",
          "link": "//game.gtimg.cn/images/yxzj/zlkdatasys/audios/audio/20220413/16498314984374.wav"
        }
      ],
      "name": "黎明之约"
    }
  ]
}