{
  "data": [
    {
      "voice": [
        {
          "text": "执行人间的意志！",
          "link": "//game.gtimg.cn/images/yxzj/zlkdatasys/audios/audio/20220412/16497350754047.wav"
        },
        {
          "text": "尽情驰骋的，纵使天地也太狭小！",
          "link": "//game.gtimg.cn/images/yxzj/zlkdatasys/audios/audio/20220412/16497350992539.wav"
        },
        {
          "text": "张开第三只眼，好看清对面的扑街",
          "link": "//game.gtimg.cn/images/yxzj/zlkdatasys/audios/audio/20220412/16497351159936.wav"
        },
        {
          "text": "卑鄙是卑鄙者的通行证，高尚是高尚者的墓志铭！",
          "link": "//game.gtimg.cn/images/yxzj/zlkdatasys/audios/audio/20220412/16497559005557.wav"
        },
        {
          "text": "懂得一千零一种，赋予你失败的方法。",
          "link": "//game.gtimg.cn/images/yxzj/zlkdatasys/audios/audio/20220412/16497559391164.wav"
        },
        {
          "text": "与其受制于人，不妨听命自己。",
          "link": "//game.gtimg.cn/images/yxzj/zlkdatasys/audios/audio/20220412/16497559524742.wav"
        },
        {
          "text": "将大局逆转吧！",
          "link": "//game.gtimg.cn/images/yxzj/zlkdatasys/audios/audio/20220412/16497559665738.wav"
        },
        {
          "text": "诸神黄昏，人间黎明",
          "link": "//game.gtimg.cn/images/yxzj/zlkdatasys/audios/audio/20220412/16497559845660.wav"
        },
        {
          "text": "人终有一死……",
          "link": "//game.gtimg.cn/images/yxzj/zlkdatasys/audios/audio/20220412/16497560017702.wav"
        },
        {
          "text": "看破根源的奥秘！",
          "link": "//game.gtimg.cn/images/yxzj/zlkdatasys/audios/audio/20220412/16497560174268.wav"
        },
        {
          "text": "注视未来！",
          "link": "//game.gtimg.cn/images/yxzj/zlkdatasys/audios/audio/20220412/16497560635658.wav"
        },
        {
          "text": "足够现实的世界！",
          "link": "//game.gtimg.cn/images/yxzj/zlkdatasys/audios/audio/20220412/16497561619856.wav"
        },
        {
          "text": "晃晃你的脑子，听到海水的声音了吗？",
          "link": "//game.gtimg.cn/images/yxzj/zlkdatasys/audios/audio/20220412/16497561881173.wav"
        }
      ],
      "name": "原皮"
    },
    {
      "voice": [
        {
          "text": "今夕复何夕，共此明月光",
          "link": "//game.gtimg.cn/images/yxzj/zlkdatasys/audios/audio/20220412/16497563196392.mp3"
        },
        {
          "text": "收服一切洪水猛兽！外面的，和心里的。",
          "link": "//game.gtimg.cn/images/yxzj/zlkdatasys/audios/audio/20220412/16497563427496.mp3"
        },
        {
          "text": "小心点，我的武器长了眼",
          "link": "//game.gtimg.cn/images/yxzj/zlkdatasys/audios/audio/20220412/16497563599397.mp3"
        },
        {
          "text": "与其绝望死去，不如纵情燃烧",
          "link": "//game.gtimg.cn/images/yxzj/zlkdatasys/audios/audio/20220412/16497563829665.wav"
        },
        {
          "text": "在活着面前，你的事儿根本就不算事儿",
          "link": "//game.gtimg.cn/images/yxzj/zlkdatasys/audios/audio/20220412/16497563969870.wav"
        },
        {
          "text": "人间是我的，也是你的，但终究是大家的",
          "link": "//game.gtimg.cn/images/yxzj/zlkdatasys/audios/audio/20220412/16497564151310.mp3"
        },
        {
          "text": "赢要有气势，输要有气质。",
          "link": "//game.gtimg.cn/images/yxzj/zlkdatasys/audios/audio/20220412/16497564343559.wav"
        },
        {
          "text": "你和那个一板一眼的弓箭手一样无聊",
          "link": "//game.gtimg.cn/images/yxzj/zlkdatasys/audios/audio/20220412/16497564473083.wav"
        },
        {
          "text": "何日人间重逢？",
          "link": "//game.gtimg.cn/images/yxzj/zlkdatasys/audios/audio/20220412/16497564643990.wav"
        },
        {
          "text": "你已经暴露无遗",
          "link": "//game.gtimg.cn/images/yxzj/zlkdatasys/audios/audio/20220412/16497564823233.wav"
        },
        {
          "text": "让人欲罢不能的胜利",
          "link": "//game.gtimg.cn/images/yxzj/zlkdatasys/audios/audio/20220412/16497564971346.wav"
        },
        {
          "text": "又一次意料之中的胜利。",
          "link": "//game.gtimg.cn/images/yxzj/zlkdatasys/audios/audio/20220412/16497565185673.wav"
        },
        {
          "text": "你的愚蠢才是这人间最大的祸害",
          "link": "//game.gtimg.cn/images/yxzj/zlkdatasys/audios/audio/20220412/16497565311988.wav"
        }
      ],
      "name": "永曜之星"
    },
    {
      "voice": [
        {
          "text": "抱歉各位，这次来晚了。",
          "link": "//game.gtimg.cn/images/yxzj/zlkdatasys/audios/audio/20220415/16499856843634.mp3"
        },
        {
          "text": "设备检查无误，随时准备战斗～",
          "link": "//game.gtimg.cn/images/yxzj/zlkdatasys/audios/audio/20220415/16499856968053.mp3"
        },
        {
          "text": "天秀小队，各位加油！",
          "link": "//game.gtimg.cn/images/yxzj/zlkdatasys/audios/audio/20220415/16499857061055.mp3"
        },
        {
          "text": "记住，我们都有改变世界的力量。",
          "link": "//game.gtimg.cn/images/yxzj/zlkdatasys/audios/audio/20220412/16497355747821.wav"
        },
        {
          "text": "开启第二人生。",
          "link": "//game.gtimg.cn/images/yxzj/zlkdatasys/audios/audio/20220412/16497355892590.wav"
        },
        {
          "text": "哪个时代不都有这样的人么，为着别人的自由慷慨向前。",
          "link": "//game.gtimg.cn/images/yxzj/zlkdatasys/audios/audio/20220412/16497356047149.wav"
        },
        {
          "text": "目标、策略、行动······每个战场都刻不容缓！",
          "link": "//game.gtimg.cn/images/yxzj/zlkdatasys/audios/audio/20220412/16497356271699.mp3"
        },
        {
          "text": "专注当下，才能抵达未来。",
          "link": "//game.gtimg.cn/images/yxzj/zlkdatasys/audios/audio/20220412/16497356466661.mp3"
        },
        {
          "text": "为理想而战吧，在哪都可以。",
          "link": "//game.gtimg.cn/images/yxzj/zlkdatasys/audios/audio/20220412/16497356714458.wav"
        },
        {
          "text": "向前看，这是属于我们的时代。",
          "link": "//game.gtimg.cn/images/yxzj/zlkdatasys/audios/audio/20220412/16497356919533.mp3"
        },
        {
          "text": "还好我······完成使命了。",
          "link": "//game.gtimg.cn/images/yxzj/zlkdatasys/audios/audio/20220412/16497357126440.mp3"
        },
        {
          "text": "精准切割！",
          "link": "//game.gtimg.cn/images/yxzj/zlkdatasys/audios/audio/20220412/16497357347768.wav"
        },
        {
          "text": "看清迷雾，直抵源头！",
          "link": "//game.gtimg.cn/images/yxzj/zlkdatasys/audios/audio/20220412/16497357549316.wav"
        },
        {
          "text": "探测生命迹象！",
          "link": "//game.gtimg.cn/images/yxzj/zlkdatasys/audios/audio/20220412/16497357706830.wav"
        },
        {
          "text": "听着，到你能派上用处的地方去。",
          "link": "//game.gtimg.cn/images/yxzj/zlkdatasys/audios/audio/20220412/16497357939920.mp3"
        },
        {
          "text": "抱歉了，我和队友们都想要赢。",
          "link": "//game.gtimg.cn/images/yxzj/zlkdatasys/audios/audio/20220415/16499857283432.mp3"
        },
        {
          "text": "来这，乖狗狗～",
          "link": "//game.gtimg.cn/images/yxzj/zlkdatasys/audios/audio/20220412/16497358457245.wav"
        }
      ],
      "name": "天秀·启明"
    }
  ]
}