{
  "data": [
    {
      "voice": [
        {
          "text": "他是影子，飘渺的影子",
          "link": "//game.gtimg.cn/images/yxzj/zlkdatasys/audios/audio/20220415/16499929183109.wav"
        },
        {
          "text": "怎样才能爱上一个人呢？",
          "link": "//game.gtimg.cn/images/yxzj/zlkdatasys/audios/audio/20220412/16497323131588.wav"
        },
        {
          "text": "不得语，暗相思，两心之外无人知",
          "link": "//game.gtimg.cn/images/yxzj/zlkdatasys/audios/audio/20220412/16497323246483.wav"
        },
        {
          "text": "从镜子中看着你",
          "link": "//game.gtimg.cn/images/yxzj/zlkdatasys/audios/audio/20220412/16497323332817.wav"
        },
        {
          "text": "谁是谎言，谁又是真实",
          "link": "//game.gtimg.cn/images/yxzj/zlkdatasys/audios/audio/20220412/16497323427749.wav"
        },
        {
          "text": "仿佛邂逅了久远的梦",
          "link": "//game.gtimg.cn/images/yxzj/zlkdatasys/audios/audio/20220412/16497323531264.wav"
        },
        {
          "text": "曲终人散",
          "link": "//game.gtimg.cn/images/yxzj/zlkdatasys/audios/audio/20220412/16497323726013.wav"
        },
        {
          "text": "被铭记是需要付出代价的。",
          "link": "//game.gtimg.cn/images/yxzj/zlkdatasys/audios/audio/20220412/16497324074018.wav"
        },
        {
          "text": "听到了吗？来自太古的遗音。海市蜃楼，终非虚影。",
          "link": "//game.gtimg.cn/images/yxzj/zlkdatasys/audios/audio/20220412/16497324311014.wav"
        },
        {
          "text": "琴与棋之中，涌动着相似的力量",
          "link": "//game.gtimg.cn/images/yxzj/zlkdatasys/audios/audio/20220412/16497324431667.wav"
        },
        {
          "text": "最放不下的，终究是回忆吧",
          "link": "//game.gtimg.cn/images/yxzj/zlkdatasys/audios/audio/20220412/16497324525115.wav"
        },
        {
          "text": "求而不得，舍而不能，那就是幸福吗？",
          "link": "//game.gtimg.cn/images/yxzj/zlkdatasys/audios/audio/20220412/16497324622537.wav"
        },
        {
          "text": "天生丽质难自弃",
          "link": "//game.gtimg.cn/images/yxzj/zlkdatasys/audios/audio/20220412/16497325029383.wav"
        },
        {
          "text": "一顾倾城，再顾倾国",
          "link": "//game.gtimg.cn/images/yxzj/zlkdatasys/audios/audio/20220412/16497325169239.wav"
        },
        {
          "text": "世事易变，容颜不老",
          "link": "//game.gtimg.cn/images/yxzj/zlkdatasys/audios/audio/20220412/16497327609235.wav"
        },
        {
          "text": "春江花月照人生无穷，弦音流转听山河入梦",
          "link": "//game.gtimg.cn/images/yxzj/zlkdatasys/audios/audio/20220412/16497327733096.wav"
        },
        {
          "text": "纵使片刻的幸福，命运也会暗中标注价格。",
          "link": "//game.gtimg.cn/images/yxzj/zlkdatasys/audios/audio/20220412/16497327822437.wav"
        },
        {
          "text": "心不会动摇，动摇的是情",
          "link": "//game.gtimg.cn/images/yxzj/zlkdatasys/audios/audio/20220412/16497327913704.wav"
        },
        {
          "text": "长安城隐藏着秘密，直通终极力量的秘密",
          "link": "//game.gtimg.cn/images/yxzj/zlkdatasys/audios/audio/20220412/16497328021005.wav"
        },
        {
          "text": "此恨绵绵……",
          "link": "//game.gtimg.cn/images/yxzj/zlkdatasys/audios/audio/20220412/16497328214262.wav"
        },
        {
          "text": "云想衣裳花想容，春风拂槛露华浓。",
          "link": "//game.gtimg.cn/images/yxzj/zlkdatasys/audios/audio/20220412/16497328422069.wav"
        },
        {
          "text": "聆听渴望的，深信珍视的，沉醉梦寐以求的~",
          "link": "//game.gtimg.cn/images/yxzj/zlkdatasys/audios/audio/20220412/16497328492701.wav"
        },
        {
          "text": "情从何起，方能一往而深？",
          "link": "//game.gtimg.cn/images/yxzj/zlkdatasys/audios/audio/20220412/16497328596100.wav"
        },
        {
          "text": "花落已无声，花开终有时",
          "link": "//game.gtimg.cn/images/yxzj/zlkdatasys/audios/audio/20220428/16511349337166.mp3"
        },
        {
          "text": "此曲如何？",
          "link": "//game.gtimg.cn/images/yxzj/zlkdatasys/audios/audio/20220428/16511349675790.mp3"
        }
      ],
      "name": "原皮"
    },
    {
      "voice": [
        {
          "text": "和光同尘，结缘之始。",
          "link": "//game.gtimg.cn/images/yxzj/zlkdatasys/audios/audio/20220412/16497329517622.wav"
        },
        {
          "text": "凝视我，记住我。",
          "link": "//game.gtimg.cn/images/yxzj/zlkdatasys/audios/audio/20220412/16497329665411.wav"
        },
        {
          "text": "看一眼月牙泉就回头。",
          "link": "//game.gtimg.cn/images/yxzj/zlkdatasys/audios/audio/20220412/16497329754649.wav"
        },
        {
          "text": "人人都途经历史。",
          "link": "//game.gtimg.cn/images/yxzj/zlkdatasys/audios/audio/20220412/16497330027190.wav"
        },
        {
          "text": "有谁回应了，关于幸福的祈愿",
          "link": "//game.gtimg.cn/images/yxzj/zlkdatasys/audios/audio/20220412/16497330132554.wav"
        },
        {
          "text": "我见到了你，现在，还有色彩。",
          "link": "//game.gtimg.cn/images/yxzj/zlkdatasys/audios/audio/20220412/16497330222807.wav"
        },
        {
          "text": "事物一旦褪色，便属于永恒。",
          "link": "//game.gtimg.cn/images/yxzj/zlkdatasys/audios/audio/20220412/16497330324422.wav"
        },
        {
          "text": "我并未离去……",
          "link": "//game.gtimg.cn/images/yxzj/zlkdatasys/audios/audio/20220412/16497330537767.wav"
        },
        {
          "text": "若问前事，皆在风中……",
          "link": "//game.gtimg.cn/images/yxzj/zlkdatasys/audios/audio/20220412/16497330708800.wav"
        },
        {
          "text": "听，我的第一个梦。",
          "link": "//game.gtimg.cn/images/yxzj/zlkdatasys/audios/audio/20220412/16497330817090.wav"
        },
        {
          "text": "踏跃九霄，此亦人间",
          "link": "//game.gtimg.cn/images/yxzj/zlkdatasys/audios/audio/20220412/16497331145731.wav"
        },
        {
          "text": "去吧，无名之魂。",
          "link": "//game.gtimg.cn/images/yxzj/zlkdatasys/audios/audio/20220412/16497331259124.wav"
        },
        {
          "text": "我的天空比你更深远。",
          "link": "//game.gtimg.cn/images/yxzj/zlkdatasys/audios/audio/20220412/16497331359541.wav"
        },
        {
          "text": "你从哪处世界来",
          "link": "//game.gtimg.cn/images/yxzj/zlkdatasys/audios/audio/20220428/16511341793096.mp3"
        }
      ],
      "name": "遇见飞天"
    },
    {
      "voice": [
        {
          "text": "同此心，共此力！",
          "link": "//game.gtimg.cn/images/yxzj/zlkdatasys/audios/audio/20220415/16499930158644.wav"
        },
        {
          "text": "猛虎入阵，炽热同行",
          "link": "//game.gtimg.cn/images/yxzj/zlkdatasys/audios/audio/20220415/16499930269789.wav"
        },
        {
          "text": "虎曲绝尘，抚琴救世",
          "link": "//game.gtimg.cn/images/yxzj/zlkdatasys/audios/audio/20220415/16499930394923.wav"
        },
        {
          "text": "欣赏音乐需要专注",
          "link": "//game.gtimg.cn/images/yxzj/zlkdatasys/audios/audio/20220412/16497440732530.wav"
        },
        {
          "text": "记住这段旋律",
          "link": "//game.gtimg.cn/images/yxzj/zlkdatasys/audios/audio/20220412/16497440966123.wav"
        },
        {
          "text": "英雄的传说，不会因时光而老去。",
          "link": "//game.gtimg.cn/images/yxzj/zlkdatasys/audios/audio/20220412/16497441766801.wav"
        },
        {
          "text": "全员到齐，演出开始",
          "link": "//game.gtimg.cn/images/yxzj/zlkdatasys/audios/audio/20220412/16497481441999.wav"
        },
        {
          "text": "虎头琴里藏着一个秘密，请与我共鸣",
          "link": "//game.gtimg.cn/images/yxzj/zlkdatasys/audios/audio/20220412/16497481576238.wav"
        },
        {
          "text": "品味高雅的艺术",
          "link": "//game.gtimg.cn/images/yxzj/zlkdatasys/audios/audio/20220412/16497482565235.wav"
        },
        {
          "text": "神虎一跃，威震天地！",
          "link": "//game.gtimg.cn/images/yxzj/zlkdatasys/audios/audio/20220412/16497482912620.wav"
        },
        {
          "text": "碰撞心灵的交响",
          "link": "//game.gtimg.cn/images/yxzj/zlkdatasys/audios/audio/20220412/16497483271389.wav"
        },
        {
          "text": "撩拨你的心弦",
          "link": "//game.gtimg.cn/images/yxzj/zlkdatasys/audios/audio/20220412/16497483487024.wav"
        },
        {
          "text": "神虎踞此！",
          "link": "//game.gtimg.cn/images/yxzj/zlkdatasys/audios/audio/20220412/16497483717613.wav"
        },
        {
          "text": "循声而动",
          "link": "//game.gtimg.cn/images/yxzj/zlkdatasys/audios/audio/20220412/16497483826786.wav"
        },
        {
          "text": "欣赏音乐需要专注",
          "link": "//game.gtimg.cn/images/yxzj/zlkdatasys/audios/audio/20220412/16497486108490.wav"
        },
        {
          "text": "呵，惊弦之鸟",
          "link": "//game.gtimg.cn/images/yxzj/zlkdatasys/audios/audio/20220412/16497488065098.wav"
        },
        {
          "text": "今天的演出，到此结束",
          "link": "//game.gtimg.cn/images/yxzj/zlkdatasys/audios/audio/20220412/16497488259077.wav"
        },
        {
          "text": "熟悉的音阶里有我们的故事",
          "link": "//game.gtimg.cn/images/yxzj/zlkdatasys/audios/audio/20220412/16497489002093.wav"
        },
        {
          "text": "音之所起，皆由人心。",
          "link": "//game.gtimg.cn/images/yxzj/zlkdatasys/audios/audio/20220412/16497489208314.wav"
        },
        {
          "text": "艺术的答案，藏在平凡的生活里",
          "link": "//game.gtimg.cn/images/yxzj/zlkdatasys/audios/audio/20220412/16497489333622.wav"
        },
        {
          "text": "停下来，倾听我；前行吧，忘记我",
          "link": "//game.gtimg.cn/images/yxzj/zlkdatasys/audios/audio/20220412/16497489473417.wav"
        },
        {
          "text": "虎头琴里藏着一个秘密，请与我共鸣",
          "link": "//game.gtimg.cn/images/yxzj/zlkdatasys/audios/audio/20220412/16497489629991.wav"
        },
        {
          "text": "余音绕梁",
          "link": "//game.gtimg.cn/images/yxzj/zlkdatasys/audios/audio/20220412/16497490107809.wav"
        },
        {
          "text": "琴声治愈的不止听者的心，还有乐曲的生命。",
          "link": "//game.gtimg.cn/images/yxzj/zlkdatasys/audios/audio/20220414/16499305902497.wav"
        },
        {
          "text": "愿琴声借你的翅膀，飞向更远的远方。",
          "link": "//game.gtimg.cn/images/yxzj/zlkdatasys/audios/audio/20220414/16499306193108.wav"
        },
        {
          "text": "英雄的传说，不会因时光而老去。",
          "link": "//game.gtimg.cn/images/yxzj/zlkdatasys/audios/audio/20220414/16499313761665.wav"
        },
        {
          "text": "是虎神街的人们，让音乐更有意义。",
          "link": "//game.gtimg.cn/images/yxzj/zlkdatasys/audios/audio/20220414/16499313956691.wav"
        },
        {
          "text": "谢谢你们的和声",
          "link": "//game.gtimg.cn/images/yxzj/zlkdatasys/audios/audio/20220427/16510245799601.mp3"
        },
        {
          "text": "每个城市都有属于自己的旋律",
          "link": "//game.gtimg.cn/images/yxzj/zlkdatasys/audios/audio/20220427/16510246002855.mp3"
        },
        {
          "text": "嗯，也许你可以尝试一下打击乐",
          "link": "//game.gtimg.cn/images/yxzj/zlkdatasys/audios/audio/20220428/16511350205389.wav"
        },
        {
          "text": "这里面的学问还有很多。",
          "link": "//game.gtimg.cn/images/yxzj/zlkdatasys/audios/audio/20220428/16511350584918.mp3"
        }
      ],
      "name": "寅虎·心曲"
    },
    {
      "voice": [
        {
          "text": "曲奏山河景，树生千万物。",
          "link": "//game.gtimg.cn/images/yxzj/zlkdatasys/audios/audio/20230418/16818128775210.mp3"
        },
        {
          "text": "弦音化雪，百鸟偕春。",
          "link": "//game.gtimg.cn/images/yxzj/zlkdatasys/audios/audio/20230418/16818128929163.mp3"
        },
        {
          "text": "羁于风雪的旅者啊，你所信仰的春天，已归来了。",
          "link": "//game.gtimg.cn/images/yxzj/zlkdatasys/audios/audio/20230418/16818129031767.mp3"
        },
        {
          "text": "若问，即有答案；呼唤，必得回音；相信，我便因你而存在。",
          "link": "//game.gtimg.cn/images/yxzj/zlkdatasys/audios/audio/20230418/16818060652673.mp3"
        },
        {
          "text": "神，在传说中被描画，在祈祷时被给予。",
          "link": "//game.gtimg.cn/images/yxzj/zlkdatasys/audios/audio/20230418/16818060902053.mp3"
        },
        {
          "text": "你我相识于远古混沌的长夜，此后四季开始轮转，万物生生不息。",
          "link": "//game.gtimg.cn/images/yxzj/zlkdatasys/audios/audio/20230418/16818061233440.mp3"
        },
        {
          "text": "来路即为归属，初见亦是重逢。",
          "link": "//game.gtimg.cn/images/yxzj/zlkdatasys/audios/audio/20230418/16818061394377.mp3"
        },
        {
          "text": "所有凛冬时种下的梦，皆已抽出了柔嫩的芽。",
          "link": "//game.gtimg.cn/images/yxzj/zlkdatasys/audios/audio/20230418/16818061558247.mp3"
        },
        {
          "text": "芦笙舞乐，银铃叮当；人间风物，处处琳琅。",
          "link": "//game.gtimg.cn/images/yxzj/zlkdatasys/audios/audio/20230418/16818061684189.mp3"
        },
        {
          "text": "在这苍生万象编织的诗曲中，我只是倾听者。",
          "link": "//game.gtimg.cn/images/yxzj/zlkdatasys/audios/audio/20230418/16818061826601.mp3"
        },
        {
          "text": "若问苗家春好处？且往市井炊烟里，向脉脉山水间。",
          "link": "//game.gtimg.cn/images/yxzj/zlkdatasys/audios/audio/20230418/16818061961027.mp3"
        },
        {
          "text": "请……再次呼唤……",
          "link": "//game.gtimg.cn/images/yxzj/zlkdatasys/audios/audio/20230421/16820690462892.mp3"
        },
        {
          "text": "玄鸟落。",
          "link": "//game.gtimg.cn/images/yxzj/zlkdatasys/audios/audio/20230418/16818062756380.mp3"
        },
        {
          "text": "袅袅成羽。",
          "link": "//game.gtimg.cn/images/yxzj/zlkdatasys/audios/audio/20230418/16818062885383.mp3"
        },
        {
          "text": "萝蔓生。",
          "link": "//game.gtimg.cn/images/yxzj/zlkdatasys/audios/audio/20230418/16818063027982.mp3"
        },
        {
          "text": "簌簌生花。",
          "link": "//game.gtimg.cn/images/yxzj/zlkdatasys/audios/audio/20230418/16818063199946.mp3"
        },
        {
          "text": "春意和鸣，万物之始。",
          "link": "//game.gtimg.cn/images/yxzj/zlkdatasys/audios/audio/20230418/16818063332851.mp3"
        },
        {
          "text": "千户万寨，共此辰光。",
          "link": "//game.gtimg.cn/images/yxzj/zlkdatasys/audios/audio/20230418/16818063469937.mp3"
        },
        {
          "text": "花有零落，春色常新。",
          "link": "//game.gtimg.cn/images/yxzj/zlkdatasys/audios/audio/20230418/16818063653107.mp3"
        },
        {
          "text": "谁身处春野，却满目荒芜？",
          "link": "//game.gtimg.cn/images/yxzj/zlkdatasys/audios/audio/20230418/16818063801414.mp3"
        },
        {
          "text": "风回绮袖，日照花间。",
          "link": "//game.gtimg.cn/images/yxzj/zlkdatasys/audios/audio/20230418/16818063992640.mp3"
        }
      ],
      "name": "银翎春语"
    }
  ]
}