{
  "data": [
    {
      "voice": [
        {
          "text": "啊~过去生于未来~",
          "link": "//game.gtimg.cn/images/yxzj/zlkdatasys/audios/audio/20220408/16494188774817.wav"
        },
        {
          "text": "羁绊无影无踪，藤蔓一斩就断。",
          "link": "//game.gtimg.cn/images/yxzj/zlkdatasys/audios/audio/20220408/16494188925222.wav"
        },
        {
          "text": "人在白天做梦~太阳从西边升起~",
          "link": "//game.gtimg.cn/images/yxzj/zlkdatasys/audios/audio/20220408/16494189068758.wav"
        },
        {
          "text": "什么小鹿女呀，一定是世界上最不可爱的孩子吧~",
          "link": "//game.gtimg.cn/images/yxzj/zlkdatasys/audios/audio/20220408/16494189842957.wav"
        },
        {
          "text": "我已经洗过脸了~真的~",
          "link": "//game.gtimg.cn/images/yxzj/zlkdatasys/audios/audio/20220408/16494190019261.wav"
        },
        {
          "text": "要把梦藏在树叶里，不然梦会坏。",
          "link": "//game.gtimg.cn/images/yxzj/zlkdatasys/audios/audio/20220408/16494190138819.wav"
        },
        {
          "text": "云梦泽没有东边和西边。",
          "link": "//game.gtimg.cn/images/yxzj/zlkdatasys/audios/audio/20220408/16494190257388.wav"
        },
        {
          "text": "有的神住在天上，有的神住在蘑菇里。",
          "link": "//game.gtimg.cn/images/yxzj/zlkdatasys/audios/audio/20220408/16494190384035.wav"
        },
        {
          "text": "别难过，我只是睡一觉。",
          "link": "//game.gtimg.cn/images/yxzj/zlkdatasys/audios/audio/20220408/16494191035631.wav"
        },
        {
          "text": "看，空气！",
          "link": "//game.gtimg.cn/images/yxzj/zlkdatasys/audios/audio/20220408/16494191572472.wav"
        },
        {
          "text": "不是我真的不是我~",
          "link": "//game.gtimg.cn/images/yxzj/zlkdatasys/audios/audio/20220408/16494191712420.wav"
        },
        {
          "text": "你为什么粘着我呀~",
          "link": "//game.gtimg.cn/images/yxzj/zlkdatasys/audios/audio/20220408/16494191845366.wav"
        },
        {
          "text": "别赖着人家好嘛~",
          "link": "//game.gtimg.cn/images/yxzj/zlkdatasys/audios/audio/20220408/16494191982343.wav"
        },
        {
          "text": "狼来啦！",
          "link": "//game.gtimg.cn/images/yxzj/zlkdatasys/audios/audio/20220408/16494192122020.wav"
        },
        {
          "text": "这是谁的小鹿，真厉害！",
          "link": "//game.gtimg.cn/images/yxzj/zlkdatasys/audios/audio/20220408/16494192266376.wav"
        },
        {
          "text": "阿瑶为你痛哭~",
          "link": "//game.gtimg.cn/images/yxzj/zlkdatasys/audios/audio/20220408/16494192671274.wav"
        },
        {
          "text": "我们从玄微森林出来的人，一天要吃掉半个大陆呢。",
          "link": "//game.gtimg.cn/images/yxzj/zlkdatasys/audios/audio/20220408/16494193455571.wav"
        },
        {
          "text": "昨晚我偷了你的翅膀，在天上玩了一圈~",
          "link": "//game.gtimg.cn/images/yxzj/zlkdatasys/audios/audio/20220408/16494193625359.wav"
        },
        {
          "text": "阿瑶也想成为像老师一样高大的人！",
          "link": "//game.gtimg.cn/images/yxzj/zlkdatasys/audios/audio/20220408/16494193768860.wav"
        },
        {
          "text": "你好，小蛇。",
          "link": "//game.gtimg.cn/images/yxzj/zlkdatasys/audios/audio/20220415/16500157666132.wav"
        }
      ],
      "name": "原皮"
    },
    {
      "voice": [
        {
          "text": "万物有灵，生生不息",
          "link": "//game.gtimg.cn/images/yxzj/zlkdatasys/audios/audio/20220418/16502900279770.mp3"
        },
        {
          "text": "由画而生，随心而为",
          "link": "//game.gtimg.cn/images/yxzj/zlkdatasys/audios/audio/20220415/16500158948908.wav"
        },
        {
          "text": "要变成光~因为有怕黑的人",
          "link": "//game.gtimg.cn/images/yxzj/zlkdatasys/audios/audio/20220415/16500158517237.wav"
        },
        {
          "text": "欸~你也是来找小鹿的呀？~",
          "link": "//game.gtimg.cn/images/yxzj/zlkdatasys/audios/audio/20220411/16496485647725.wav"
        },
        {
          "text": "唔~没见过什么小鹿呀！~",
          "link": "//game.gtimg.cn/images/yxzj/zlkdatasys/audios/audio/20220411/16496485759449.wav"
        },
        {
          "text": "除了我以外，好看的人都从云上来~",
          "link": "//game.gtimg.cn/images/yxzj/zlkdatasys/audios/audio/20220411/16496485878405.wav"
        },
        {
          "text": "树林是红色，小山是绿色，你猜…小鹿是什么颜色？",
          "link": "//game.gtimg.cn/images/yxzj/zlkdatasys/audios/audio/20220411/16496486005421.wav"
        },
        {
          "text": "月牙泉昨晚被我喝光啦!",
          "link": "//game.gtimg.cn/images/yxzj/zlkdatasys/audios/audio/20220411/16496486131222.wav"
        },
        {
          "text": "听，沙子在唱歌！",
          "link": "//game.gtimg.cn/images/yxzj/zlkdatasys/audios/audio/20220411/16496486254621.wav"
        },
        {
          "text": "我会换一种方式陪着你",
          "link": "//game.gtimg.cn/images/yxzj/zlkdatasys/audios/audio/20220411/16496486445920.wav"
        },
        {
          "text": "你在看哪儿~",
          "link": "//game.gtimg.cn/images/yxzj/zlkdatasys/audios/audio/20220411/16496486695017.wav"
        },
        {
          "text": "嘘！别说话！",
          "link": "//game.gtimg.cn/images/yxzj/zlkdatasys/audios/audio/20220411/16496486877275.wav"
        },
        {
          "text": "欸~我也会飞啦~",
          "link": "//game.gtimg.cn/images/yxzj/zlkdatasys/audios/audio/20220411/16496486991868.wav"
        },
        {
          "text": "喂，你就是我在等的人吗？",
          "link": "//game.gtimg.cn/images/yxzj/zlkdatasys/audios/audio/20220411/16496487119394.wav"
        },
        {
          "text": "哼~等我很久了吧~",
          "link": "//game.gtimg.cn/images/yxzj/zlkdatasys/audios/audio/20220411/16496487281534.wav"
        },
        {
          "text": "呀~有一头会开花的鹿~",
          "link": "//game.gtimg.cn/images/yxzj/zlkdatasys/audios/audio/20220411/16496487475760.wav"
        },
        {
          "text": "嗨，峡谷还是要靠我来守护！",
          "link": "//game.gtimg.cn/images/yxzj/zlkdatasys/audios/audio/20220411/16496487628665.wav"
        },
        {
          "text": "下次还要来陪我呀！",
          "link": "//game.gtimg.cn/images/yxzj/zlkdatasys/audios/audio/20220411/16496488102054.wav"
        },
        {
          "text": "哼~下次还要来陪我玩呀",
          "link": "//game.gtimg.cn/images/yxzj/zlkdatasys/audios/audio/20220411/16496488233631.wav"
        },
        {
          "text": "想去云的那端看看吗？",
          "link": "//game.gtimg.cn/images/yxzj/zlkdatasys/audios/audio/20220411/16496488573605.wav"
        },
        {
          "text": "嗯~这里以前光秃秃的",
          "link": "//game.gtimg.cn/images/yxzj/zlkdatasys/audios/audio/20220411/16496488749636.wav"
        },
        {
          "text": "这棵树比天还高，你猜猜是谁种的？",
          "link": "//game.gtimg.cn/images/yxzj/zlkdatasys/audios/audio/20220411/16496488896692.wav"
        },
        {
          "text": "嗯~想起了很久很久以前的故事~",
          "link": "//game.gtimg.cn/images/yxzj/zlkdatasys/audios/audio/20220411/16496489188915.wav"
        },
        {
          "text": "峡谷西边数第二朵蓝色的花，我从那里来！",
          "link": "//game.gtimg.cn/images/yxzj/zlkdatasys/audios/audio/20220418/16502900115305.mp3"
        }
      ],
      "name": "遇见神鹿"
    },
    {
      "voice": [
        {
          "text": "找到了！传说……找到魔法四叶草的人，可以实现内心最深处的愿望",
          "link": "//game.gtimg.cn/images/yxzj/zlkdatasys/audios/audio/20220415/16500158034597.mp3"
        },
        {
          "text": "是他！…跟随梦的指引……是偶遇，还是重逢~",
          "link": "//game.gtimg.cn/images/yxzj/zlkdatasys/audios/audio/20220415/16500158131027.mp3"
        },
        {
          "text": "请聆听我的祈愿，解开记忆之锁！……让我们，重新认识一下~",
          "link": "//game.gtimg.cn/images/yxzj/zlkdatasys/audios/audio/20220415/16500158226001.mp3"
        },
        {
          "text": "我好像，弄丢了一个很珍贵的愿望……",
          "link": "//game.gtimg.cn/images/yxzj/zlkdatasys/audios/audio/20220411/16496491253190.wav"
        },
        {
          "text": "梦里的声音说，找到魔法四叶草，它将引领迷途之人寻回过去",
          "link": "//game.gtimg.cn/images/yxzj/zlkdatasys/audios/audio/20220411/16496493733627.mp3"
        },
        {
          "text": "只要相信，就会存在！",
          "link": "//game.gtimg.cn/images/yxzj/zlkdatasys/audios/audio/20220411/16496493974813.wav"
        },
        {
          "text": "我将前往的地方，同天空一样安静",
          "link": "//game.gtimg.cn/images/yxzj/zlkdatasys/audios/audio/20220411/16496494105325.mp3"
        },
        {
          "text": "不是遗忘！那些回忆只是暂时藏了起来",
          "link": "//game.gtimg.cn/images/yxzj/zlkdatasys/audios/audio/20220411/16496494337832.mp3"
        },
        {
          "text": "魔法与羁绊，需要一点时间来生效~",
          "link": "//game.gtimg.cn/images/yxzj/zlkdatasys/audios/audio/20220411/16496494548791.mp3"
        },
        {
          "text": "我想要许的愿望是……就不告诉你~",
          "link": "//game.gtimg.cn/images/yxzj/zlkdatasys/audios/audio/20220411/16496494955854.mp3"
        },
        {
          "text": "让我们去寻找过去的痕迹~",
          "link": "//game.gtimg.cn/images/yxzj/zlkdatasys/audios/audio/20220411/16496495146125.wav"
        },
        {
          "text": "我曾经见过，四种颜色的梦……",
          "link": "//game.gtimg.cn/images/yxzj/zlkdatasys/audios/audio/20220411/16496495521775.mp3"
        },
        {
          "text": "说不定，我们认识很久了……",
          "link": "//game.gtimg.cn/images/yxzj/zlkdatasys/audios/audio/20220411/16496495817678.mp3"
        },
        {
          "text": "哎~不会魔法的家伙，可别说我们欺负你~",
          "link": "//game.gtimg.cn/images/yxzj/zlkdatasys/audios/audio/20220411/16496496093145.mp3"
        },
        {
          "text": "用魔法打败魔法！",
          "link": "//game.gtimg.cn/images/yxzj/zlkdatasys/audios/audio/20220411/16496496311944.wav"
        },
        {
          "text": "魔法追踪~",
          "link": "//game.gtimg.cn/images/yxzj/zlkdatasys/audios/audio/20220411/16496496495453.wav"
        },
        {
          "text": "小心迷路~",
          "link": "//game.gtimg.cn/images/yxzj/zlkdatasys/audios/audio/20220411/16496496616354.wav"
        },
        {
          "text": "喂~我看到你啦！",
          "link": "//game.gtimg.cn/images/yxzj/zlkdatasys/audios/audio/20220411/16496496772954.wav"
        },
        {
          "text": "四叶草，赐予我力量吧！",
          "link": "//game.gtimg.cn/images/yxzj/zlkdatasys/audios/audio/20220411/16496496929014.wav"
        },
        {
          "text": "此刻，签订守护契约~",
          "link": "//game.gtimg.cn/images/yxzj/zlkdatasys/audios/audio/20220411/16496497049307.wav"
        },
        {
          "text": "走吧~我们一起出发~",
          "link": "//game.gtimg.cn/images/yxzj/zlkdatasys/audios/audio/20220411/16496497162511.wav"
        },
        {
          "text": "这次，换我来保护你吧~",
          "link": "//game.gtimg.cn/images/yxzj/zlkdatasys/audios/audio/20220411/16496497317964.wav"
        },
        {
          "text": "变身魔咒~",
          "link": "//game.gtimg.cn/images/yxzj/zlkdatasys/audios/audio/20220411/16496497542728.wav"
        },
        {
          "text": "有只小鹿飞走咯~",
          "link": "//game.gtimg.cn/images/yxzj/zlkdatasys/audios/audio/20220411/16496497815795.wav"
        },
        {
          "text": "铛铛~变成小鸟~",
          "link": "//game.gtimg.cn/images/yxzj/zlkdatasys/audios/audio/20220415/16499925905130.wav"
        },
        {
          "text": "这里会是传说中的魔法禁地吗？",
          "link": "//game.gtimg.cn/images/yxzj/zlkdatasys/audios/audio/20220411/16496521425229.wav"
        },
        {
          "text": "我找过了，这里什么也没有",
          "link": "//game.gtimg.cn/images/yxzj/zlkdatasys/audios/audio/20220411/16496521614142.wav"
        },
        {
          "text": "在被封印以前，你想许的愿望是什么？",
          "link": "//game.gtimg.cn/images/yxzj/zlkdatasys/audios/audio/20220411/16496521983127.mp3"
        },
        {
          "text": "你相不相信，我会这个世界上最神奇的魔法~",
          "link": "//game.gtimg.cn/images/yxzj/zlkdatasys/audios/audio/20220411/16496522182215.mp3"
        },
        {
          "text": "给你讲一个我最喜欢的故事吧~故事里有一株魔法四叶草，还有一只小鹿和一只小鸟……",
          "link": "//game.gtimg.cn/images/yxzj/zlkdatasys/audios/audio/20220411/16496522402378.mp3"
        }
      ],
      "name": "时之祈愿"
    },
    {
      "voice": [
        {
          "text": "凝瑞气，定山海",
          "link": "//game.gtimg.cn/images/yxzj/zlkdatasys/audios/audio/20230216/16765295186132.mp3"
        },
        {
          "text": "云崖临渊，清波相渡；灵脉重启，天地共赴！",
          "link": "//game.gtimg.cn/images/yxzj/zlkdatasys/audios/audio/20230216/16765295418604.mp3"
        },
        {
          "text": "流水无言，润泽八荒",
          "link": "//game.gtimg.cn/images/yxzj/zlkdatasys/audios/audio/20230216/16765295655681.mp3"
        },
        {
          "text": "万丈深渊，阻不断人心相连",
          "link": "//game.gtimg.cn/images/yxzj/zlkdatasys/audios/audio/20230216/16765295981709.mp3"
        },
        {
          "text": "河川神说，万类同源，你我皆在其间",
          "link": "//game.gtimg.cn/images/yxzj/zlkdatasys/audios/audio/20230215/16764319401444.mp3"
        },
        {
          "text": "共饮一江水，共护一方人",
          "link": "//game.gtimg.cn/images/yxzj/zlkdatasys/audios/audio/20230215/16764319699376.mp3"
        },
        {
          "text": "江河涓涓，山林绵绵，小鹿为伴，无惧险远~",
          "link": "//game.gtimg.cn/images/yxzj/zlkdatasys/audios/audio/20230215/16764320869122.mp3"
        },
        {
          "text": "要问百兽何处去呀~？皆在山林风声中",
          "link": "//game.gtimg.cn/images/yxzj/zlkdatasys/audios/audio/20230215/16764321237502.mp3"
        },
        {
          "text": "行于山海中，处处皆相逢",
          "link": "//game.gtimg.cn/images/yxzj/zlkdatasys/audios/audio/20230215/16764321433977.mp3"
        },
        {
          "text": "别担心，老神木年岁很大，它会指引我们归家",
          "link": "//game.gtimg.cn/images/yxzj/zlkdatasys/audios/audio/20230215/16764321621443.mp3"
        },
        {
          "text": "生于大地，亦归于大地",
          "link": "//game.gtimg.cn/images/yxzj/zlkdatasys/audios/audio/20230215/16764321909971.mp3"
        },
        {
          "text": "无源之水，终有一枯",
          "link": "//game.gtimg.cn/images/yxzj/zlkdatasys/audios/audio/20230215/16764322215539.mp3"
        },
        {
          "text": "百川汇海！",
          "link": "//game.gtimg.cn/images/yxzj/zlkdatasys/audios/audio/20230215/16764322489365.mp3"
        },
        {
          "text": "山海有灵，天地共生~",
          "link": "//game.gtimg.cn/images/yxzj/zlkdatasys/audios/audio/20230215/16764322827250.mp3"
        },
        {
          "text": "去吧，苍云",
          "link": "//game.gtimg.cn/images/yxzj/zlkdatasys/audios/audio/20230215/16764323278383.mp3"
        },
        {
          "text": "小鹿来找你啦",
          "link": "//game.gtimg.cn/images/yxzj/zlkdatasys/audios/audio/20230215/16764323528705.mp3"
        },
        {
          "text": "跨千山，越万水！",
          "link": "//game.gtimg.cn/images/yxzj/zlkdatasys/audios/audio/20230215/16764323782327.mp3"
        },
        {
          "text": "水无常形，随念而动",
          "link": "//game.gtimg.cn/images/yxzj/zlkdatasys/audios/audio/20230215/16764323956892.mp3"
        },
        {
          "text": "一汪活水来",
          "link": "//game.gtimg.cn/images/yxzj/zlkdatasys/audios/audio/20230215/16764324215375.mp3"
        },
        {
          "text": "瞧，总有再逢时~",
          "link": "//game.gtimg.cn/images/yxzj/zlkdatasys/audios/audio/20230215/16764324408871.mp3"
        },
        {
          "text": "瑞兽出山喽",
          "link": "//game.gtimg.cn/images/yxzj/zlkdatasys/audios/audio/20230215/16764324745711.mp3"
        },
        {
          "text": "野孩子回来了",
          "link": "//game.gtimg.cn/images/yxzj/zlkdatasys/audios/audio/20230215/16764324921457.mp3"
        },
        {
          "text": "诶~，是哪只小鹿在踏水疾行？",
          "link": "//game.gtimg.cn/images/yxzj/zlkdatasys/audios/audio/20230215/16764325341268.mp3"
        },
        {
          "text": "追电悄悄告诉我，只要跑得够快，你的吹嘘就追不上他。",
          "link": "//game.gtimg.cn/images/yxzj/zlkdatasys/audios/audio/20230215/16764325632779.mp3"
        },
        {
          "text": "碧水淹没荒野，玉树开出琼花",
          "link": "//game.gtimg.cn/images/yxzj/zlkdatasys/audios/audio/20230215/16764326043860.mp3"
        },
        {
          "text": "到时候，他一定有很多苦水要吐。",
          "link": "//game.gtimg.cn/images/yxzj/zlkdatasys/audios/audio/20230215/16764326348562.mp3"
        },
        {
          "text": "你和玄离，真的可以整日不说话？",
          "link": "//game.gtimg.cn/images/yxzj/zlkdatasys/audios/audio/20230215/16764326652264.mp3"
        }
      ],
      "name": "山海·碧波行"
    },
    {
      "voice": [
        {
          "text": "律动想象，真我释放！",
          "link": "//game.gtimg.cn/images/yxzj/zlkdatasys/audios/audio/20230814/16920036459593.mp3"
        },
        {
          "text": "心随自由所向，奏响独家音浪",
          "link": "//game.gtimg.cn/images/yxzj/zlkdatasys/audios/audio/20230814/16920036652671.mp3"
        },
        {
          "text": "不分昼夜，不分彼此，打碎过往，飞向彼方！",
          "link": "//game.gtimg.cn/images/yxzj/zlkdatasys/audios/audio/20230814/16920036871356.mp3"
        },
        {
          "text": "人们用规则画出统一的形状，却说那是大家本来的模样",
          "link": "//game.gtimg.cn/images/yxzj/zlkdatasys/audios/audio/20230814/16919978717913.mp3"
        },
        {
          "text": "“噪音”放在合适的地方，就成了艺术~",
          "link": "//game.gtimg.cn/images/yxzj/zlkdatasys/audios/audio/20230814/16919978905381.mp3"
        },
        {
          "text": "异类……？那是与众不同又超——厉害的意思吗？",
          "link": "//game.gtimg.cn/images/yxzj/zlkdatasys/audios/audio/20230814/16919979079464.mp3"
        },
        {
          "text": "所有人都能理解的，才不叫个性呢~",
          "link": "//game.gtimg.cn/images/yxzj/zlkdatasys/audios/audio/20230814/16919979287739.mp3"
        },
        {
          "text": "梦里的小鹿说，找到它，我就找到了自己~",
          "link": "//game.gtimg.cn/images/yxzj/zlkdatasys/audios/audio/20230814/16919979477892.mp3"
        },
        {
          "text": "灵感，喜欢在深夜时溜进脑袋",
          "link": "//game.gtimg.cn/images/yxzj/zlkdatasys/audios/audio/20230814/16919979683313.mp3"
        },
        {
          "text": "悄悄告诉你，我的合成器里藏着一个世界~真的~",
          "link": "//game.gtimg.cn/images/yxzj/zlkdatasys/audios/audio/20230814/16919979909032.mp3"
        },
        {
          "text": "从我变成我们，只需要一首歌的时间",
          "link": "//game.gtimg.cn/images/yxzj/zlkdatasys/audios/audio/20230814/16919980101427.mp3"
        },
        {
          "text": "谁困啦……来...继续排练......",
          "link": "//game.gtimg.cn/images/yxzj/zlkdatasys/audios/audio/20230814/16919980298688.mp3"
        },
        {
          "text": "略~不敢面对自我的胆小鬼！",
          "link": "//game.gtimg.cn/images/yxzj/zlkdatasys/audios/audio/20230814/16919980511350.mp3"
        },
        {
          "text": "无聊的大人，当然看不见我的小鹿啦！",
          "link": "//game.gtimg.cn/images/yxzj/zlkdatasys/audios/audio/20230814/16919980773622.mp3"
        },
        {
          "text": "别把自己藏起来呀！",
          "link": "//game.gtimg.cn/images/yxzj/zlkdatasys/audios/audio/20230814/16919981093801.mp3"
        },
        {
          "text": "听，城市的心跳声~扑通扑通",
          "link": "//game.gtimg.cn/images/yxzj/zlkdatasys/audios/audio/20230814/16919981282464.mp3"
        },
        {
          "text": "放飞个性！",
          "link": "//game.gtimg.cn/images/yxzj/zlkdatasys/audios/audio/20230814/16919981598985.mp3"
        },
        {
          "text": "即兴混音~",
          "link": "//game.gtimg.cn/images/yxzj/zlkdatasys/audios/audio/20230814/16919981775753.mp3"
        },
        {
          "text": "心有灵犀，一点共鸣~",
          "link": "//game.gtimg.cn/images/yxzj/zlkdatasys/audios/audio/20230814/16919981954230.mp3"
        },
        {
          "text": "唤醒黑夜，梦游白天~",
          "link": "//game.gtimg.cn/images/yxzj/zlkdatasys/audios/audio/20230814/16919982159039.mp3"
        },
        {
          "text": "丢掉烦恼，一起将气氛引爆~",
          "link": "//game.gtimg.cn/images/yxzj/zlkdatasys/audios/audio/20230814/16919982349655.mp3"
        },
        {
          "text": "是哪首曲子~把小鹿叫醒了呀~",
          "link": "//game.gtimg.cn/images/yxzj/zlkdatasys/audios/audio/20230814/16919982633095.mp3"
        },
        {
          "text": "哒哒哒 ~小鹿跳回我心里啦！",
          "link": "//game.gtimg.cn/images/yxzj/zlkdatasys/audios/audio/20230814/16919982818285.mp3"
        },
        {
          "text": "合成音轨~情绪到位！",
          "link": "//game.gtimg.cn/images/yxzj/zlkdatasys/audios/audio/20230814/16919983495954.mp3"
        },
        {
          "text": "我已经成为可以独当一面的大人啦！",
          "link": "//game.gtimg.cn/images/yxzj/zlkdatasys/audios/audio/20230814/16919983718310.mp3"
        },
        {
          "text": "今天给你的麦克风换了新贴纸~可爱吗？",
          "link": "//game.gtimg.cn/images/yxzj/zlkdatasys/audios/audio/20230814/16919983908674.mp3"
        },
        {
          "text": "我收集了两条恶龙的呼噜，把它们编给草丛里的小猪听！",
          "link": "//game.gtimg.cn/images/yxzj/zlkdatasys/audios/audio/20230814/16919984099398.mp3"
        },
        {
          "text": "多跟小鹿出去走走，说不定会有新的发现~",
          "link": "//game.gtimg.cn/images/yxzj/zlkdatasys/audios/audio/20230814/16919984329055.mp3"
        },
        {
          "text": "沉睡的城市，会在零点音乐响起时苏醒",
          "link": "//game.gtimg.cn/images/yxzj/zlkdatasys/audios/audio/20230814/16919984602808.mp3"
        },
        {
          "text": "嘘——让我听听你的心~",
          "link": "//game.gtimg.cn/images/yxzj/zlkdatasys/audios/audio/20230814/16919984786362.mp3"
        },
        {
          "text": "别总是匆忙前行~偶尔也需要放松心灵",
          "link": "//game.gtimg.cn/images/yxzj/zlkdatasys/audios/audio/20230814/16919985004063.mp3"
        },
        {
          "text": "晃晃脑袋，旋律就会自己跑出来~",
          "link": "//game.gtimg.cn/images/yxzj/zlkdatasys/audios/audio/20230814/16919985261341.mp3"
        },
        {
          "text": "从现在起，这里是小鹿的音乐领地啦~",
          "link": "//game.gtimg.cn/images/yxzj/zlkdatasys/audios/audio/20230814/16919985533743.mp3"
        }
      ],
      "name": "真我赫兹"
    }
  ]
}
