{
  "data": [
    {
      "voice": [
        {
          "text": "仰望夜空，你就知道我来自哪里！",
          "link": "//game.gtimg.cn/images/yxzj/zlkdatasys/audios/audio/20220412/16497522254978.wav"
        },
        {
          "text": "所有的星星眼，都在等一颗星。",
          "link": "//game.gtimg.cn/images/yxzj/zlkdatasys/audios/audio/20220412/16497522911694.wav"
        },
        {
          "text": "剑指的方向，就是天才的故乡！",
          "link": "//game.gtimg.cn/images/yxzj/zlkdatasys/audios/audio/20220412/16497523084577.wav"
        },
        {
          "text": "好耀眼，这就是属于天才的星芒。",
          "link": "//game.gtimg.cn/images/yxzj/zlkdatasys/audios/audio/20220413/16498493181622.mp3"
        },
        {
          "text": "夜观星象，你就知道，谁光芒万丈。",
          "link": "//game.gtimg.cn/images/yxzj/zlkdatasys/audios/audio/20220413/16498493443346.mp3"
        },
        {
          "text": "加油各位，勇夺第二吧！祝福你们！",
          "link": "//game.gtimg.cn/images/yxzj/zlkdatasys/audios/audio/20220412/16497524157484.wav"
        },
        {
          "text": "星光荡开宇宙，本人闪耀其中。",
          "link": "//game.gtimg.cn/images/yxzj/zlkdatasys/audios/audio/20220412/16497524334650.wav"
        },
        {
          "text": "角木犹比蛟，亢金宛如龙，尾火形似虎、箕水貌若豹……我可从没记过，凭感觉咯！",
          "link": "//game.gtimg.cn/images/yxzj/zlkdatasys/audios/audio/20220412/16497524494610.wav"
        },
        {
          "text": "额上有疤的男人，个个都是传奇。",
          "link": "//game.gtimg.cn/images/yxzj/zlkdatasys/audios/audio/20220412/16497524671606.wav"
        },
        {
          "text": "我没耍帅，有些东西是天生的。",
          "link": "//game.gtimg.cn/images/yxzj/zlkdatasys/audios/audio/20220412/16497524825469.wav"
        },
        {
          "text": "怎样才能变得平凡？求攻略，在线等。",
          "link": "//game.gtimg.cn/images/yxzj/zlkdatasys/audios/audio/20220412/16497525005879.wav"
        },
        {
          "text": "想叫我中二少年，也得把二改成一。",
          "link": "//game.gtimg.cn/images/yxzj/zlkdatasys/audios/audio/20220412/16497525201545.wav"
        },
        {
          "text": "热血，是少年的原罪吗？",
          "link": "//game.gtimg.cn/images/yxzj/zlkdatasys/audios/audio/20220412/16497525675995.wav"
        },
        {
          "text": "看剑！",
          "link": "//game.gtimg.cn/images/yxzj/zlkdatasys/audios/audio/20220412/16497525979917.wav"
        },
        {
          "text": "继续看剑！",
          "link": "//game.gtimg.cn/images/yxzj/zlkdatasys/audios/audio/20220412/16497526083718.wav"
        },
        {
          "text": "看星星咯",
          "link": "//game.gtimg.cn/images/yxzj/zlkdatasys/audios/audio/20220412/16497526901527.wav"
        },
        {
          "text": "神来之笔！",
          "link": "//game.gtimg.cn/images/yxzj/zlkdatasys/audios/audio/20220412/16497527351803.wav"
        },
        {
          "text": "哈，潇洒如星。",
          "link": "//game.gtimg.cn/images/yxzj/zlkdatasys/audios/audio/20220412/16497527521650.wav"
        },
        {
          "text": "呀，天外飞星。",
          "link": "//game.gtimg.cn/images/yxzj/zlkdatasys/audios/audio/20220412/16497527694778.wav"
        },
        {
          "text": "看花眼了吗！这就对啦！",
          "link": "//game.gtimg.cn/images/yxzj/zlkdatasys/audios/audio/20220412/16497527858244.wav"
        },
        {
          "text": "哈，想不到吧，我又回来了。",
          "link": "//game.gtimg.cn/images/yxzj/zlkdatasys/audios/audio/20220412/16497528009522.wav"
        },
        {
          "text": "再来一次，闪瞎眼了没 。",
          "link": "//game.gtimg.cn/images/yxzj/zlkdatasys/audios/audio/20220412/16497528148114.wav"
        },
        {
          "text": "哈哈，我又来啦，接着看剑。",
          "link": "//game.gtimg.cn/images/yxzj/zlkdatasys/audios/audio/20220412/16497528333379.wav"
        },
        {
          "text": "一闪一闪亮晶晶……",
          "link": "//game.gtimg.cn/images/yxzj/zlkdatasys/audios/audio/20220412/16497528613317.wav"
        },
        {
          "text": "我会很多绝招，但最帅的只有这招。",
          "link": "//game.gtimg.cn/images/yxzj/zlkdatasys/audios/audio/20220412/16497528762673.wav"
        },
        {
          "text": "姐姐看到了吗，我打败了你。",
          "link": "//game.gtimg.cn/images/yxzj/zlkdatasys/audios/audio/20220413/16498326477837.wav"
        },
        {
          "text": "让你三招。",
          "link": "//game.gtimg.cn/images/yxzj/zlkdatasys/audios/audio/20220412/16497539426755.wav"
        },
        {
          "text": "此乃绝招前的铺垫，你懂吗。",
          "link": "//game.gtimg.cn/images/yxzj/zlkdatasys/audios/audio/20220412/16497539727399.wav"
        },
        {
          "text": "回回第一，无法摆脱的永恒宿命！",
          "link": "//game.gtimg.cn/images/yxzj/zlkdatasys/audios/audio/20220412/16497539946642.wav"
        },
        {
          "text": "永恒宿命！",
          "link": "//game.gtimg.cn/images/yxzj/zlkdatasys/audios/audio/20220412/16497540063452.wav"
        },
        {
          "text": "你看到这星光了吗。",
          "link": "//game.gtimg.cn/images/yxzj/zlkdatasys/audios/audio/20220412/16497540263118.wav"
        },
        {
          "text": "哈哈哈，这是假的吧，太不经打了。",
          "link": "//game.gtimg.cn/images/yxzj/zlkdatasys/audios/audio/20220412/16497540537181.wav"
        },
        {
          "text": "我会证明给你们看的。",
          "link": "//game.gtimg.cn/images/yxzj/zlkdatasys/audios/audio/20220412/16497703698356.wav"
        },
        {
          "text": "天生我材必有用。",
          "link": "//game.gtimg.cn/images/yxzj/zlkdatasys/audios/audio/20220412/16497703929464.wav"
        },
        {
          "text": "哎，别跑啊对面的。",
          "link": "//game.gtimg.cn/images/yxzj/zlkdatasys/audios/audio/20220412/16497704278465.wav"
        },
        {
          "text": "等着瞧。",
          "link": "//game.gtimg.cn/images/yxzj/zlkdatasys/audios/audio/20220412/16497704405721.wav"
        },
        {
          "text": "高手也是需要休息的。",
          "link": "//game.gtimg.cn/images/yxzj/zlkdatasys/audios/audio/20220412/16497704541034.wav"
        },
        {
          "text": "我还以为对面已经输了。",
          "link": "//game.gtimg.cn/images/yxzj/zlkdatasys/audios/audio/20220412/16497704734687.wav"
        },
        {
          "text": "喂，对面怎么还不投降。",
          "link": "//game.gtimg.cn/images/yxzj/zlkdatasys/audios/audio/20220412/16497704898899.wav"
        },
        {
          "text": "天上那条灿烂的银河里，必定有我的一席之地。",
          "link": "//game.gtimg.cn/images/yxzj/zlkdatasys/audios/audio/20220412/16497705033693.wav"
        },
        {
          "text": "你不会以为，我只会说看剑吧。",
          "link": "//game.gtimg.cn/images/yxzj/zlkdatasys/audios/audio/20220412/16497705188789.wav"
        },
        {
          "text": "长剑向天昂，开团心痒痒，想到就这么做，才是好儿郎。",
          "link": "//game.gtimg.cn/images/yxzj/zlkdatasys/audios/audio/20220412/16497705586327.wav"
        },
        {
          "text": "来点难度行不行。",
          "link": "//game.gtimg.cn/images/yxzj/zlkdatasys/audios/audio/20220412/16497705798800.wav"
        },
        {
          "text": "出风头这种事，让给你们啦。",
          "link": "//game.gtimg.cn/images/yxzj/zlkdatasys/audios/audio/20220412/16497705935503.wav"
        },
        {
          "text": "大河之剑天上来。",
          "link": "//game.gtimg.cn/images/yxzj/zlkdatasys/audios/audio/20220412/16497706143314.wav"
        },
        {
          "text": "遭人妒忌，是高手宿命。",
          "link": "//game.gtimg.cn/images/yxzj/zlkdatasys/audios/audio/20220412/16497706318587.wav"
        },
        {
          "text": "哈，敢单挑吗。",
          "link": "//game.gtimg.cn/images/yxzj/zlkdatasys/audios/audio/20220412/16497706445780.wav"
        },
        {
          "text": "灼灼流星剑。",
          "link": "//game.gtimg.cn/images/yxzj/zlkdatasys/audios/audio/20220412/16497706666843.wav"
        },
        {
          "text": "飒踏如流星！",
          "link": "//game.gtimg.cn/images/yxzj/zlkdatasys/audios/audio/20220412/16497706879020.wav"
        },
        {
          "text": "看我一剑。",
          "link": "//game.gtimg.cn/images/yxzj/zlkdatasys/audios/audio/20220412/16497707094621.wav"
        },
        {
          "text": "直上青天，揽星辰！",
          "link": "//game.gtimg.cn/images/yxzj/zlkdatasys/audios/audio/20220412/16497707342925.wav"
        },
        {
          "text": "剑如银河，落九天！",
          "link": "//game.gtimg.cn/images/yxzj/zlkdatasys/audios/audio/20220412/16497707498246.wav"
        },
        {
          "text": "别动，超级能量蕴藏在我体中时辰不对就会一碰就炸。",
          "link": "//game.gtimg.cn/images/yxzj/zlkdatasys/audios/audio/20220412/16497707756969.wav"
        },
        {
          "text": "你看剑吗",
          "link": "//game.gtimg.cn/images/yxzj/zlkdatasys/audios/audio/20220412/16497708014071.wav"
        },
        {
          "text": "准备好被本人的帅气，闪瞎眼了吗。",
          "link": "//game.gtimg.cn/images/yxzj/zlkdatasys/audios/audio/20220412/16497708161065.wav"
        },
        {
          "text": "师哥，为什么有人说我们该成立一个杂耍戏班？",
          "link": "//game.gtimg.cn/images/yxzj/zlkdatasys/audios/audio/20220412/16497708527950.wav"
        },
        {
          "text": "和我一起去征服世界吧，偶像！",
          "link": "//game.gtimg.cn/images/yxzj/zlkdatasys/audios/audio/20220412/16497709044146.wav"
        },
        {
          "text": "打败你之前，今天哪也不去。",
          "link": "//game.gtimg.cn/images/yxzj/zlkdatasys/audios/audio/20220413/16498327171858.wav"
        },
        {
          "text": "哼，冷冰冰的女人。",
          "link": "//game.gtimg.cn/images/yxzj/zlkdatasys/audios/audio/20220427/16510489517060.mp3"
        },
        {
          "text": "班叔，集合啦！！！",
          "link": "//game.gtimg.cn/images/yxzj/zlkdatasys/audios/audio/20220427/16510492508267.mp3"
        },
        {
          "text": "用不着翅膀啦，本天才带你飞！",
          "link": "//game.gtimg.cn/images/yxzj/zlkdatasys/audios/audio/20220427/16510492739677.mp3"
        },
        {
          "text": "听我指挥！",
          "link": "//game.gtimg.cn/images/yxzj/zlkdatasys/audios/audio/20220427/16510493741887.mp3"
        },
        {
          "text": "叛徒！",
          "link": "//game.gtimg.cn/images/yxzj/zlkdatasys/audios/audio/20220427/16510495759004.mp3"
        },
        {
          "text": "哈，你这个叛徒！",
          "link": "//game.gtimg.cn/images/yxzj/zlkdatasys/audios/audio/20220427/16510496552734.wav"
        },
        {
          "text": "哈，我就知道你会当叛徒！",
          "link": "//game.gtimg.cn/images/yxzj/zlkdatasys/audios/audio/20220427/16510496319424.wav"
        },
        {
          "text": "哈，小叛徒！",
          "link": "//game.gtimg.cn/images/yxzj/zlkdatasys/audios/audio/20220427/16510496829721.mp3"
        },
        {
          "text": "加入星之队吧，师哥！",
          "link": "//game.gtimg.cn/images/yxzj/zlkdatasys/audios/audio/20220428/16511313518137.mp3"
        },
        {
          "text": "啊，师哥再见。",
          "link": "//game.gtimg.cn/images/yxzj/zlkdatasys/audios/audio/20220428/16511313934044.mp3"
        },
        {
          "text": "来吧师哥，加入星之队，你就再也不会当第二了！",
          "link": "//game.gtimg.cn/images/yxzj/zlkdatasys/audios/audio/20220428/16511314255161.mp3"
        },
        {
          "text": "老师，我错了。",
          "link": "//game.gtimg.cn/images/yxzj/zlkdatasys/audios/audio/20220428/16511315449310.mp3"
        },
        {
          "text": "老师！我一直梦见自己拯救了王者大陆！",
          "link": "//game.gtimg.cn/images/yxzj/zlkdatasys/audios/audio/20220428/16511316012349.mp3"
        },
        {
          "text": "老师好，我是武道学院第一名天才学子，星之队队……",
          "link": "//game.gtimg.cn/images/yxzj/zlkdatasys/audios/audio/20220428/16511316323051.mp3"
        },
        {
          "text": "加入星之队吧，师姐！",
          "link": "//game.gtimg.cn/images/yxzj/zlkdatasys/audios/audio/20220428/16511316739675.mp3"
        },
        {
          "text": "师哥！不要再毁灭知识了！改过自新，前进吧!",
          "link": "//game.gtimg.cn/images/yxzj/zlkdatasys/audios/audio/20220428/16511316978031.mp3"
        },
        {
          "text": "嗨，长安的朋友，你见过我的偶像吗？",
          "link": "//game.gtimg.cn/images/yxzj/zlkdatasys/audios/audio/20221129/16697147765577.mp3"
        },
        {
          "text": "我的偶像是剑仙李白，长安朋友还请告诉我，他平日都爱去哪？",
          "link": "//game.gtimg.cn/images/yxzj/zlkdatasys/audios/audio/20221129/16697147993973.mp3"
        }
      ],
      "name": "原皮"
    },
    {
      "voice": [
        {
          "text": "生而无畏，战至终章",
          "link": "//game.gtimg.cn/images/yxzj/zlkdatasys/audios/audio/20220413/16498492484304.mp3"
        },
        {
          "text": "来者何人！……本将在此，胆敢夜袭？",
          "link": "//game.gtimg.cn/images/yxzj/zlkdatasys/audios/audio/20220418/16502690997371.mp3"
        },
        {
          "text": "城头画角起，飞鹰踏云出！",
          "link": "//game.gtimg.cn/images/yxzj/zlkdatasys/audios/audio/20220413/16498492626751.mp3"
        },
        {
          "text": "本人，就是队伍的旌旗",
          "link": "//game.gtimg.cn/images/yxzj/zlkdatasys/audios/audio/20220413/16498433541920.mp3"
        },
        {
          "text": "这个年纪，不热血战斗怎么行！",
          "link": "//game.gtimg.cn/images/yxzj/zlkdatasys/audios/audio/20220413/16498433882593.mp3"
        },
        {
          "text": "送你天才兵法五字箴言——主要靠直觉！",
          "link": "//game.gtimg.cn/images/yxzj/zlkdatasys/audios/audio/20220413/16498434092760.mp3"
        },
        {
          "text": "将在外，军令有所不受咯",
          "link": "//game.gtimg.cn/images/yxzj/zlkdatasys/audios/audio/20220413/16498434285208.mp3"
        },
        {
          "text": "烽烟点燃落日，我点燃战场！",
          "link": "//game.gtimg.cn/images/yxzj/zlkdatasys/audios/audio/20220413/16498434543569.mp3"
        },
        {
          "text": "上达日月，下至山川，泱泱吾土，与你何干？",
          "link": "//game.gtimg.cn/images/yxzj/zlkdatasys/audios/audio/20220413/16498434693449.mp3"
        },
        {
          "text": "白羽发间插，流星腰后挂。常怀报国志，何处不为家",
          "link": "//game.gtimg.cn/images/yxzj/zlkdatasys/audios/audio/20220413/16498434869728.mp3"
        },
        {
          "text": "醉卧沙场…..君莫笑",
          "link": "//game.gtimg.cn/images/yxzj/zlkdatasys/audios/audio/20220413/16498435063595.mp3"
        },
        {
          "text": "接招！",
          "link": "//game.gtimg.cn/images/yxzj/zlkdatasys/audios/audio/20220413/16498435819087.mp3"
        },
        {
          "text": "再接一招！",
          "link": "//game.gtimg.cn/images/yxzj/zlkdatasys/audios/audio/20220413/16498435965098.mp3"
        },
        {
          "text": "还有一招",
          "link": "//game.gtimg.cn/images/yxzj/zlkdatasys/audios/audio/20220413/16498437307017.mp3"
        },
        {
          "text": "嘿！是个连招！",
          "link": "//game.gtimg.cn/images/yxzj/zlkdatasys/audios/audio/20220413/16498437468584.mp3"
        },
        {
          "text": "乘风展翅！",
          "link": "//game.gtimg.cn/images/yxzj/zlkdatasys/audios/audio/20220413/16498437636889.mp3"
        },
        {
          "text": "展翅乘风！",
          "link": "//game.gtimg.cn/images/yxzj/zlkdatasys/audios/audio/20220413/16498438255858.mp3"
        },
        {
          "text": "凌云之志！",
          "link": "//game.gtimg.cn/images/yxzj/zlkdatasys/audios/audio/20220413/16498438582672.mp3"
        },
        {
          "text": "鹰击长空！",
          "link": "//game.gtimg.cn/images/yxzj/zlkdatasys/audios/audio/20220413/16498438757370.mp3"
        },
        {
          "text": "兵不厌诈",
          "link": "//game.gtimg.cn/images/yxzj/zlkdatasys/audios/audio/20220413/16498439169560.mp3"
        },
        {
          "text": "兵不厌一诈再诈",
          "link": "//game.gtimg.cn/images/yxzj/zlkdatasys/audios/audio/20220413/16498439361633.mp3"
        },
        {
          "text": "飞鹰之势，无人可挡！",
          "link": "//game.gtimg.cn/images/yxzj/zlkdatasys/audios/audio/20220413/16498439564130.mp3"
        },
        {
          "text": "将军，我回来了！",
          "link": "//game.gtimg.cn/images/yxzj/zlkdatasys/audios/audio/20220413/16498439772912.mp3"
        },
        {
          "text": "除了帅气，无话可说！",
          "link": "//game.gtimg.cn/images/yxzj/zlkdatasys/audios/audio/20220413/16498439912182.mp3"
        },
        {
          "text": "通报姓名就不必了，本将的时间很宝贵的",
          "link": "//game.gtimg.cn/images/yxzj/zlkdatasys/audios/audio/20220413/16498440033839.mp3"
        },
        {
          "text": "清醒点儿，兄弟",
          "link": "//game.gtimg.cn/images/yxzj/zlkdatasys/audios/audio/20220413/16498440158173.mp3"
        },
        {
          "text": "我想要的胜利，没有拿不到的",
          "link": "//game.gtimg.cn/images/yxzj/zlkdatasys/audios/audio/20220413/16498440274289.mp3"
        },
        {
          "text": "犒赏三军，火锅走起！",
          "link": "//game.gtimg.cn/images/yxzj/zlkdatasys/audios/audio/20220413/16498441238147.mp3"
        },
        {
          "text": "哎~~每场战斗都是重复的开头",
          "link": "//game.gtimg.cn/images/yxzj/zlkdatasys/audios/audio/20220413/16498441421997.mp3"
        },
        {
          "text": "日常战绩如此",
          "link": "//game.gtimg.cn/images/yxzj/zlkdatasys/audios/audio/20220413/16498441622768.mp3"
        },
        {
          "text": "辛苦你们打扫战场啦",
          "link": "//game.gtimg.cn/images/yxzj/zlkdatasys/audios/audio/20220413/16498441808609.mp3"
        },
        {
          "text": "出现了！传说中的不战而胜",
          "link": "//game.gtimg.cn/images/yxzj/zlkdatasys/audios/audio/20220413/16498441932421.mp3"
        }
      ],
      "name": "云鹰飞将"
    },
    {
      "voice": [
        {
          "text": "逍遥江湖，纵横四海！",
          "link": "//game.gtimg.cn/images/yxzj/zlkdatasys/audios/audio/20220415/16500035726893.wav"
        },
        {
          "text": "千里崎岖不辞苦，仗剑江湖为红颜。",
          "link": "//game.gtimg.cn/images/yxzj/zlkdatasys/audios/audio/20220415/16500035576095.wav"
        },
        {
          "text": "挥剑笑，斩怒风！",
          "link": "//game.gtimg.cn/images/yxzj/zlkdatasys/audios/audio/20220415/16500035409442.wav"
        },
        {
          "text": "我李逍遥可以对天发誓，从今以后决不让你一人孤苦伶仃！",
          "link": "//game.gtimg.cn/images/yxzj/zlkdatasys/audios/audio/20220413/16498449023767.wav"
        },
        {
          "text": "将来，要像我爹娘一样练成绝世武功，成为一代大侠~",
          "link": "//game.gtimg.cn/images/yxzj/zlkdatasys/audios/audio/20220413/16498449269613.wav"
        },
        {
          "text": "既不回头，何必不忘……既然无缘，何须誓言……",
          "link": "//game.gtimg.cn/images/yxzj/zlkdatasys/audios/audio/20220413/16498449449529.wav"
        },
        {
          "text": "魔非魔，道非道，善恶在人心。",
          "link": "//game.gtimg.cn/images/yxzj/zlkdatasys/audios/audio/20220413/16498449591839.wav"
        },
        {
          "text": "等一切结束后，我们就去游山玩水，吃遍天下珍味！",
          "link": "//game.gtimg.cn/images/yxzj/zlkdatasys/audios/audio/20220413/16498449917435.wav"
        },
        {
          "text": "如果这是场梦……又该如何结束呢？",
          "link": "//game.gtimg.cn/images/yxzj/zlkdatasys/audios/audio/20220413/16498450067042.wav"
        },
        {
          "text": "这位仁兄，不想打架的话，就请让路吧！",
          "link": "//game.gtimg.cn/images/yxzj/zlkdatasys/audios/audio/20220413/16498450217830.wav"
        },
        {
          "text": "一切都是冥冥之中的安排吗。",
          "link": "//game.gtimg.cn/images/yxzj/zlkdatasys/audios/audio/20220413/16498450458371.wav"
        },
        {
          "text": "今日种种，似水无痕……",
          "link": "//game.gtimg.cn/images/yxzj/zlkdatasys/audios/audio/20220413/16498451135169.wav"
        },
        {
          "text": "胜败乃兵家常事，大侠请重新来过~",
          "link": "//game.gtimg.cn/images/yxzj/zlkdatasys/audios/audio/20220413/16498451329809.wav"
        },
        {
          "text": "手下败将，还想自讨苦吃？",
          "link": "//game.gtimg.cn/images/yxzj/zlkdatasys/audios/audio/20220413/16498451517813.wav"
        },
        {
          "text": "御剑术！",
          "link": "//game.gtimg.cn/images/yxzj/zlkdatasys/audios/audio/20220413/16498451679728.wav"
        },
        {
          "text": "天师符法！",
          "link": "//game.gtimg.cn/images/yxzj/zlkdatasys/audios/audio/20220413/16498451816961.wav"
        },
        {
          "text": "看招！",
          "link": "//game.gtimg.cn/images/yxzj/zlkdatasys/audios/audio/20220413/16498452517984.wav"
        },
        {
          "text": "嘿嘿~虚晃一招！",
          "link": "//game.gtimg.cn/images/yxzj/zlkdatasys/audios/audio/20220413/16498452668669.wav"
        },
        {
          "text": "小试身手~",
          "link": "//game.gtimg.cn/images/yxzj/zlkdatasys/audios/audio/20220413/16498452823108.wav"
        },
        {
          "text": "仙风云体术！",
          "link": "//game.gtimg.cn/images/yxzj/zlkdatasys/audios/audio/20220413/16498452959332.wav"
        },
        {
          "text": "剑神！",
          "link": "//game.gtimg.cn/images/yxzj/zlkdatasys/audios/audio/20220413/16498453125493.wav"
        },
        {
          "text": "见人有难，不能不管~",
          "link": "//game.gtimg.cn/images/yxzj/zlkdatasys/audios/audio/20220413/16498455261709.wav"
        },
        {
          "text": "酒神咒！",
          "link": "//game.gtimg.cn/images/yxzj/zlkdatasys/audios/audio/20220413/16498455448267.wav"
        },
        {
          "text": "万剑诀！",
          "link": "//game.gtimg.cn/images/yxzj/zlkdatasys/audios/audio/20220413/16498455684051.wav"
        },
        {
          "text": "这叫行侠仗义~",
          "link": "//game.gtimg.cn/images/yxzj/zlkdatasys/audios/audio/20220413/16498455988959.wav"
        },
        {
          "text": "你也想成为十里坡剑神？",
          "link": "//game.gtimg.cn/images/yxzj/zlkdatasys/audios/audio/20220413/16498456199492.wav"
        },
        {
          "text": "来呀，你打得到我吗？",
          "link": "//game.gtimg.cn/images/yxzj/zlkdatasys/audios/audio/20220413/16498456377950.wav"
        },
        {
          "text": "你这个作恶多端的……啊，婶婶！",
          "link": "//game.gtimg.cn/images/yxzj/zlkdatasys/audios/audio/20220413/16498456531428.wav"
        },
        {
          "text": "承让咯~",
          "link": "//game.gtimg.cn/images/yxzj/zlkdatasys/audios/audio/20220413/16498456783282.wav"
        },
        {
          "text": "替天行道！",
          "link": "//game.gtimg.cn/images/yxzj/zlkdatasys/audios/audio/20220413/16498456997161.wav"
        },
        {
          "text": "路见不平，拔刀相助~",
          "link": "//game.gtimg.cn/images/yxzj/zlkdatasys/audios/audio/20220413/16498457222892.wav"
        },
        {
          "text": "你相信时光倒流吗？",
          "link": "//game.gtimg.cn/images/yxzj/zlkdatasys/audios/audio/20220413/16498457404359.wav"
        }
      ],
      "name": "李逍遥"
    },
    {
      "voice": [
        {
          "text": "九河沧，四野茫，珍灵助，祐一方！",
          "link": "//game.gtimg.cn/images/yxzj/zlkdatasys/audios/audio/20230216/16765297693720.mp3"
        },
        {
          "text": "倒排山岳，阖辟云雷！",
          "link": "//game.gtimg.cn/images/yxzj/zlkdatasys/audios/audio/20230216/16765298288362.mp3"
        },
        {
          "text": "挥雷电，运玄星！凝瑞气，定山海！",
          "link": "//game.gtimg.cn/images/yxzj/zlkdatasys/audios/audio/20230216/16765298622015.mp3"
        },
        {
          "text": "山海有灵，天地共生",
          "link": "//game.gtimg.cn/images/yxzj/zlkdatasys/audios/audio/20230215/16764511895272.mp3"
        },
        {
          "text": "曾去山海三万里，长锋斩断九天雷～",
          "link": "//game.gtimg.cn/images/yxzj/zlkdatasys/audios/audio/20230215/16764512173440.mp3"
        },
        {
          "text": "天降大任，舍我其谁～",
          "link": "//game.gtimg.cn/images/yxzj/zlkdatasys/audios/audio/20230215/16764512362261.mp3"
        },
        {
          "text": "赤山破，耶溪涸，铸吾锋刃斩天壑！",
          "link": "//game.gtimg.cn/images/yxzj/zlkdatasys/audios/audio/20230215/16764512591771.mp3"
        },
        {
          "text": "既领天命之名，必行天命之事！",
          "link": "//game.gtimg.cn/images/yxzj/zlkdatasys/audios/audio/20230215/16764512836196.mp3"
        },
        {
          "text": "千里乘风去，飞刃斩鸣雷！",
          "link": "//game.gtimg.cn/images/yxzj/zlkdatasys/audios/audio/20230215/16764512992633.mp3"
        },
        {
          "text": "星河在天，曾照少时心言。",
          "link": "//game.gtimg.cn/images/yxzj/zlkdatasys/audios/audio/20230215/16764513163222.mp3"
        },
        {
          "text": "我有一宝剑，出自昆吾溪，照人如照水，切玉如切泥～",
          "link": "//game.gtimg.cn/images/yxzj/zlkdatasys/audios/audio/20230215/16764513363548.mp3"
        },
        {
          "text": "别人靠运气，本人靠实力～",
          "link": "//game.gtimg.cn/images/yxzj/zlkdatasys/audios/audio/20230215/16764513566312.mp3"
        },
        {
          "text": "来如光电，逝如飞尘……",
          "link": "//game.gtimg.cn/images/yxzj/zlkdatasys/audios/audio/20230215/16764521799657.mp3"
        },
        {
          "text": "追电，我们...可以回家了。",
          "link": "//game.gtimg.cn/images/yxzj/zlkdatasys/audios/audio/20230215/16764522039899.mp3"
        },
        {
          "text": "朋友，后会有期～",
          "link": "//game.gtimg.cn/images/yxzj/zlkdatasys/audios/audio/20230215/16764522302984.mp3"
        },
        {
          "text": "让你几招也无妨～",
          "link": "//game.gtimg.cn/images/yxzj/zlkdatasys/audios/audio/20230215/16764522894497.mp3"
        },
        {
          "text": "追电！",
          "link": "//game.gtimg.cn/images/yxzj/zlkdatasys/audios/audio/20230215/16764523234592.mp3"
        },
        {
          "text": "接剑！",
          "link": "//game.gtimg.cn/images/yxzj/zlkdatasys/audios/audio/20230215/16764523717350.mp3"
        },
        {
          "text": "你接得住嘛～",
          "link": "//game.gtimg.cn/images/yxzj/zlkdatasys/audios/audio/20230215/16764524031509.mp3"
        },
        {
          "text": "雷鸣大泽！",
          "link": "//game.gtimg.cn/images/yxzj/zlkdatasys/audios/audio/20230215/16764524658550.mp3"
        },
        {
          "text": "电彻重云！",
          "link": "//game.gtimg.cn/images/yxzj/zlkdatasys/audios/audio/20230215/16764524881763.mp3"
        },
        {
          "text": "烁金为刃！",
          "link": "//game.gtimg.cn/images/yxzj/zlkdatasys/audios/audio/20230215/16764525166153.mp3"
        },
        {
          "text": "奇气通灵！",
          "link": "//game.gtimg.cn/images/yxzj/zlkdatasys/audios/audio/20230215/16764525432900.mp3"
        },
        {
          "text": "（诶~）先礼后兵～",
          "link": "//game.gtimg.cn/images/yxzj/zlkdatasys/audios/audio/20230215/16764525685039.mp3"
        },
        {
          "text": "白虹切玉！/紫气干星！",
          "link": "//game.gtimg.cn/images/yxzj/zlkdatasys/audios/audio/20230215/16764525951143.mp3"
        },
        {
          "text": "此一时，彼一时～",
          "link": "//game.gtimg.cn/images/yxzj/zlkdatasys/audios/audio/20230215/16764526195206.mp3"
        },
        {
          "text": "紫电冲霄！",
          "link": "//game.gtimg.cn/images/yxzj/zlkdatasys/audios/audio/20230215/16764526458288.mp3"
        },
        {
          "text": "捷足先登，快你一步～",
          "link": "//game.gtimg.cn/images/yxzj/zlkdatasys/audios/audio/20230215/16764526804993.mp3"
        },
        {
          "text": "来而不往非礼也～",
          "link": "//game.gtimg.cn/images/yxzj/zlkdatasys/audios/audio/20230215/16764527038923.mp3"
        },
        {
          "text": "看这～追电，看这！",
          "link": "//game.gtimg.cn/images/yxzj/zlkdatasys/audios/audio/20230215/16764527425376.mp3"
        },
        {
          "text": "喂，喂！你这个坏家伙！",
          "link": "//game.gtimg.cn/images/yxzj/zlkdatasys/audios/audio/20230215/16764527805694.mp3"
        },
        {
          "text": "朋友，你的运气可真不赖！",
          "link": "//game.gtimg.cn/images/yxzj/zlkdatasys/audios/audio/20230215/16764528534435.mp3"
        },
        {
          "text": "看我大展身手！",
          "link": "//game.gtimg.cn/images/yxzj/zlkdatasys/audios/audio/20230215/16764528839453.mp3"
        },
        {
          "text": "我和追电可是很不错的帮手！",
          "link": "//game.gtimg.cn/images/yxzj/zlkdatasys/audios/audio/20230215/16764529128684.mp3"
        },
        {
          "text": "心游四海，精鹜八极～",
          "link": "//game.gtimg.cn/images/yxzj/zlkdatasys/audios/audio/20230215/16764529343162.mp3"
        },
        {
          "text": "追电，你这个偷懒的大猫咪！",
          "link": "//game.gtimg.cn/images/yxzj/zlkdatasys/audios/audio/20230215/16764529586016.mp3"
        },
        {
          "text": "来来来，听我继续讲大战雷云的故事。",
          "link": "//game.gtimg.cn/images/yxzj/zlkdatasys/audios/audio/20230215/16764529949565.mp3"
        },
        {
          "text": "我穿越过雷霆，还拯救了山海，厉害吧？",
          "link": "//game.gtimg.cn/images/yxzj/zlkdatasys/audios/audio/20230215/16764530196786.mp3"
        },
        {
          "text": "整个山海之界，也只有你的剑术能和我一较高低了～",
          "link": "//game.gtimg.cn/images/yxzj/zlkdatasys/audios/audio/20230215/16764530457022.mp3"
        },
        {
          "text": "白民之国果然阔绰～嘿嘿多谢款待！",
          "link": "//game.gtimg.cn/images/yxzj/zlkdatasys/audios/audio/20230215/16764530725641.mp3"
        }
      ],
      "name": "山海·苍雷引"
    }
  ]
}
