{
  "data": [
    {
      "voice": [
        {
          "text": "天上天下，共同世界。",
          "link": "//game.gtimg.cn/images/yxzj/zlkdatasys/audios/audio/20220407/16493204902026.wav"
        },
        {
          "text": "黑色，光明的预演。",
          "link": "//game.gtimg.cn/images/yxzj/zlkdatasys/audios/audio/20220407/16493206124680.wav"
        },
        {
          "text": "走近些，但别太近。",
          "link": "//game.gtimg.cn/images/yxzj/zlkdatasys/audios/audio/20220407/16493206655216.wav"
        },
        {
          "text": "在你们行动起来之前，我是个形单影只的君王。",
          "link": "//game.gtimg.cn/images/yxzj/zlkdatasys/audios/audio/20220407/16493207597785.wav"
        },
        {
          "text": "律法不是被制造出来的，是由行动创造的。",
          "link": "//game.gtimg.cn/images/yxzj/zlkdatasys/audios/audio/20220407/16493208243655.wav"
        },
        {
          "text": "别相信人的善良。",
          "link": "//game.gtimg.cn/images/yxzj/zlkdatasys/audios/audio/20220407/16493208461627.wav"
        },
        {
          "text": "向所有人显现的东西，才叫公正。",
          "link": "//game.gtimg.cn/images/yxzj/zlkdatasys/audios/audio/20220407/16493208674961.wav"
        },
        {
          "text": "我的剑，从高悬在世人上空的乌云里落下来，宣告闪电的到来。",
          "link": "//game.gtimg.cn/images/yxzj/zlkdatasys/audios/audio/20220407/16493208953833.wav"
        },
        {
          "text": "朝高处看。",
          "link": "//game.gtimg.cn/images/yxzj/zlkdatasys/audios/audio/20220407/16493209921055.wav"
        },
        {
          "text": "宣告来了！",
          "link": "//game.gtimg.cn/images/yxzj/zlkdatasys/audios/audio/20220407/16493210873151.wav"
        },
        {
          "text": "让你看看，什么是针对。",
          "link": "//game.gtimg.cn/images/yxzj/zlkdatasys/audios/audio/20220407/16493211057020.wav"
        },
        {
          "text": "别过来，我在思考。",
          "link": "//game.gtimg.cn/images/yxzj/zlkdatasys/audios/audio/20220407/16493211249349.wav"
        },
        {
          "text": "没时间聊天。",
          "link": "//game.gtimg.cn/images/yxzj/zlkdatasys/audios/audio/20220407/16493211567791.wav"
        },
        {
          "text": "给我行动！",
          "link": "//game.gtimg.cn/images/yxzj/zlkdatasys/audios/audio/20220407/16493211716333.wav"
        },
        {
          "text": "针对一切！",
          "link": "//game.gtimg.cn/images/yxzj/zlkdatasys/audios/audio/20220407/16493211962837.wav"
        },
        {
          "text": "哼哼...罪该万死！",
          "link": "//game.gtimg.cn/images/yxzj/zlkdatasys/audios/audio/20220407/16493217275867.wav"
        },
        {
          "text": "永远砸碎铁链吧，无论是可见的还是隐形的。",
          "link": "//game.gtimg.cn/images/yxzj/zlkdatasys/audios/audio/20220407/16493218405608.wav"
        },
        {
          "text": "太阳之外……",
          "link": "//game.gtimg.cn/images/yxzj/zlkdatasys/audios/audio/20220407/16493218632510.wav"
        },
        {
          "text": "强迫症在战场上很有用。",
          "link": "//game.gtimg.cn/images/yxzj/zlkdatasys/audios/audio/20220407/16493218929514.wav"
        },
        {
          "text": "请暂时别安排我做噩梦，我需要几个月时间缓缓。",
          "link": "//game.gtimg.cn/images/yxzj/zlkdatasys/audios/audio/20220407/16493219243551.wav"
        },
        {
          "text": "没有一门科学不是政治。",
          "link": "//game.gtimg.cn/images/yxzj/zlkdatasys/audios/audio/20220407/16493219448307.wav"
        },
        {
          "text": "你的生活方式不正确。",
          "link": "//game.gtimg.cn/images/yxzj/zlkdatasys/audios/audio/20220407/16493219607881.wav"
        },
        {
          "text": "复仇这种念头，对于人来说毫无价值。",
          "link": "//game.gtimg.cn/images/yxzj/zlkdatasys/audios/audio/20220407/16493219779642.wav"
        },
        {
          "text": "我对摇滚没有偏见。",
          "link": "//game.gtimg.cn/images/yxzj/zlkdatasys/audios/audio/20220407/16493220049762.wav"
        },
        {
          "text": "仰望夜空，然而没见到你。",
          "link": "//game.gtimg.cn/images/yxzj/zlkdatasys/audios/audio/20220407/16493220356251.wav"
        },
        {
          "text": "时刻能看得见自己，是一种美德。",
          "link": "//game.gtimg.cn/images/yxzj/zlkdatasys/audios/audio/20220407/16493220575686.wav"
        },
        {
          "text": "饭吃七分饱，餐后多运动。",
          "link": "//game.gtimg.cn/images/yxzj/zlkdatasys/audios/audio/20220407/16493220805368.wav"
        },
        {
          "text": "祝你平安。",
          "link": "//game.gtimg.cn/images/yxzj/zlkdatasys/audios/audio/20220407/16493221063747.wav"
        },
        {
          "text": "但愿你来世活得清楚。",
          "link": "//game.gtimg.cn/images/yxzj/zlkdatasys/audios/audio/20220407/16493221493194.wav"
        },
        {
          "text": "别来虚的，给我交个底。",
          "link": "//game.gtimg.cn/images/yxzj/zlkdatasys/audios/audio/20220407/16493221885623.wav"
        },
        {
          "text": "永不离开",
          "link": "//game.gtimg.cn/images/yxzj/zlkdatasys/audios/audio/20220428/16511306898969.mp3"
        }
      ],
      "name": "原皮"
    },
    {
      "voice": [
        {
          "text": "复古青春，永恒传奇~",
          "link": "//game.gtimg.cn/images/yxzj/zlkdatasys/audios/audio/20220407/16493224003076.wav"
        },
        {
          "text": "今夜，随我起舞！",
          "link": "//game.gtimg.cn/images/yxzj/zlkdatasys/audios/audio/20220407/16493224447407.wav"
        },
        {
          "text": "音乐，是一场冒险！",
          "link": "//game.gtimg.cn/images/yxzj/zlkdatasys/audios/audio/20220407/16493224692217.wav"
        },
        {
          "text": "或是现在，或是永不。",
          "link": "//game.gtimg.cn/images/yxzj/zlkdatasys/audios/audio/20220407/16493226531196.wav"
        },
        {
          "text": "亲爱的，让我们去看戏~",
          "link": "//game.gtimg.cn/images/yxzj/zlkdatasys/audios/audio/20220407/16493226719005.wav"
        },
        {
          "text": "温柔的爱我吧~",
          "link": "//game.gtimg.cn/images/yxzj/zlkdatasys/audios/audio/20220407/16493227115261.wav"
        },
        {
          "text": "今夜是否孤独？",
          "link": "//game.gtimg.cn/images/yxzj/zlkdatasys/audios/audio/20220407/16493227294630.wav"
        },
        {
          "text": "试图靠近你。",
          "link": "//game.gtimg.cn/images/yxzj/zlkdatasys/audios/audio/20220407/16493227492167.wav"
        },
        {
          "text": "我这个笨蛋……",
          "link": "//game.gtimg.cn/images/yxzj/zlkdatasys/audios/audio/20220407/16493227934800.wav"
        },
        {
          "text": "监狱摇滚！",
          "link": "//game.gtimg.cn/images/yxzj/zlkdatasys/audios/audio/20220407/16493228643404.wav"
        },
        {
          "text": "无情的心~",
          "link": "//game.gtimg.cn/images/yxzj/zlkdatasys/audios/audio/20220407/16493228871843.wav"
        },
        {
          "text": "太多的爱！",
          "link": "//game.gtimg.cn/images/yxzj/zlkdatasys/audios/audio/20220407/16493229046274.wav"
        },
        {
          "text": "好极了！",
          "link": "//game.gtimg.cn/images/yxzj/zlkdatasys/audios/audio/20220407/16493229389093.wav"
        },
        {
          "text": "作为一个桀骜不驯的人，你可套路不住我~",
          "link": "//game.gtimg.cn/images/yxzj/zlkdatasys/audios/audio/20220407/16493229511788.wav"
        }
      ],
      "name": "摇滚巨星"
    },
    {
      "voice": [
        {
          "text": "与时光共存。",
          "link": "//game.gtimg.cn/images/yxzj/zlkdatasys/audios/audio/20220407/16493232549176.wav"
        },
        {
          "text": "无法进入世界的轮回……",
          "link": "//game.gtimg.cn/images/yxzj/zlkdatasys/audios/audio/20220407/16493232774307.wav"
        },
        {
          "text": "夜场电影是唯一爱好。",
          "link": "//game.gtimg.cn/images/yxzj/zlkdatasys/audios/audio/20220407/16493232906365.wav"
        },
        {
          "text": "你又是哪个百年的过客？",
          "link": "//game.gtimg.cn/images/yxzj/zlkdatasys/audios/audio/20220407/16493233426514.wav"
        },
        {
          "text": "长寿的秘诀，少管闲事。",
          "link": "//game.gtimg.cn/images/yxzj/zlkdatasys/audios/audio/20220407/16493234504498.wav"
        },
        {
          "text": "何必追忆过往，一切都成过往。",
          "link": "//game.gtimg.cn/images/yxzj/zlkdatasys/audios/audio/20220407/16493234623925.wav"
        },
        {
          "text": "蝙蝠侠？我需要认识吗。",
          "link": "//game.gtimg.cn/images/yxzj/zlkdatasys/audios/audio/20220407/16493234829075.wav"
        },
        {
          "text": "我的传记足够写几部世纪编年史~",
          "link": "//game.gtimg.cn/images/yxzj/zlkdatasys/audios/audio/20220407/16493234951226.wav"
        },
        {
          "text": "解脱了，永生",
          "link": "//game.gtimg.cn/images/yxzj/zlkdatasys/audios/audio/20220407/16493235348749.wav"
        },
        {
          "text": "灵魂的收割！",
          "link": "//game.gtimg.cn/images/yxzj/zlkdatasys/audios/audio/20220407/16493236344090.wav"
        },
        {
          "text": "聆听午夜钟声~",
          "link": "//game.gtimg.cn/images/yxzj/zlkdatasys/audios/audio/20220407/16493236526405.wav"
        },
        {
          "text": "暗夜，不可逃离！",
          "link": "//game.gtimg.cn/images/yxzj/zlkdatasys/audios/audio/20220407/16493236635225.wav"
        },
        {
          "text": "生命倒数！",
          "link": "//game.gtimg.cn/images/yxzj/zlkdatasys/audios/audio/20220407/16493236855211.wav"
        },
        {
          "text": "记住，我终究是个贵族！",
          "link": "//game.gtimg.cn/images/yxzj/zlkdatasys/audios/audio/20220407/16493236978388.wav"
        }
      ],
      "name": "暗夜贵公子"
    },
    {
      "voice": [
        {
          "text": "人生苦短，及时寻乐~",
          "link": "//game.gtimg.cn/images/yxzj/zlkdatasys/audios/audio/20220407/16493238454674.wav"
        },
        {
          "text": "口袋里揣着把戏，袖子里藏着花招~",
          "link": "//game.gtimg.cn/images/yxzj/zlkdatasys/audios/audio/20220407/16493238629232.wav"
        },
        {
          "text": "邂逅就像电影，每出都不一样~",
          "link": "//game.gtimg.cn/images/yxzj/zlkdatasys/audios/audio/20220407/16493238737505.wav"
        },
        {
          "text": "熄灭你的蜡烛吧，这个世界是用闪电照明的~",
          "link": "//game.gtimg.cn/images/yxzj/zlkdatasys/audios/audio/20220407/16493238937620.wav"
        },
        {
          "text": "人一到深夜，就酸不拉几。",
          "link": "//game.gtimg.cn/images/yxzj/zlkdatasys/audios/audio/20220407/16493239111552.wav"
        },
        {
          "text": "最讨厌看编年史。",
          "link": "//game.gtimg.cn/images/yxzj/zlkdatasys/audios/audio/20220407/16493239248002.wav"
        },
        {
          "text": "想认识蝙蝠侠~",
          "link": "//game.gtimg.cn/images/yxzj/zlkdatasys/audios/audio/20220407/16493239378838.wav"
        },
        {
          "text": "死于……多情……",
          "link": "//game.gtimg.cn/images/yxzj/zlkdatasys/audios/audio/20220407/16493239611466.wav"
        },
        {
          "text": "送你一支蓝玫瑰~",
          "link": "//game.gtimg.cn/images/yxzj/zlkdatasys/audios/audio/20220407/16493239784051.wav"
        },
        {
          "text": "自我保护~永恒的人生哲理~",
          "link": "//game.gtimg.cn/images/yxzj/zlkdatasys/audios/audio/20220407/16493239948992.wav"
        },
        {
          "text": "感受下我的追求！",
          "link": "//game.gtimg.cn/images/yxzj/zlkdatasys/audios/audio/20220407/16493240074097.wav"
        },
        {
          "text": "爱情，有时候很锋利！",
          "link": "//game.gtimg.cn/images/yxzj/zlkdatasys/audios/audio/20220407/16493240237386.wav"
        },
        {
          "text": "我可记不住你是谁~",
          "link": "//game.gtimg.cn/images/yxzj/zlkdatasys/audios/audio/20220407/16493240351545.wav"
        }
      ],
      "name": "优雅恋人"
    },
    {
      "voice": [
        {
          "text": "凡人之上，众神之下！",
          "link": "//game.gtimg.cn/images/yxzj/zlkdatasys/audios/audio/20220407/16493250176313.wav"
        },
        {
          "text": "刺痛陨落的灵魂！",
          "link": "//game.gtimg.cn/images/yxzj/zlkdatasys/audios/audio/20220407/16493250437226.wav"
        },
        {
          "text": "勇者无畏！",
          "link": "//game.gtimg.cn/images/yxzj/zlkdatasys/audios/audio/20220407/16493250635434.wav"
        },
        {
          "text": "觉醒，还是沉沦？",
          "link": "//game.gtimg.cn/images/yxzj/zlkdatasys/audios/audio/20220407/16493265638772.wav"
        },
        {
          "text": "点亮早起者的希望~",
          "link": "//game.gtimg.cn/images/yxzj/zlkdatasys/audios/audio/20220407/16493265891704.wav"
        },
        {
          "text": "这才是真正的你！",
          "link": "//game.gtimg.cn/images/yxzj/zlkdatasys/audios/audio/20220407/16493266014974.wav"
        },
        {
          "text": "失去一切之后，不要失去自己",
          "link": "//game.gtimg.cn/images/yxzj/zlkdatasys/audios/audio/20220407/16493266178882.wav"
        },
        {
          "text": "露出你原本的样子！",
          "link": "//game.gtimg.cn/images/yxzj/zlkdatasys/audios/audio/20220407/16493266652293.wav"
        },
        {
          "text": "约好了，下次再战！",
          "link": "//game.gtimg.cn/images/yxzj/zlkdatasys/audios/audio/20220407/16493266797470.wav"
        },
        {
          "text": "曾有人用此剑阵，教我成长！",
          "link": "//game.gtimg.cn/images/yxzj/zlkdatasys/audios/audio/20220407/16493266969386.wav"
        },
        {
          "text": "信仰，就是我的护盾！",
          "link": "//game.gtimg.cn/images/yxzj/zlkdatasys/audios/audio/20220407/16493267088401.wav"
        },
        {
          "text": "你的逃避无路可走！",
          "link": "//game.gtimg.cn/images/yxzj/zlkdatasys/audios/audio/20220407/16493267215135.wav"
        },
        {
          "text": "叫我夜王子的白天~",
          "link": "//game.gtimg.cn/images/yxzj/zlkdatasys/audios/audio/20220407/16493267379788.wav"
        },
        {
          "text": "你一定是个天生的失败者~",
          "link": "//game.gtimg.cn/images/yxzj/zlkdatasys/audios/audio/20220407/16493267481115.wav"
        }
      ],
      "name": "白昼王子"
    }
  ]
}