{
  "data": [
    {
      "voice": [
        {
          "text": "无欲无求，笑口常开~",
          "link": "//game.gtimg.cn/images/yxzj/zlkdatasys/audios/audio/20220412/16497715369462.wav"
        },
        {
          "text": "做个安静的美男子~",
          "link": "//game.gtimg.cn/images/yxzj/zlkdatasys/audios/audio/20220412/16497715689157.wav"
        },
        {
          "text": "哪一个才是真正的我，我自己也不太明白",
          "link": "//game.gtimg.cn/images/yxzj/zlkdatasys/audios/audio/20220412/16497715815132.wav"
        },
        {
          "text": "幸福，令人畏惧。更钟情绝望的美学。",
          "link": "//game.gtimg.cn/images/yxzj/zlkdatasys/audios/audio/20220412/16497716001561.wav"
        },
        {
          "text": "为战斗加点品味，加点恶作剧，嗯，会很有趣。",
          "link": "//game.gtimg.cn/images/yxzj/zlkdatasys/audios/audio/20220412/16497716166400.wav"
        },
        {
          "text": "生命绽放于战场，璀璨却仅限于你的眼中",
          "link": "//game.gtimg.cn/images/yxzj/zlkdatasys/audios/audio/20220412/16497716569829.wav"
        },
        {
          "text": "法则和禁忌存在的意义，不就是被打破吗？",
          "link": "//game.gtimg.cn/images/yxzj/zlkdatasys/audios/audio/20220412/16497716753664.wav"
        },
        {
          "text": "人生如戏，全靠演技",
          "link": "//game.gtimg.cn/images/yxzj/zlkdatasys/audios/audio/20220412/16497717215036.wav"
        },
        {
          "text": "认真我就输了~",
          "link": "//game.gtimg.cn/images/yxzj/zlkdatasys/audios/audio/20220412/16497717355303.wav"
        },
        {
          "text": "去吧",
          "link": "//game.gtimg.cn/images/yxzj/zlkdatasys/audios/audio/20220412/16497717487612.wav"
        },
        {
          "text": "随指尖而舞",
          "link": "//game.gtimg.cn/images/yxzj/zlkdatasys/audios/audio/20220412/16497718826828.wav"
        },
        {
          "text": "喧哗与骚动！",
          "link": "//game.gtimg.cn/images/yxzj/zlkdatasys/audios/audio/20220412/16497718966327.wav"
        },
        {
          "text": "栩栩如生的死亡",
          "link": "//game.gtimg.cn/images/yxzj/zlkdatasys/audios/audio/20220412/16497719112055.wav"
        },
        {
          "text": "美是致命的愉悦！",
          "link": "//game.gtimg.cn/images/yxzj/zlkdatasys/audios/audio/20220412/16497719272384.wav"
        },
        {
          "text": "据说文案已想不出更美妙的语言来赞美我的杰作和你的死亡",
          "link": "//game.gtimg.cn/images/yxzj/zlkdatasys/audios/audio/20220412/16497719456347.wav"
        },
        {
          "text": "生的渺小，死的精彩~",
          "link": "//game.gtimg.cn/images/yxzj/zlkdatasys/audios/audio/20220412/16497719653790.wav"
        },
        {
          "text": "人们最热爱歌咏的英雄",
          "link": "//game.gtimg.cn/images/yxzj/zlkdatasys/audios/audio/20220412/16497719869587.wav"
        },
        {
          "text": "傀儡师连自己也能操纵自如",
          "link": "//game.gtimg.cn/images/yxzj/zlkdatasys/audios/audio/20220412/16497720044278.wav"
        },
        {
          "text": "绽放的璀璨，不在于年龄",
          "link": "//game.gtimg.cn/images/yxzj/zlkdatasys/audios/audio/20220412/16497720192998.wav"
        },
        {
          "text": "似曾相识的熟悉感，我遗忘了什么吗？",
          "link": "//game.gtimg.cn/images/yxzj/zlkdatasys/audios/audio/20220412/16497720547145.wav"
        },
        {
          "text": "愉快的游戏吧，人因游戏而完整",
          "link": "//game.gtimg.cn/images/yxzj/zlkdatasys/audios/audio/20220412/16497720769063.wav"
        },
        {
          "text": "悲剧，就是把美好的东西毁灭给人看",
          "link": "//game.gtimg.cn/images/yxzj/zlkdatasys/audios/audio/20220412/16497720939874.wav"
        },
        {
          "text": "无间道的游戏，可是很有趣的！",
          "link": "//game.gtimg.cn/images/yxzj/zlkdatasys/audios/audio/20220412/16497721176600.wav"
        },
        {
          "text": "对面的你和手中的傀儡同样美妙，同样舞姿翩翩",
          "link": "//game.gtimg.cn/images/yxzj/zlkdatasys/audios/audio/20220412/16497721359754.wav"
        },
        {
          "text": "毫无美感可言",
          "link": "//game.gtimg.cn/images/yxzj/zlkdatasys/audios/audio/20220412/16497721504042.wav"
        },
        {
          "text": "就背景音乐而言，很动听。",
          "link": "//game.gtimg.cn/images/yxzj/zlkdatasys/audios/audio/20220412/16497721689664.wav"
        },
        {
          "text": "缺乏仪式感的决斗，有个同义词叫中二",
          "link": "//game.gtimg.cn/images/yxzj/zlkdatasys/audios/audio/20220412/16497721882371.wav"
        },
        {
          "text": "操纵木偶和操纵心灵是同样的艺术。",
          "link": "//game.gtimg.cn/images/yxzj/zlkdatasys/audios/audio/20220412/16497722112916.wav"
        },
        {
          "text": "噢，世界上的另一个我",
          "link": "//game.gtimg.cn/images/yxzj/zlkdatasys/audios/audio/20220412/16497722345965.wav"
        }
      ],
      "name": "原皮"
    },
    {
      "voice": [
        {
          "text": "（我们都系着无形的线）那是束缚，也是羁绊",
          "link": "//game.gtimg.cn/images/yxzj/zlkdatasys/audios/audio/20220414/16499325901170.mp3"
        },
        {
          "text": "（我用喧哗表达寂寞）用彩色扮演苍白",
          "link": "//game.gtimg.cn/images/yxzj/zlkdatasys/audios/audio/20220414/16499326023328.mp3"
        },
        {
          "text": "（我们操控着木偶）谁又在操控着我们呢",
          "link": "//game.gtimg.cn/images/yxzj/zlkdatasys/audios/audio/20220414/16499326123547.mp3"
        },
        {
          "text": "何必辨认哪一个才是真正的我，享受比思考更愉悦",
          "link": "//game.gtimg.cn/images/yxzj/zlkdatasys/audios/audio/20220412/16497725742445.wav"
        },
        {
          "text": "疼痛，让我们显得真实",
          "link": "//game.gtimg.cn/images/yxzj/zlkdatasys/audios/audio/20220412/16497725899462.wav"
        },
        {
          "text": "永远不要与蠢货争辩，你的时间，值得更好的去处",
          "link": "//game.gtimg.cn/images/yxzj/zlkdatasys/audios/audio/20220412/16497726089729.wav"
        },
        {
          "text": "你知道我在说什么吗",
          "link": "//game.gtimg.cn/images/yxzj/zlkdatasys/audios/audio/20220412/16497726263422.wav"
        },
        {
          "text": "于人声喧哗之处，看无边梦幻泡影",
          "link": "//game.gtimg.cn/images/yxzj/zlkdatasys/audios/audio/20220412/16497726395657.wav"
        },
        {
          "text": "我的过去，都藏在这绝美的戏中",
          "link": "//game.gtimg.cn/images/yxzj/zlkdatasys/audios/audio/20220412/16497726524468.wav"
        },
        {
          "text": "忘掉那些复杂的技巧，你将得到真正的美",
          "link": "//game.gtimg.cn/images/yxzj/zlkdatasys/audios/audio/20220412/16497726675012.wav"
        },
        {
          "text": "完美的，谢幕",
          "link": "//game.gtimg.cn/images/yxzj/zlkdatasys/audios/audio/20220412/16497726836436.wav"
        },
        {
          "text": "去吧，另一个我们",
          "link": "//game.gtimg.cn/images/yxzj/zlkdatasys/audios/audio/20220412/16497727038711.wav"
        },
        {
          "text": "我们，相伴相生",
          "link": "//game.gtimg.cn/images/yxzj/zlkdatasys/audios/audio/20220412/16497727177271.wav"
        },
        {
          "text": "艺术，需要足够的距离",
          "link": "//game.gtimg.cn/images/yxzj/zlkdatasys/audios/audio/20220412/16497727416340.wav"
        },
        {
          "text": "下一次，我会出现在何处",
          "link": "//game.gtimg.cn/images/yxzj/zlkdatasys/audios/audio/20220412/16497727546154.wav"
        },
        {
          "text": "万千丝线，交汇终极",
          "link": "//game.gtimg.cn/images/yxzj/zlkdatasys/audios/audio/20220412/16497727678630.wav"
        },
        {
          "text": "随我一起，在指尖起舞",
          "link": "//game.gtimg.cn/images/yxzj/zlkdatasys/audios/audio/20220412/16497727815772.wav"
        },
        {
          "text": "一起为我歌咏吧",
          "link": "//game.gtimg.cn/images/yxzj/zlkdatasys/audios/audio/20220412/16497728001158.wav"
        },
        {
          "text": "浮华，盛世",
          "link": "//game.gtimg.cn/images/yxzj/zlkdatasys/audios/audio/20220412/16497728184863.wav"
        },
        {
          "text": "善良是有价的，你只值得残忍",
          "link": "//game.gtimg.cn/images/yxzj/zlkdatasys/audios/audio/20220412/16497728323863.wav"
        },
        {
          "text": "倾听，这绝望的美",
          "link": "//game.gtimg.cn/images/yxzj/zlkdatasys/audios/audio/20220412/16497730412521.wav"
        },
        {
          "text": "苍白的喧哗，多彩的落寞",
          "link": "//game.gtimg.cn/images/yxzj/zlkdatasys/audios/audio/20220412/16497730551354.wav"
        }
      ],
      "name": "云间偶戏"
    },
    {
      "voice": [
        {
          "text": "爆炸撕裂过往，追忆重燃旅途。",
          "link": "//game.gtimg.cn/images/yxzj/zlkdatasys/audios/audio/20230104/16728283771404.wav"
        },
        {
          "text": "最优秀的机械师，通常隐藏在幕后。",
          "link": "//game.gtimg.cn/images/yxzj/zlkdatasys/audios/audio/20230104/16728283896917.wav"
        },
        {
          "text": "在浩瀚星海中坠落，于无垠黄沙处启程。",
          "link": "//game.gtimg.cn/images/yxzj/zlkdatasys/audios/audio/20230104/16728284022093.wav"
        },
        {
          "text": "被写在心中的代码，是独属于机械师的秘密。",
          "link": "//game.gtimg.cn/images/yxzj/zlkdatasys/audios/audio/20230104/16728167172074.wav"
        },
        {
          "text": "心灵的交互，从未束缚于躯壳。",
          "link": "//game.gtimg.cn/images/yxzj/zlkdatasys/audios/audio/20230104/16728167424693.wav"
        },
        {
          "text": "记忆是人生的轨迹，承载着过往的核心。",
          "link": "//game.gtimg.cn/images/yxzj/zlkdatasys/audios/audio/20230104/16728167665689.wav"
        },
        {
          "text": "无法删除又不可更改的数据，叫做记忆。",
          "link": "//game.gtimg.cn/images/yxzj/zlkdatasys/audios/audio/20230104/16728167912262.wav"
        },
        {
          "text": "前往星际深处，给小偷们一点儿教训。",
          "link": "//game.gtimg.cn/images/yxzj/zlkdatasys/audios/audio/20230104/16728168169621.wav"
        },
        {
          "text": "智慧与力量无需同时拥有，彼此联合才是生存的法则。",
          "link": "//game.gtimg.cn/images/yxzj/zlkdatasys/audios/audio/20230104/16728168412704.wav"
        },
        {
          "text": "一个失忆之人，一台“无心”机甲，恰到好处的组合。",
          "link": "//game.gtimg.cn/images/yxzj/zlkdatasys/audios/audio/20230104/16728168746975.wav"
        },
        {
          "text": "每一场死里逃生，都是一种行为艺术。",
          "link": "//game.gtimg.cn/images/yxzj/zlkdatasys/audios/audio/20230104/16728169141325.wav"
        },
        {
          "text": "宇宙繁星无数，但终点只有一处。",
          "link": "//game.gtimg.cn/images/yxzj/zlkdatasys/audios/audio/20230104/16728169407204.wav"
        },
        {
          "text": "下一个坐标，再相见吧。",
          "link": "//game.gtimg.cn/images/yxzj/zlkdatasys/audios/audio/20230104/16728169653060.wav"
        },
        {
          "text": "你的机甲，值得更优秀的操控者。",
          "link": "//game.gtimg.cn/images/yxzj/zlkdatasys/audios/audio/20230104/16728169907194.wav"
        },
        {
          "text": "捉迷藏的游戏，该结束了！",
          "link": "//game.gtimg.cn/images/yxzj/zlkdatasys/audios/audio/20230104/16728170139136.wav"
        },
        {
          "text": "“无心”机甲，重启！",
          "link": "//game.gtimg.cn/images/yxzj/zlkdatasys/audios/audio/20230104/16728170923670.wav"
        },
        {
          "text": "遵循轨迹，是唯一的选择。",
          "link": "//game.gtimg.cn/images/yxzj/zlkdatasys/audios/audio/20230104/16728171121679.wav"
        },
        {
          "text": "时空迁跃",
          "link": "//game.gtimg.cn/images/yxzj/zlkdatasys/audios/audio/20230104/16728171312952.wav"
        },
        {
          "text": "欢迎来到全新的维度。",
          "link": "//game.gtimg.cn/images/yxzj/zlkdatasys/audios/audio/20230104/16728171514473.wav"
        },
        {
          "text": "嘘，保持安静",
          "link": "//game.gtimg.cn/images/yxzj/zlkdatasys/audios/audio/20230104/16728171716814.wav"
        },
        {
          "text": "听，宇宙在低吟。",
          "link": "//game.gtimg.cn/images/yxzj/zlkdatasys/audios/audio/20230104/16728171902961.wav"
        },
        {
          "text": "跃入黑洞",
          "link": "//game.gtimg.cn/images/yxzj/zlkdatasys/audios/audio/20230104/16728172101317.wav"
        },
        {
          "text": "黑暗之中，我们只有彼此。",
          "link": "//game.gtimg.cn/images/yxzj/zlkdatasys/audios/audio/20230104/16728172272891.wav"
        },
        {
          "text": "我讨厌宇宙的沉默，更钟情于生命的喧闹。",
          "link": "//game.gtimg.cn/images/yxzj/zlkdatasys/audios/audio/20230104/16728172467821.wav"
        }
      ],
      "name": "无心"
    }
  ]
}