{
  "data": [
    {
      "voice": [
        {
          "text": "明媚如风，轻盈似箭",
          "link": "//game.gtimg.cn/images/yxzj/zlkdatasys/audios/audio/20220407/16493288434711.wav"
        },
        {
          "text": "刻骨铭心……霸王",
          "link": "//game.gtimg.cn/images/yxzj/zlkdatasys/audios/audio/20220407/16493288645028.wav"
        },
        {
          "text": "啊，已经放弃了做个淑女~",
          "link": "//game.gtimg.cn/images/yxzj/zlkdatasys/audios/audio/20220407/16493288793683.wav"
        },
        {
          "text": "净化森林，净化污秽，净化心灵，净化自己",
          "link": "//game.gtimg.cn/images/yxzj/zlkdatasys/audios/audio/20220407/16493289379939.wav"
        },
        {
          "text": "一点疼痛，能让偷窥者牢记我的魅力",
          "link": "//game.gtimg.cn/images/yxzj/zlkdatasys/audios/audio/20220407/16493289573720.wav"
        },
        {
          "text": "风会带走你曾经存在过的证明。",
          "link": "//game.gtimg.cn/images/yxzj/zlkdatasys/audios/audio/20220407/16493289728217.wav"
        },
        {
          "text": "不为所爱之人哭泣，只因从未离去。",
          "link": "//game.gtimg.cn/images/yxzj/zlkdatasys/audios/audio/20220407/16493289884194.wav"
        },
        {
          "text": "弱小并非服从恐惧的理由！",
          "link": "//game.gtimg.cn/images/yxzj/zlkdatasys/audios/audio/20220407/16493290031691.wav"
        },
        {
          "text": "对不起，对不起……",
          "link": "//game.gtimg.cn/images/yxzj/zlkdatasys/audios/audio/20220407/16493290551327.wav"
        },
        {
          "text": "自然不打算站在你那边",
          "link": "//game.gtimg.cn/images/yxzj/zlkdatasys/audios/audio/20220407/16493291192589.wav"
        },
        {
          "text": "听，森林之灵的轻语",
          "link": "//game.gtimg.cn/images/yxzj/zlkdatasys/audios/audio/20220407/16493291371739.wav"
        },
        {
          "text": "对你们放肆的回礼！",
          "link": "//game.gtimg.cn/images/yxzj/zlkdatasys/audios/audio/20220407/16493291507807.wav"
        },
        {
          "text": "一直在准星里。",
          "link": "//game.gtimg.cn/images/yxzj/zlkdatasys/audios/audio/20220407/16493291633127.wav"
        },
        {
          "text": "想和风比赛脚力吗？",
          "link": "//game.gtimg.cn/images/yxzj/zlkdatasys/audios/audio/20220407/16493291777235.wav"
        },
        {
          "text": "寂静生长！",
          "link": "//game.gtimg.cn/images/yxzj/zlkdatasys/audios/audio/20220407/16493292137924.wav"
        },
        {
          "text": "森林需要养分，像你们这样的养分。",
          "link": "//game.gtimg.cn/images/yxzj/zlkdatasys/audios/audio/20220407/16493292522646.wav"
        },
        {
          "text": "那些故事，都被留在了风中，风吹动之时，就会响起",
          "link": "//game.gtimg.cn/images/yxzj/zlkdatasys/audios/audio/20221109/16679865266752.mp3"
        }
      ],
      "name": "原皮"
    },
    {
      "voice": [
        {
          "text": "来来，妾当与大王对饮",
          "link": "//game.gtimg.cn/images/yxzj/zlkdatasys/audios/audio/20220407/16493293816221.wav"
        },
        {
          "text": "汉兵已掠地，四面楚歌声",
          "link": "//game.gtimg.cn/images/yxzj/zlkdatasys/audios/audio/20220407/16493294028492.wav"
        },
        {
          "text": "兵家胜负，乃是常情",
          "link": "//game.gtimg.cn/images/yxzj/zlkdatasys/audios/audio/20220407/16493294197264.wav"
        },
        {
          "text": "成败兴亡，不过刹那",
          "link": "//game.gtimg.cn/images/yxzj/zlkdatasys/audios/audio/20220407/16493294361816.wav"
        },
        {
          "text": "千古英雄争何事",
          "link": "//game.gtimg.cn/images/yxzj/zlkdatasys/audios/audio/20220407/16493294513301.wav"
        },
        {
          "text": "壮士轻生死，征战几人回",
          "link": "//game.gtimg.cn/images/yxzj/zlkdatasys/audios/audio/20220407/16493294715059.wav"
        },
        {
          "text": "大王，何日共还乡",
          "link": "//game.gtimg.cn/images/yxzj/zlkdatasys/audios/audio/20220407/16493294889329.wav"
        },
        {
          "text": "妾随大王，生死无悔",
          "link": "//game.gtimg.cn/images/yxzj/zlkdatasys/audios/audio/20220407/16493295055331.wav"
        },
        {
          "text": "免你牵挂",
          "link": "//game.gtimg.cn/images/yxzj/zlkdatasys/audios/audio/20220407/16493295301254.wav"
        },
        {
          "text": "一曲虞歌！",
          "link": "//game.gtimg.cn/images/yxzj/zlkdatasys/audios/audio/20220407/16493295561514.wav"
        },
        {
          "text": "十年征战几人回？尔等，再难归去~",
          "link": "//game.gtimg.cn/images/yxzj/zlkdatasys/audios/audio/20220407/16493295744156.wav"
        }
      ],
      "name": "霸王别姬"
    },
    {
      "voice": [
        {
          "text": "相见故明月，浮云共我归。",
          "link": "//game.gtimg.cn/images/yxzj/zlkdatasys/audios/audio/20220407/16493296682065.wav"
        },
        {
          "text": "在山之阳，在水之阴。凯风自南，吹彼棘心。",
          "link": "//game.gtimg.cn/images/yxzj/zlkdatasys/audios/audio/20220407/16493296868481.wav"
        },
        {
          "text": "云山万重，寸心千里。",
          "link": "//game.gtimg.cn/images/yxzj/zlkdatasys/audios/audio/20220407/16493296989964.wav"
        },
        {
          "text": "我只爱与我相同的事物。",
          "link": "//game.gtimg.cn/images/yxzj/zlkdatasys/audios/audio/20220407/16493297157057.wav"
        },
        {
          "text": "一园风光，尽是他乡。",
          "link": "//game.gtimg.cn/images/yxzj/zlkdatasys/audios/audio/20220407/16493297295951.wav"
        },
        {
          "text": "做了一个关于天空的梦。",
          "link": "//game.gtimg.cn/images/yxzj/zlkdatasys/audios/audio/20220407/16493297448130.wav"
        },
        {
          "text": "生而自由，却无往不在枷锁之中。",
          "link": "//game.gtimg.cn/images/yxzj/zlkdatasys/audios/audio/20220407/16493297583334.wav"
        },
        {
          "text": "归去来兮……",
          "link": "//game.gtimg.cn/images/yxzj/zlkdatasys/audios/audio/20220407/16493297751695.wav"
        },
        {
          "text": "不必追寻飞鸟的去向。",
          "link": "//game.gtimg.cn/images/yxzj/zlkdatasys/audios/audio/20220407/16493298185770.wav"
        },
        {
          "text": "浮光掠影！",
          "link": "//game.gtimg.cn/images/yxzj/zlkdatasys/audios/audio/20220407/16493298322337.wav"
        },
        {
          "text": "寂灭之美！",
          "link": "//game.gtimg.cn/images/yxzj/zlkdatasys/audios/audio/20220407/16493298488303.wav"
        },
        {
          "text": "竭力绽放！",
          "link": "//game.gtimg.cn/images/yxzj/zlkdatasys/audios/audio/20220407/16493298644284.wav"
        },
        {
          "text": "君生有涯，譬如朝露~",
          "link": "//game.gtimg.cn/images/yxzj/zlkdatasys/audios/audio/20220407/16493298935623.wav"
        },
        {
          "text": "不做笼中雀，愿是天边云.",
          "link": "//game.gtimg.cn/images/yxzj/zlkdatasys/audios/audio/20220407/16493299116059.wav"
        },
        {
          "text": "南方还远呢",
          "link": "//game.gtimg.cn/images/yxzj/zlkdatasys/audios/audio/20220407/16493299252997.wav"
        },
        {
          "text": "听风于山巅，起舞向花前",
          "link": "//game.gtimg.cn/images/yxzj/zlkdatasys/audios/audio/20220407/16493299386143.wav"
        },
        {
          "text": "你缺少发现美的眼睛。",
          "link": "//game.gtimg.cn/images/yxzj/zlkdatasys/audios/audio/20220407/16493299569407.wav"
        }
      ],
      "name": "云霓雀翎"
    },
    {
      "voice": [
        {
          "text": "贯注水晶的力量",
          "link": "//game.gtimg.cn/images/yxzj/zlkdatasys/audios/audio/20220414/16499314662903.mp3"
        },
        {
          "text": "我们,因所爱而勇敢。",
          "link": "//game.gtimg.cn/images/yxzj/zlkdatasys/audios/audio/20220414/16499315022853.mp3"
        },
        {
          "text": "我会照亮",
          "link": "//game.gtimg.cn/images/yxzj/zlkdatasys/audios/audio/20220414/16499315261221.mp3"
        },
        {
          "text": "幸存者的明天，建立在过去的伤口上……",
          "link": "//game.gtimg.cn/images/yxzj/zlkdatasys/audios/audio/20220407/16493301896986.wav"
        },
        {
          "text": "爱所能抵达的地方，无处不属于神的领土。",
          "link": "//game.gtimg.cn/images/yxzj/zlkdatasys/audios/audio/20220407/16493302045992.wav"
        },
        {
          "text": "要将群星国度的子民们，带到新世界去！",
          "link": "//game.gtimg.cn/images/yxzj/zlkdatasys/audios/audio/20220407/16493302179345.wav"
        },
        {
          "text": "背负全部希望的人...是无论如何都不能说放弃的吧。",
          "link": "//game.gtimg.cn/images/yxzj/zlkdatasys/audios/audio/20220407/16493302348483.wav"
        },
        {
          "text": "倒在光明前的英雄们，成了消失的名字……我不是英雄，只是幸存者。",
          "link": "//game.gtimg.cn/images/yxzj/zlkdatasys/audios/audio/20220407/16493302567061.wav"
        },
        {
          "text": "原谅我，在此刻就离去……",
          "link": "//game.gtimg.cn/images/yxzj/zlkdatasys/audios/audio/20220407/16493302761986.wav"
        },
        {
          "text": "往更幸福的世界去！",
          "link": "//game.gtimg.cn/images/yxzj/zlkdatasys/audios/audio/20220407/16493302965752.wav"
        },
        {
          "text": "没关系，遗忘确实会让人活得更容易。",
          "link": "//game.gtimg.cn/images/yxzj/zlkdatasys/audios/audio/20220407/16493303111944.wav"
        },
        {
          "text": "我为了与世界重逢而来！",
          "link": "//game.gtimg.cn/images/yxzj/zlkdatasys/audios/audio/20220407/16493303336278.wav"
        },
        {
          "text": "去摘，遥不可及的星！",
          "link": "//game.gtimg.cn/images/yxzj/zlkdatasys/audios/audio/20220407/16493303511680.wav"
        },
        {
          "text": "追随我！直到黄昏的尽头。",
          "link": "//game.gtimg.cn/images/yxzj/zlkdatasys/audios/audio/20220407/16493303735970.wav"
        },
        {
          "text": "星尘彼方！",
          "link": "//game.gtimg.cn/images/yxzj/zlkdatasys/audios/audio/20220407/16493303905479.wav"
        },
        {
          "text": "注视，群星的指引！",
          "link": "//game.gtimg.cn/images/yxzj/zlkdatasys/audios/audio/20220407/16493304057001.wav"
        }
      ],
      "name": "启明星使"
    },
    {
      "voice": [
        {
          "text": "原来，我们早已开始这场漫长的相遇……天云彼方，皆是注定",
          "link": "//game.gtimg.cn/images/yxzj/zlkdatasys/audios/audio/20230216/16765300513739.mp3"
        },
        {
          "text": "第一次，或最后一次……星云深处，都是你！",
          "link": "//game.gtimg.cn/images/yxzj/zlkdatasys/audios/audio/20230216/16765300982761.mp3"
        },
        {
          "text": "（仿佛一个首尾相连的梦境……）这一次，绝不再停留于昨日",
          "link": "//game.gtimg.cn/images/yxzj/zlkdatasys/audios/audio/20230216/16765301452155.mp3"
        },
        {
          "text": "奉命调查两个世界的裂隙",
          "link": "//game.gtimg.cn/images/yxzj/zlkdatasys/audios/audio/20230215/16764495617643.mp3"
        },
        {
          "text": "玫瑰星云？表象与实质的不统一物质",
          "link": "//game.gtimg.cn/images/yxzj/zlkdatasys/audios/audio/20230215/16764495841488.mp3"
        },
        {
          "text": "没有注定的结局，只有奋力一搏的勇气",
          "link": "//game.gtimg.cn/images/yxzj/zlkdatasys/audios/audio/20230215/16764496078748.mp3"
        },
        {
          "text": "那些未曾留意的时间里，头顶的星系始终闪耀",
          "link": "//game.gtimg.cn/images/yxzj/zlkdatasys/audios/audio/20230215/16764496258294.mp3"
        },
        {
          "text": "思念和距离，不需要因果联系",
          "link": "//game.gtimg.cn/images/yxzj/zlkdatasys/audios/audio/20230215/16764496446541.mp3"
        },
        {
          "text": "是宇宙之初的同一场爆炸，构成了我们的相似性",
          "link": "//game.gtimg.cn/images/yxzj/zlkdatasys/audios/audio/20230215/16764496656185.mp3"
        },
        {
          "text": "关于记忆的新发现，决定命名为“相遇叠加效应”",
          "link": "//game.gtimg.cn/images/yxzj/zlkdatasys/audios/audio/20230215/16764496914965.mp3"
        },
        {
          "text": "灵魂相契，又何须形影不离",
          "link": "//game.gtimg.cn/images/yxzj/zlkdatasys/audios/audio/20230215/16764497226256.mp3"
        },
        {
          "text": "一些苍白的爱意",
          "link": "//game.gtimg.cn/images/yxzj/zlkdatasys/audios/audio/20230215/16764497653885.mp3"
        },
        {
          "text": "看见星河，就是看见了你",
          "link": "//game.gtimg.cn/images/yxzj/zlkdatasys/audios/audio/20230215/16764498482563.mp3"
        },
        {
          "text": "明天会是新的一天",
          "link": "//game.gtimg.cn/images/yxzj/zlkdatasys/audios/audio/20230215/16764498791983.mp3"
        },
        {
          "text": "昨日不再重现",
          "link": "//game.gtimg.cn/images/yxzj/zlkdatasys/audios/audio/20230215/16764499134433.mp3"
        },
        {
          "text": "绝不活成既定",
          "link": "//game.gtimg.cn/images/yxzj/zlkdatasys/audios/audio/20230215/16764499413332.mp3"
        },
        {
          "text": "昨天，今日，和他在的未来",
          "link": "//game.gtimg.cn/images/yxzj/zlkdatasys/audios/audio/20230215/16764499679547.mp3"
        },
        {
          "text": "抱歉，久等了",
          "link": "//game.gtimg.cn/images/yxzj/zlkdatasys/audios/audio/20230215/16764499926915.mp3"
        },
        {
          "text": "偶尔也希望不期而遇",
          "link": "//game.gtimg.cn/images/yxzj/zlkdatasys/audios/audio/20230215/16764500163873.mp3"
        },
        {
          "text": "洞穿星云",
          "link": "//game.gtimg.cn/images/yxzj/zlkdatasys/audios/audio/20230215/16764500614331.mp3"
        },
        {
          "text": "专属时空印记",
          "link": "//game.gtimg.cn/images/yxzj/zlkdatasys/audios/audio/20230215/16764500804098.mp3"
        },
        {
          "text": "结界消散！",
          "link": "//game.gtimg.cn/images/yxzj/zlkdatasys/audios/audio/20230215/16764500981389.mp3"
        },
        {
          "text": "屏障展开！",
          "link": "//game.gtimg.cn/images/yxzj/zlkdatasys/audios/audio/20230215/16764501334839.mp3"
        },
        {
          "text": "所谓默契，如影随行",
          "link": "//game.gtimg.cn/images/yxzj/zlkdatasys/audios/audio/20230215/16764501552827.mp3"
        },
        {
          "text": "新起点，新世界",
          "link": "//game.gtimg.cn/images/yxzj/zlkdatasys/audios/audio/20230215/16764501793139.mp3"
        },
        {
          "text": "嗯~，整装待发",
          "link": "//game.gtimg.cn/images/yxzj/zlkdatasys/audios/audio/20230215/16764502107972.mp3"
        },
        {
          "text": "根据现有数据，这不是第一次见面",
          "link": "//game.gtimg.cn/images/yxzj/zlkdatasys/audios/audio/20230215/16764502418601.mp3"
        },
        {
          "text": "分离，是为了更好的相遇",
          "link": "//game.gtimg.cn/images/yxzj/zlkdatasys/audios/audio/20230215/16764502684591.mp3"
        },
        {
          "text": "嗨，这次不说再见",
          "link": "//game.gtimg.cn/images/yxzj/zlkdatasys/audios/audio/20230215/16764502873532.mp3"
        }
      ],
      "name": "无限倾心"
    },
    {
      "voice": [
        {
          "text": "向吾奉示，你的每一句证词",
          "link": "//game.gtimg.cn/images/yxzj/zlkdatasys/audios/audio/20240307/17098044178658.mp3"
        },
        {
          "text": "审真判伪，裁善决恶",
          "link": "//game.gtimg.cn/images/yxzj/zlkdatasys/audios/audio/20240307/17098044525882.mp3"
        },
        {
          "text": "看见，铭记，信奉，名为律法的信仰",
          "link": "//game.gtimg.cn/images/yxzj/zlkdatasys/audios/audio/20240307/17098044733205.mp3"
        },
        {
          "text": "最初的世界，诞生于规律与法则的交点",
          "link": "//game.gtimg.cn/images/yxzj/zlkdatasys/audios/audio/20240306/17097137401049.mp3"
        },
        {
          "text": "律法产生于过去，比众神时代更遥远的过去",
          "link": "//game.gtimg.cn/images/yxzj/zlkdatasys/audios/audio/20240306/17097137631675.mp3"
        },
        {
          "text": "旧日，罪神侵戮人间，众神却视若无睹",
          "link": "//game.gtimg.cn/images/yxzj/zlkdatasys/audios/audio/20240306/17097137875772.mp3"
        },
        {
          "text": "背负屠神之名的判决，是荣光亦是罪责",
          "link": "//game.gtimg.cn/images/yxzj/zlkdatasys/audios/audio/20240306/17097138116651.mp3"
        },
        {
          "text": "清明者公，无私者正",
          "link": "//game.gtimg.cn/images/yxzj/zlkdatasys/audios/audio/20240306/17097138439253.mp3"
        },
        {
          "text": "弱者对公正的渴望，会化作对抗畏惧的力量",
          "link": "//game.gtimg.cn/images/yxzj/zlkdatasys/audios/audio/20240306/17097138769911.mp3"
        },
        {
          "text": "遮蔽双眼，是为了更好地看清",
          "link": "//game.gtimg.cn/images/yxzj/zlkdatasys/audios/audio/20240306/17097138956831.mp3"
        },
        {
          "text": "手中之剑，斩断的是罪恶，无关身份",
          "link": "//game.gtimg.cn/images/yxzj/zlkdatasys/audios/audio/20240306/17097139166544.mp3"
        },
        {
          "text": "看到剑光所指了吗？那是天平所宣判的罪恶",
          "link": "//game.gtimg.cn/images/yxzj/zlkdatasys/audios/audio/20240306/17097139788392.mp3"
        },
        {
          "text": "弱小与强大，从不是天平的砝码",
          "link": "//game.gtimg.cn/images/yxzj/zlkdatasys/audios/audio/20240306/17097140034958.mp3"
        },
        {
          "text": "当神律的光辉洒向大地，人类，将不再恐惧",
          "link": "//game.gtimg.cn/images/yxzj/zlkdatasys/audios/audio/20240306/17097140244690.mp3"
        },
        {
          "text": "愿法度之辉长留",
          "link": "//game.gtimg.cn/images/yxzj/zlkdatasys/audios/audio/20240306/17097140583708.mp3"
        },
        {
          "text": "我，也身负罪名...",
          "link": "//game.gtimg.cn/images/yxzj/zlkdatasys/audios/audio/20240306/17097140752570.mp3"
        },
        {
          "text": "审判他人者，亦接受他人审判",
          "link": "//game.gtimg.cn/images/yxzj/zlkdatasys/audios/audio/20240306/17097141204639.mp3"
        },
        {
          "text": "死亡，写在律法的终章",
          "link": "//game.gtimg.cn/images/yxzj/zlkdatasys/audios/audio/20240306/17097141416728.mp3"
        },
        {
          "text": "审判终结！",
          "link": "//game.gtimg.cn/images/yxzj/zlkdatasys/audios/audio/20240306/17097141603887.mp3"
        },
        {
          "text": "源自公正之心的力量，永不会消散",
          "link": "//game.gtimg.cn/images/yxzj/zlkdatasys/audios/audio/20240306/17097141791343.mp3"
        },
        {
          "text": "惩处，也是宽恕",
          "link": "//game.gtimg.cn/images/yxzj/zlkdatasys/audios/audio/20240306/17097142033402.mp3"
        },
        {
          "text": "善恶有时只在一念之间",
          "link": "//game.gtimg.cn/images/yxzj/zlkdatasys/audios/audio/20240306/17097142253821.mp3"
        },
        {
          "text": "以神律之名，肃清！",
          "link": "//game.gtimg.cn/images/yxzj/zlkdatasys/audios/audio/20240306/17097142976108.mp3"
        },
        {
          "text": "武力，将捍卫公正！",
          "link": "//game.gtimg.cn/images/yxzj/zlkdatasys/audios/audio/20240306/17097143245434.mp3"
        },
        {
          "text": "倾听神律！",
          "link": "//game.gtimg.cn/images/yxzj/zlkdatasys/audios/audio/20240306/17097144062634.mp3"
        },
        {
          "text": "绝对正义的指引！",
          "link": "//game.gtimg.cn/images/yxzj/zlkdatasys/audios/audio/20240306/17097144385994.mp3"
        },
        {
          "text": "笃信我！",
          "link": "//game.gtimg.cn/images/yxzj/zlkdatasys/audios/audio/20240306/17097144591069.mp3"
        },
        {
          "text": "救赎！",
          "link": "//game.gtimg.cn/images/yxzj/zlkdatasys/audios/audio/20240306/17097145015204.mp3"
        },
        {
          "text": "注视我！",
          "link": "//game.gtimg.cn/images/yxzj/zlkdatasys/audios/audio/20240306/17097145227012.mp3"
        },
        {
          "text": "惩示！",
          "link": "//game.gtimg.cn/images/yxzj/zlkdatasys/audios/audio/20240306/17097145422485.mp3"
        },
        {
          "text": "惩治！",
          "link": "//game.gtimg.cn/images/yxzj/zlkdatasys/audios/audio/20240306/17097145656435.mp3"
        },
        {
          "text": "秉公心，持正法",
          "link": "//game.gtimg.cn/images/yxzj/zlkdatasys/audios/audio/20240306/17097146082049.mp3"
        }
      ],
      "name": "神鉴启示录"
    }
  ]
}
