{
  "data": [
    {
      "voice": [
        {
          "text": "枪心如火，枪如我心！",
          "link": "//game.gtimg.cn/images/yxzj/zlkdatasys/audios/audio/20220415/16500165018376.mp3"
        },
        {
          "text": "六尺之内，我是无敌的！",
          "link": "//game.gtimg.cn/images/yxzj/zlkdatasys/audios/audio/20220415/16500165129809.mp3"
        },
        {
          "text": "掠火神枪最终式——燎原百斩！",
          "link": "//game.gtimg.cn/images/yxzj/zlkdatasys/audios/audio/20220415/16500165236230.mp3"
        },
        {
          "text": "美好的一天，从巡街开始~",
          "link": "//game.gtimg.cn/images/yxzj/zlkdatasys/audios/audio/20220412/16497285973288.wav"
        },
        {
          "text": "大理寺执勤中，闲杂人等回避！",
          "link": "//game.gtimg.cn/images/yxzj/zlkdatasys/audios/audio/20220415/16500166259017.mp3"
        },
        {
          "text": "小贼们，我来啦！",
          "link": "//game.gtimg.cn/images/yxzj/zlkdatasys/audios/audio/20220415/16500166426582.mp3"
        },
        {
          "text": "闹事儿的排好队，我会好好“照顾”你们的~",
          "link": "//game.gtimg.cn/images/yxzj/zlkdatasys/audios/audio/20220412/16497286665034.mp3"
        },
        {
          "text": "别误会，我可不是暴力分子~",
          "link": "//game.gtimg.cn/images/yxzj/zlkdatasys/audios/audio/20220415/16500166579991.mp3"
        },
        {
          "text": "有什么麻烦，尽管找我好啦。",
          "link": "//game.gtimg.cn/images/yxzj/zlkdatasys/audios/audio/20220412/16497287183672.wav"
        },
        {
          "text": "嘘！感受到了——是大案要案的气息！",
          "link": "//game.gtimg.cn/images/yxzj/zlkdatasys/audios/audio/20220412/16497287386883.mp3"
        },
        {
          "text": "我已经燃起来啦！",
          "link": "//game.gtimg.cn/images/yxzj/zlkdatasys/audios/audio/20220412/16497287587240.wav"
        },
        {
          "text": "保持干劲，继续前进！",
          "link": "//game.gtimg.cn/images/yxzj/zlkdatasys/audios/audio/20220412/16497287747979.wav"
        },
        {
          "text": "过了朱雀门，就是鸿胪寺，那儿可热闹得多~",
          "link": "//game.gtimg.cn/images/yxzj/zlkdatasys/audios/audio/20220412/16497287979069.mp3"
        },
        {
          "text": "吾乃百兵之王！…呃...呃…我……我是说枪啦！",
          "link": "//game.gtimg.cn/images/yxzj/zlkdatasys/audios/audio/20220412/16497288242174.mp3"
        },
        {
          "text": "昭，到底是什么意思呢？",
          "link": "//game.gtimg.cn/images/yxzj/zlkdatasys/audios/audio/20220412/16497288796620.wav"
        },
        {
          "text": "断月",
          "link": "//game.gtimg.cn/images/yxzj/zlkdatasys/audios/audio/20220412/16497289521279.wav"
        },
        {
          "text": "追云",
          "link": "//game.gtimg.cn/images/yxzj/zlkdatasys/audios/audio/20220412/16497290415194.wav"
        },
        {
          "text": "逐星",
          "link": "//game.gtimg.cn/images/yxzj/zlkdatasys/audios/audio/20220415/16500167649344.mp3"
        },
        {
          "text": "百炼成枪",
          "link": "//game.gtimg.cn/images/yxzj/zlkdatasys/audios/audio/20220412/16497291214520.wav"
        },
        {
          "text": "啸日",
          "link": "//game.gtimg.cn/images/yxzj/zlkdatasys/audios/audio/20220412/16497291415243.wav"
        },
        {
          "text": "回风枪",
          "link": "//game.gtimg.cn/images/yxzj/zlkdatasys/audios/audio/20220412/16497291813329.wav"
        },
        {
          "text": "驭风枪",
          "link": "//game.gtimg.cn/images/yxzj/zlkdatasys/audios/audio/20220412/16497292009735.wav"
        },
        {
          "text": "传锋枪",
          "link": "//game.gtimg.cn/images/yxzj/zlkdatasys/audios/audio/20220412/16497292171470.wav"
        },
        {
          "text": "炽风枪",
          "link": "//game.gtimg.cn/images/yxzj/zlkdatasys/audios/audio/20220412/16497292367875.wav"
        },
        {
          "text": "破空式",
          "link": "//game.gtimg.cn/images/yxzj/zlkdatasys/audios/audio/20220412/16497292673253.wav"
        },
        {
          "text": "破影式",
          "link": "//game.gtimg.cn/images/yxzj/zlkdatasys/audios/audio/20220412/16497292861938.wav"
        },
        {
          "text": "破敌式",
          "link": "//game.gtimg.cn/images/yxzj/zlkdatasys/audios/audio/20220412/16497293064645.wav"
        },
        {
          "text": "破阵式",
          "link": "//game.gtimg.cn/images/yxzj/zlkdatasys/audios/audio/20220412/16497293252539.wav"
        },
        {
          "text": "风火燎原",
          "link": "//game.gtimg.cn/images/yxzj/zlkdatasys/audios/audio/20220412/16497293485421.wav"
        },
        {
          "text": "星火燎原",
          "link": "//game.gtimg.cn/images/yxzj/zlkdatasys/audios/audio/20220412/16497293695342.wav"
        },
        {
          "text": "燎原百斩",
          "link": "//game.gtimg.cn/images/yxzj/zlkdatasys/audios/audio/20220412/16497294256029.wav"
        },
        {
          "text": "燎原一枪",
          "link": "//game.gtimg.cn/images/yxzj/zlkdatasys/audios/audio/20220412/16497294743957.wav"
        },
        {
          "text": "吃我一枪",
          "link": "//game.gtimg.cn/images/yxzj/zlkdatasys/audios/audio/20220412/16497294941422.wav"
        },
        {
          "text": "有两下子嘛……",
          "link": "//game.gtimg.cn/images/yxzj/zlkdatasys/audios/audio/20220415/16500167325214.mp3"
        },
        {
          "text": "我还会……回来的！",
          "link": "//game.gtimg.cn/images/yxzj/zlkdatasys/audios/audio/20220412/16497296696009.wav"
        },
        {
          "text": "这就完啦？",
          "link": "//game.gtimg.cn/images/yxzj/zlkdatasys/audios/audio/20220415/16500167489113.mp3"
        },
        {
          "text": "看你往哪儿逃！",
          "link": "//game.gtimg.cn/images/yxzj/zlkdatasys/audios/audio/20220412/16497298006888.wav"
        },
        {
          "text": "嗐呀，不愧是我~",
          "link": "//game.gtimg.cn/images/yxzj/zlkdatasys/audios/audio/20220412/16497298186798.wav"
        },
        {
          "text": "哼，老实点儿！",
          "link": "//game.gtimg.cn/images/yxzj/zlkdatasys/audios/audio/20220412/16497298373530.wav"
        },
        {
          "text": "有本事就灭了我啊~",
          "link": "//game.gtimg.cn/images/yxzj/zlkdatasys/audios/audio/20220412/16497298945422.wav"
        },
        {
          "text": "少废话，跟我到大理寺走一趟吧~",
          "link": "//game.gtimg.cn/images/yxzj/zlkdatasys/audios/audio/20220412/16497299141683.wav"
        },
        {
          "text": "乖乖束手就擒，免你皮肉之苦！",
          "link": "//game.gtimg.cn/images/yxzj/zlkdatasys/audios/audio/20220412/16497299343534.wav"
        },
        {
          "text": "准备好一战成名吧！",
          "link": "//game.gtimg.cn/images/yxzj/zlkdatasys/audios/audio/20220412/16497300023214.wav"
        },
        {
          "text": "也不算什么大麻烦嘛。",
          "link": "//game.gtimg.cn/images/yxzj/zlkdatasys/audios/audio/20220412/16497300608723.wav"
        },
        {
          "text": "百兵之王的基本修养~",
          "link": "//game.gtimg.cn/images/yxzj/zlkdatasys/audios/audio/20220412/16497301332723.wav"
        },
        {
          "text": "还有谁？一起上吧！",
          "link": "//game.gtimg.cn/images/yxzj/zlkdatasys/audios/audio/20220412/16497302109883.wav"
        },
        {
          "text": "点爆他们！",
          "link": "//game.gtimg.cn/images/yxzj/zlkdatasys/audios/audio/20220412/16497302441290.wav"
        },
        {
          "text": "神枪火炼，荡尽宵小！",
          "link": "//game.gtimg.cn/images/yxzj/zlkdatasys/audios/audio/20220412/16497302793477.wav"
        },
        {
          "text": "谁？敢在姑奶奶眼皮子底下闹事！",
          "link": "//game.gtimg.cn/images/yxzj/zlkdatasys/audios/audio/20220412/16497303208759.wav"
        },
        {
          "text": "哼哼，我云缨又回来了！",
          "link": "//game.gtimg.cn/images/yxzj/zlkdatasys/audios/audio/20220412/16497303663308.wav"
        },
        {
          "text": "哎……真想要一把不会烧坏的枪……",
          "link": "//game.gtimg.cn/images/yxzj/zlkdatasys/audios/audio/20220412/16497304468354.mp3"
        },
        {
          "text": "啊~补给时间到了~",
          "link": "//game.gtimg.cn/images/yxzj/zlkdatasys/audios/audio/20220412/16497304652815.wav"
        },
        {
          "text": "换班了换班了~",
          "link": "//game.gtimg.cn/images/yxzj/zlkdatasys/audios/audio/20220412/16497305199298.wav"
        },
        {
          "text": "戒骄戒躁，慎言慎行……哈……后面是什么来着？",
          "link": "//game.gtimg.cn/images/yxzj/zlkdatasys/audios/audio/20220412/16497306026889.mp3"
        },
        {
          "text": "不可喧哗、不可追逐、不可……不可……额……",
          "link": "//game.gtimg.cn/images/yxzj/zlkdatasys/audios/audio/20220412/16497306497332.mp3"
        },
        {
          "text": "好无聊啊……都没有什么案子发生吗？",
          "link": "//game.gtimg.cn/images/yxzj/zlkdatasys/audios/audio/20220415/16500166907467.mp3"
        },
        {
          "text": "金爷，你把书藏哪了，再让我看一眼吗 ？就一眼！",
          "link": "//game.gtimg.cn/images/yxzj/zlkdatasys/audios/audio/20220412/16497307309267.wav"
        },
        {
          "text": "哼，人与人之间的信任，就是这么消失哒。",
          "link": "//game.gtimg.cn/images/yxzj/zlkdatasys/audios/audio/20220412/16497307846477.wav"
        },
        {
          "text": "欸？老狄偶尔也要锻炼锻炼身体嘛。",
          "link": "//game.gtimg.cn/images/yxzj/zlkdatasys/audios/audio/20220412/16497308113380.wav"
        },
        {
          "text": "总有一天，我也要成为李娘子那样的英雄",
          "link": "//game.gtimg.cn/images/yxzj/zlkdatasys/audios/audio/20220412/16497308374343.wav"
        },
        {
          "text": "欸老狄，这木雕，眼熟啊！",
          "link": "//game.gtimg.cn/images/yxzj/zlkdatasys/audios/audio/20220412/16497313272859.wav"
        },
        {
          "text": "欸我说……大理寺是不是也该招点儿人了。",
          "link": "//game.gtimg.cn/images/yxzj/zlkdatasys/audios/audio/20220412/16497313817214.wav"
        },
        {
          "text": "书法融入枪法，好像很不错的样子！",
          "link": "//game.gtimg.cn/images/yxzj/zlkdatasys/audios/audio/20220415/16500166063989.mp3"
        },
        {
          "text": "瞅你那细胳膊细腿细笔杆儿，打起来别怪我不让你。",
          "link": "//game.gtimg.cn/images/yxzj/zlkdatasys/audios/audio/20220412/16497318594419.mp3"
        },
        {
          "text": "鸿胪寺今晚涮火锅，一起来呗！",
          "link": "//game.gtimg.cn/images/yxzj/zlkdatasys/audios/audio/20220412/16497319082300.wav"
        },
        {
          "text": "三脚猫。",
          "link": "//game.gtimg.cn/images/yxzj/zlkdatasys/audios/audio/20220412/16497319525489.wav"
        },
        {
          "text": "看看是我的枪快，还是你的剑慢！",
          "link": "//game.gtimg.cn/images/yxzj/zlkdatasys/audios/audio/20220412/16497320047118.wav"
        },
        {
          "text": "听说你会算卦，不如算算，什么时候会被我打趴下？",
          "link": "//game.gtimg.cn/images/yxzj/zlkdatasys/audios/audio/20220412/16497321303267.mp3"
        },
        {
          "text": "枪打出头鸟~",
          "link": "//game.gtimg.cn/images/yxzj/zlkdatasys/audios/audio/20220412/16497321587917.wav"
        },
        {
          "text": "放马过来呀！",
          "link": "//game.gtimg.cn/images/yxzj/zlkdatasys/audios/audio/20220412/16497322017013.wav"
        },
        {
          "text": "你话也太多了……还打不打啊……",
          "link": "//game.gtimg.cn/images/yxzj/zlkdatasys/audios/audio/20220412/16497322249680.wav"
        },
        {
          "text": "站住，你这个纵火犯！",
          "link": "//game.gtimg.cn/images/yxzj/zlkdatasys/audios/audio/20220412/16497322679266.wav"
        },
        {
          "text": "在大街上公然放火，可是会被请到大理寺喝茶的哟。",
          "link": "//game.gtimg.cn/images/yxzj/zlkdatasys/audios/audio/20220415/16500165756720.mp3"
        },
        {
          "text": "嚯，第一次见到这样的枪，有趣。",
          "link": "//game.gtimg.cn/images/yxzj/zlkdatasys/audios/audio/20220412/16497323883704.wav"
        },
        {
          "text": "你的火枪，还差点意思。",
          "link": "//game.gtimg.cn/images/yxzj/zlkdatasys/audios/audio/20220412/16497324499907.wav"
        },
        {
          "text": "来吧师兄，比划比划！",
          "link": "//game.gtimg.cn/images/yxzj/zlkdatasys/audios/audio/20220412/16497325077450.wav"
        },
        {
          "text": "百兵之王的最佳搭档~",
          "link": "//game.gtimg.cn/images/yxzj/zlkdatasys/audios/audio/20220412/16497326874390.mp3"
        },
        {
          "text": "天下枪法，唯快不破。",
          "link": "//game.gtimg.cn/images/yxzj/zlkdatasys/audios/audio/20220412/16497327502772.mp3"
        },
        {
          "text": "真是令人安心的温度。",
          "link": "//game.gtimg.cn/images/yxzj/zlkdatasys/audios/audio/20220415/16500164677436.mp3"
        },
        {
          "text": "这种好东西，大理寺应该人手一件~",
          "link": "//game.gtimg.cn/images/yxzj/zlkdatasys/audios/audio/20220412/16497328282355.mp3"
        },
        {
          "text": "在我们这儿，我师父可是用斧头的祖师爷。",
          "link": "//game.gtimg.cn/images/yxzj/zlkdatasys/audios/audio/20220412/16497328727000.mp3"
        },
        {
          "text": "竟然和我的枪一样锋利吗！",
          "link": "//game.gtimg.cn/images/yxzj/zlkdatasys/audios/audio/20220412/16497328966238.mp3"
        },
        {
          "text": "今晚有烤肉吃啦。",
          "link": "//game.gtimg.cn/images/yxzj/zlkdatasys/audios/audio/20220415/16500164854947.mp3"
        },
        {
          "text": "火焰会引领我的方向。",
          "link": "//game.gtimg.cn/images/yxzj/zlkdatasys/audios/audio/20220412/16497329539644.mp3"
        },
        {
          "text": "传说中的百兵之胆，果然厉害。",
          "link": "//game.gtimg.cn/images/yxzj/zlkdatasys/audios/audio/20220415/16500167102883.mp3"
        },
        {
          "text": "它们可扑不灭我的火。",
          "link": "//game.gtimg.cn/images/yxzj/zlkdatasys/audios/audio/20220412/16497330655367.mp3"
        },
        {
          "text": "老实说，它和掠火枪完全是两个极端。",
          "link": "//game.gtimg.cn/images/yxzj/zlkdatasys/audios/audio/20220415/16500164378052.mp3"
        },
        {
          "text": "嗯……干脆每个款式都来一双好了！",
          "link": "//game.gtimg.cn/images/yxzj/zlkdatasys/audios/audio/20220412/16497331756288.mp3"
        },
        {
          "text": "冷静！啊，真是符合我的气质。",
          "link": "//game.gtimg.cn/images/yxzj/zlkdatasys/audios/audio/20220412/16497332073031.mp3"
        },
        {
          "text": "让他们瞧瞧什么是对抗之王的战靴！",
          "link": "//game.gtimg.cn/images/yxzj/zlkdatasys/audios/audio/20220412/16497332316662.mp3"
        },
        {
          "text": "噫~它摸上去黏糊糊的。",
          "link": "//game.gtimg.cn/images/yxzj/zlkdatasys/audios/audio/20220412/16497332623612.mp3"
        },
        {
          "text": "这都写的什么乱七八糟的……",
          "link": "//game.gtimg.cn/images/yxzj/zlkdatasys/audios/audio/20220412/16497332923020.mp3"
        },
        {
          "text": "要把它串起来烤吗？",
          "link": "//game.gtimg.cn/images/yxzj/zlkdatasys/audios/audio/20220412/16497334306275.wav"
        },
        {
          "text": "真是火热的小可爱~",
          "link": "//game.gtimg.cn/images/yxzj/zlkdatasys/audios/audio/20220415/16500163917469.mp3"
        },
        {
          "text": "再多来点差事嘛老狄~",
          "link": "//game.gtimg.cn/images/yxzj/zlkdatasys/audios/audio/20220412/16497435709026.wav"
        },
        {
          "text": "好好好，是是是，知道啦知道啦……",
          "link": "//game.gtimg.cn/images/yxzj/zlkdatasys/audios/audio/20220412/16497436672927.wav"
        },
        {
          "text": "小芳芳别怕！这个月的工资姐姐我包了",
          "link": "//game.gtimg.cn/images/yxzj/zlkdatasys/audios/audio/20220412/16497437988861.mp3"
        },
        {
          "text": "知法犯法，罪加一等！",
          "link": "//game.gtimg.cn/images/yxzj/zlkdatasys/audios/audio/20220412/16497438546514.wav"
        },
        {
          "text": "金爷~~《李娘子传奇》的孤本再借我看几天嘛。",
          "link": "//game.gtimg.cn/images/yxzj/zlkdatasys/audios/audio/20220412/16497439125789.mp3"
        },
        {
          "text": "臭老头儿，你的孤本别想要回去啦！",
          "link": "//game.gtimg.cn/images/yxzj/zlkdatasys/audios/audio/20220412/16497440086452.wav"
        },
        {
          "text": "司空世叔！听说你最近又立了好大一个功啊",
          "link": "//game.gtimg.cn/images/yxzj/zlkdatasys/audios/audio/20220412/16497440911049.mp3"
        },
        {
          "text": "你以为，我真的不敢抓你吗！",
          "link": "//game.gtimg.cn/images/yxzj/zlkdatasys/audios/audio/20220412/16497441416644.wav"
        },
        {
          "text": "老爹让我学琴棋书画，真不知道这有什么意思！",
          "link": "//game.gtimg.cn/images/yxzj/zlkdatasys/audios/audio/20220428/16511359094654.mp3"
        },
        {
          "text": "小星星，我看你骨骼惊奇，不如加入大理寺啊～",
          "link": "//game.gtimg.cn/images/yxzj/zlkdatasys/audios/audio/20220428/16511359392452.mp3"
        },
        {
          "text": "修仙的，还撑得住吗？",
          "link": "//game.gtimg.cn/images/yxzj/zlkdatasys/audios/audio/20221129/16697172817951.mp3"
        },
        {
          "text": "说好一起守护长安，现在连玄都观的门也不出了。",
          "link": "//game.gtimg.cn/images/yxzj/zlkdatasys/audios/audio/20221129/16697162415651.mp3"
        },
        {
          "text": "你又不看戏，管那么多干嘛。",
          "link": "//game.gtimg.cn/images/yxzj/zlkdatasys/audios/audio/20221129/16697162633176.mp3"
        },
        {
          "text": "不是不出门吗，长安的事，你还知道这么多？",
          "link": "//game.gtimg.cn/images/yxzj/zlkdatasys/audios/audio/20221129/16697162852053.mp3"
        },
        {
          "text": "想让我把戏台子搬到玄都观？没门！",
          "link": "//game.gtimg.cn/images/yxzj/zlkdatasys/audios/audio/20221129/16697163111402.mp3"
        },
        {
          "text": "竟然有人质疑本将军本事，真是气死我也！",
          "link": "//game.gtimg.cn/images/yxzj/zlkdatasys/audios/audio/20221129/16697163313801.mp3"
        },
        {
          "text": "哎呀，你那株海棠我给你看着呢，死不了。",
          "link": "//game.gtimg.cn/images/yxzj/zlkdatasys/audios/audio/20221129/16697163586441.mp3"
        },
        {
          "text": "这天下没有治不好的病，也没有能难倒本将军的事！",
          "link": "//game.gtimg.cn/images/yxzj/zlkdatasys/audios/audio/20221129/16697163814847.mp3"
        }
      ],
      "name": "原皮"
    },
    {
      "voice": [
        {
          "text": "云间有鹤乘风来。",
          "link": "//game.gtimg.cn/images/yxzj/zlkdatasys/audios/audio/20230823/16927756616630.mp3"
        },
        {
          "text": "有所念，忽觉一瞬已然千古。",
          "link": "//game.gtimg.cn/images/yxzj/zlkdatasys/audios/audio/20230823/16927756806174.mp3"
        },
        {
          "text": "蓦然回首，那人犹在——昔年初见处。",
          "link": "//game.gtimg.cn/images/yxzj/zlkdatasys/audios/audio/20230823/16927757018291.mp3"
        },
        {
          "text": "荡青冥，越关山，飞入尘寰家万千。",
          "link": "//game.gtimg.cn/images/yxzj/zlkdatasys/audios/audio/20230823/16927629785831.mp3"
        },
        {
          "text": "十里长街市井连，人间烟火隐鹤仙。",
          "link": "//game.gtimg.cn/images/yxzj/zlkdatasys/audios/audio/20230823/16927630452452.mp3"
        },
        {
          "text": "飞过那院墙，有棵怪脾气的松树。我每天都去，自然熟得很～",
          "link": "//game.gtimg.cn/images/yxzj/zlkdatasys/audios/audio/20230823/16927630903884.mp3"
        },
        {
          "text": "投君以琼玉，报我以……松球？",
          "link": "//game.gtimg.cn/images/yxzj/zlkdatasys/audios/audio/20230823/16927631259079.mp3"
        },
        {
          "text": "总有一天，我定飞遍天下，尽览山河。",
          "link": "//game.gtimg.cn/images/yxzj/zlkdatasys/audios/audio/20230823/16927631583167.mp3"
        },
        {
          "text": "瞧那夜市菱藕，春船绮罗，就该早些随我出门！",
          "link": "//game.gtimg.cn/images/yxzj/zlkdatasys/audios/audio/20230823/16927631876313.mp3"
        },
        {
          "text": "与君一约，不以远辞。",
          "link": "//game.gtimg.cn/images/yxzj/zlkdatasys/audios/audio/20230823/16927632182370.mp3"
        },
        {
          "text": "共守人间长宁！",
          "link": "//game.gtimg.cn/images/yxzj/zlkdatasys/audios/audio/20230823/16927632504333.mp3"
        },
        {
          "text": "天荒地老待归期",
          "link": "//game.gtimg.cn/images/yxzj/zlkdatasys/audios/audio/20230823/16927632881802.mp3"
        },
        {
          "text": "苍松茂茂，终有凋时",
          "link": "//game.gtimg.cn/images/yxzj/zlkdatasys/audios/audio/20230823/16927633184208.mp3"
        },
        {
          "text": "就这小玩意儿，我们族里一抓一大把！",
          "link": "//game.gtimg.cn/images/yxzj/zlkdatasys/audios/audio/20230823/16927633597219.mp3"
        },
        {
          "text": "今日怎么不嫌市井喧闹，愿与我来此一游？",
          "link": "//game.gtimg.cn/images/yxzj/zlkdatasys/audios/audio/20230823/16927704866513.mp3"
        },
        {
          "text": "洞中一日，世上千年，难道你一直等在这里？",
          "link": "//game.gtimg.cn/images/yxzj/zlkdatasys/audios/audio/20230823/16927705287084.mp3"
        },
        {
          "text": "有约在身，你我改日再会！",
          "link": "//game.gtimg.cn/images/yxzj/zlkdatasys/audios/audio/20230823/16927705915677.mp3"
        },
        {
          "text": "人间有你，红尘有趣。",
          "link": "//game.gtimg.cn/images/yxzj/zlkdatasys/audios/audio/20230823/16927706531440.mp3"
        },
        {
          "text": "松……什么月明！哎……怎么这么文邹邹的。",
          "link": "//game.gtimg.cn/images/yxzj/zlkdatasys/audios/audio/20230823/16927707082175.mp3"
        },
        {
          "text": "振翼",
          "link": "//game.gtimg.cn/images/yxzj/zlkdatasys/audios/audio/20230825/16929545525217.mp3"
        },
        {
          "text": "乘风去",
          "link": "//game.gtimg.cn/images/yxzj/zlkdatasys/audios/audio/20230825/16929545855282.mp3"
        },
        {
          "text": "鸣九皋",
          "link": "//game.gtimg.cn/images/yxzj/zlkdatasys/audios/audio/20230825/16929546128908.mp3"
        },
        {
          "text": "恣意红尘",
          "link": "//game.gtimg.cn/images/yxzj/zlkdatasys/audios/audio/20230825/16929546342657.mp3"
        },
        {
          "text": "千里快哉风！",
          "link": "//game.gtimg.cn/images/yxzj/zlkdatasys/audios/audio/20230825/16929546734731.mp3"
        },
        {
          "text": "惊羽",
          "link": "//game.gtimg.cn/images/yxzj/zlkdatasys/audios/audio/20230825/16929547055310.mp3"
        },
        {
          "text": "临风眠",
          "link": "//game.gtimg.cn/images/yxzj/zlkdatasys/audios/audio/20230825/16929547413373.mp3"
        },
        {
          "text": "唳云汉",
          "link": "//game.gtimg.cn/images/yxzj/zlkdatasys/audios/audio/20230825/16929547754048.mp3"
        },
        {
          "text": "逍遥天下",
          "link": "//game.gtimg.cn/images/yxzj/zlkdatasys/audios/audio/20230825/16929548133588.mp3"
        },
        {
          "text": "冲霄",
          "link": "//game.gtimg.cn/images/yxzj/zlkdatasys/audios/audio/20230825/16929548562634.mp3"
        },
        {
          "text": "扶风起",
          "link": "//game.gtimg.cn/images/yxzj/zlkdatasys/audios/audio/20230825/16929549086675.mp3"
        },
        {
          "text": "啸八荒",
          "link": "//game.gtimg.cn/images/yxzj/zlkdatasys/audios/audio/20230825/16929549373314.mp3"
        },
        {
          "text": "纵情寰宇",
          "link": "//game.gtimg.cn/images/yxzj/zlkdatasys/audios/audio/20230825/16929549642236.mp3"
        },
        {
          "text": "凌云",
          "link": "//game.gtimg.cn/images/yxzj/zlkdatasys/audios/audio/20230825/16929549874429.mp3"
        },
        {
          "text": "倚风行",
          "link": "//game.gtimg.cn/images/yxzj/zlkdatasys/audios/audio/20230825/16929550173218.mp3"
        }
      ],
      "name": "鹤归松栖"
    }
  ]
}