{
  "data": [
    {
      "voice": [
        {
          "text": "心有猛虎。",
          "link": "//game.gtimg.cn/images/yxzj/zlkdatasys/audios/audio/20220412/16497667464163.wav"
        },
        {
          "text": "修身，养性。",
          "link": "//game.gtimg.cn/images/yxzj/zlkdatasys/audios/audio/20220412/16497667593105.wav"
        },
        {
          "text": "邂逅，让我回忆起重要的事。",
          "link": "//game.gtimg.cn/images/yxzj/zlkdatasys/audios/audio/20220412/16497667719165.wav"
        },
        {
          "text": "百万军中，取人首级如探囊取物！",
          "link": "//game.gtimg.cn/images/yxzj/zlkdatasys/audios/audio/20220412/16497667853804.wav"
        },
        {
          "text": "独自生存，才是最高的惩戒。",
          "link": "//game.gtimg.cn/images/yxzj/zlkdatasys/audios/audio/20220412/16497668002870.wav"
        },
        {
          "text": "有些罪不会消失，有些事非做不可。",
          "link": "//game.gtimg.cn/images/yxzj/zlkdatasys/audios/audio/20220412/16497668127661.wav"
        },
        {
          "text": "最凶残的野兽，不是你我吗？哈哈哈哈",
          "link": "//game.gtimg.cn/images/yxzj/zlkdatasys/audios/audio/20220412/16497668251335.wav"
        },
        {
          "text": "同生，共死……",
          "link": "//game.gtimg.cn/images/yxzj/zlkdatasys/audios/audio/20220412/16497668407645.wav"
        },
        {
          "text": "信念沦丧！",
          "link": "//game.gtimg.cn/images/yxzj/zlkdatasys/audios/audio/20220412/16497668567817.wav"
        },
        {
          "text": "人性泯灭！",
          "link": "//game.gtimg.cn/images/yxzj/zlkdatasys/audios/audio/20220412/16497668682112.wav"
        },
        {
          "text": "可悲！",
          "link": "//game.gtimg.cn/images/yxzj/zlkdatasys/audios/audio/20220412/16497668907754.wav"
        },
        {
          "text": "现实，总是很残酷！",
          "link": "//game.gtimg.cn/images/yxzj/zlkdatasys/audios/audio/20220412/16497670291778.wav"
        },
        {
          "text": "破灭吧！",
          "link": "//game.gtimg.cn/images/yxzj/zlkdatasys/audios/audio/20220412/16497670426137.wav"
        },
        {
          "text": "运转机关！",
          "link": "//game.gtimg.cn/images/yxzj/zlkdatasys/audios/audio/20220412/16497671044426.wav"
        },
        {
          "text": "克制内心的力量！",
          "link": "//game.gtimg.cn/images/yxzj/zlkdatasys/audios/audio/20220412/16497671939855.wav"
        },
        {
          "text": "谁是那个下棋人。",
          "link": "//game.gtimg.cn/images/yxzj/zlkdatasys/audios/audio/20220412/16497672134242.wav"
        },
        {
          "text": "没有无辜者！",
          "link": "//game.gtimg.cn/images/yxzj/zlkdatasys/audios/audio/20220412/16497672263365.wav"
        },
        {
          "text": "自食恶果！",
          "link": "//game.gtimg.cn/images/yxzj/zlkdatasys/audios/audio/20220412/16497672391370.wav"
        },
        {
          "text": "一生求一战！",
          "link": "//game.gtimg.cn/images/yxzj/zlkdatasys/audios/audio/20220412/16497672779759.wav"
        },
        {
          "text": "该出手时就出手！",
          "link": "//game.gtimg.cn/images/yxzj/zlkdatasys/audios/audio/20220412/16497672934751.wav"
        },
        {
          "text": "清算内心！",
          "link": "//game.gtimg.cn/images/yxzj/zlkdatasys/audios/audio/20220412/16497680338359.wav"
        },
        {
          "text": "有尊严的上路吧",
          "link": "//game.gtimg.cn/images/yxzj/zlkdatasys/audios/audio/20220412/16497680663511.wav"
        },
        {
          "text": "呵呵，三爷我长得丑，可惜你想得美",
          "link": "//game.gtimg.cn/images/yxzj/zlkdatasys/audios/audio/20220412/16497680838168.wav"
        }
      ],
      "name": "原皮"
    },
    {
      "voice": [
        {
          "text": "燕人张翼德在此！",
          "link": "//game.gtimg.cn/images/yxzj/zlkdatasys/audios/audio/20220412/16497682693832.wav"
        },
        {
          "text": "谁敢与我决一死战！",
          "link": "//game.gtimg.cn/images/yxzj/zlkdatasys/audios/audio/20220412/16497682827842.wav"
        },
        {
          "text": "一夫当关，万夫莫开！",
          "link": "//game.gtimg.cn/images/yxzj/zlkdatasys/audios/audio/20220412/16497682939421.wav"
        },
        {
          "text": "年少不轻狂 ？哈哈 可笑！",
          "link": "//game.gtimg.cn/images/yxzj/zlkdatasys/audios/audio/20220412/16497683061379.wav"
        },
        {
          "text": "战又不战，退又不退，扭扭捏捏，却是何故？",
          "link": "//game.gtimg.cn/images/yxzj/zlkdatasys/audios/audio/20220412/16497683188753.wav"
        },
        {
          "text": "豹头环眼，正显英雄本色！",
          "link": "//game.gtimg.cn/images/yxzj/zlkdatasys/audios/audio/20220412/16497683309560.wav"
        },
        {
          "text": "这一拜，生死不改！",
          "link": "//game.gtimg.cn/images/yxzj/zlkdatasys/audios/audio/20220412/16497683423474.wav"
        },
        {
          "text": "没了张屠夫，还想吃带毛猪？",
          "link": "//game.gtimg.cn/images/yxzj/zlkdatasys/audios/audio/20220412/16497683541347.wav"
        },
        {
          "text": "一切都是浮云……",
          "link": "//game.gtimg.cn/images/yxzj/zlkdatasys/audios/audio/20220412/16497683687861.wav"
        },
        {
          "text": "大战三百回合！",
          "link": "//game.gtimg.cn/images/yxzj/zlkdatasys/audios/audio/20220412/16497683931199.wav"
        },
        {
          "text": "纯爷们儿就该这么玩！",
          "link": "//game.gtimg.cn/images/yxzj/zlkdatasys/audios/audio/20220412/16497684056103.wav"
        },
        {
          "text": "放弃抵抗吧！",
          "link": "//game.gtimg.cn/images/yxzj/zlkdatasys/audios/audio/20220412/16497684617040.wav"
        },
        {
          "text": "嘿嘿，又吓死了一个！",
          "link": "//game.gtimg.cn/images/yxzj/zlkdatasys/audios/audio/20220412/16497684749452.wav"
        },
        {
          "text": "随我出征！",
          "link": "//game.gtimg.cn/images/yxzj/zlkdatasys/audios/audio/20220412/16497685194741.wav"
        },
        {
          "text": "团战，你不是对手！",
          "link": "//game.gtimg.cn/images/yxzj/zlkdatasys/audios/audio/20220412/16497685356155.wav"
        },
        {
          "text": "撕碎你的人生！",
          "link": "//game.gtimg.cn/images/yxzj/zlkdatasys/audios/audio/20220412/16497685478291.wav"
        },
        {
          "text": "天旋地转！",
          "link": "//game.gtimg.cn/images/yxzj/zlkdatasys/audios/audio/20220412/16497685593549.wav"
        },
        {
          "text": "杀无赦",
          "link": "//game.gtimg.cn/images/yxzj/zlkdatasys/audios/audio/20220412/16497685832963.wav"
        },
        {
          "text": "该出手时一声吼！",
          "link": "//game.gtimg.cn/images/yxzj/zlkdatasys/audios/audio/20220412/16497686008344.wav"
        },
        {
          "text": "三爷脸黑，可三爷我心里明白：你站错队伍了哈哈哈",
          "link": "//game.gtimg.cn/images/yxzj/zlkdatasys/audios/audio/20220412/16497686142957.wav"
        }
      ],
      "name": "虎魄"
    },
    {
      "voice": [
        {
          "text": "兄长即让我做灵兽官，我就会好好看管那些误入人间的梦兽",
          "link": "//game.gtimg.cn/images/yxzj/zlkdatasys/audios/audio/20230510/16837131723944.mp3"
        },
        {
          "text": "怪物，会亮出獠牙，却也有温暖的胸膛",
          "link": "//game.gtimg.cn/images/yxzj/zlkdatasys/audios/audio/20230510/16837131969099.mp3"
        },
        {
          "text": "鼓声震慑的，不仅是梦兽，还有昏聩的心",
          "link": "//game.gtimg.cn/images/yxzj/zlkdatasys/audios/audio/20230510/16837132055141.mp3"
        },
        {
          "text": "让我来看看，又有哪只迷糊的梦兽跑到人间了",
          "link": "//game.gtimg.cn/images/yxzj/zlkdatasys/audios/audio/20230510/16837015511706.mp3"
        },
        {
          "text": "人面相似，人心却不同，兽面各异，兽心却都类似",
          "link": "//game.gtimg.cn/images/yxzj/zlkdatasys/audios/audio/20230510/16837016091438.mp3"
        },
        {
          "text": "梦兽易受负面情绪侵染，性情巨变",
          "link": "//game.gtimg.cn/images/yxzj/zlkdatasys/audios/audio/20230510/16837017845466.mp3"
        },
        {
          "text": "小时候，因为能看到梦兽，他们都叫我怪物",
          "link": "//game.gtimg.cn/images/yxzj/zlkdatasys/audios/audio/20230510/16837018023192.mp3"
        },
        {
          "text": "有大哥在，一切就不用操心",
          "link": "//game.gtimg.cn/images/yxzj/zlkdatasys/audios/audio/20230510/16837018182211.mp3"
        },
        {
          "text": "二哥说了，打不过就找他",
          "link": "//game.gtimg.cn/images/yxzj/zlkdatasys/audios/audio/20230510/16837018333013.mp3"
        },
        {
          "text": "梦里的百兽之王，进入人间，却变成了一只张牙舞爪的小猫咪",
          "link": "//game.gtimg.cn/images/yxzj/zlkdatasys/audios/audio/20230510/16837018487460.mp3"
        },
        {
          "text": "欺负我哥哥，就是欺负我",
          "link": "//game.gtimg.cn/images/yxzj/zlkdatasys/audios/audio/20230510/16837018703434.mp3"
        },
        {
          "text": "守护梦兽与人的和平，就是守梦人",
          "link": "//game.gtimg.cn/images/yxzj/zlkdatasys/audios/audio/20230510/16837018886417.mp3"
        },
        {
          "text": "危难当头，唤我名字便是",
          "link": "//game.gtimg.cn/images/yxzj/zlkdatasys/audios/audio/20230510/16837019042046.mp3"
        },
        {
          "text": "歇一下……再来……",
          "link": "//game.gtimg.cn/images/yxzj/zlkdatasys/audios/audio/20230510/16837019261301.mp3"
        },
        {
          "text": "这些梦兽，太调皮了……",
          "link": "//game.gtimg.cn/images/yxzj/zlkdatasys/audios/audio/20230510/16837019501551.mp3"
        },
        {
          "text": "男儿不为热血而战，反畏畏不前，是何男儿",
          "link": "//game.gtimg.cn/images/yxzj/zlkdatasys/audios/audio/20230510/16837019698471.mp3"
        },
        {
          "text": "小家伙们，别四处捣乱！",
          "link": "//game.gtimg.cn/images/yxzj/zlkdatasys/audios/audio/20230510/16837019922029.mp3"
        },
        {
          "text": "我制住你了！",
          "link": "//game.gtimg.cn/images/yxzj/zlkdatasys/audios/audio/20230510/16837020071819.mp3"
        },
        {
          "text": "荡开梦魇",
          "link": "//game.gtimg.cn/images/yxzj/zlkdatasys/audios/audio/20230510/16837020238445.mp3"
        },
        {
          "text": "不可近身",
          "link": "//game.gtimg.cn/images/yxzj/zlkdatasys/audios/audio/20230510/16837020428459.mp3"
        },
        {
          "text": "俺来震住他们",
          "link": "//game.gtimg.cn/images/yxzj/zlkdatasys/audios/audio/20230510/16837020725837.mp3"
        },
        {
          "text": "休要猖狂",
          "link": "//game.gtimg.cn/images/yxzj/zlkdatasys/audios/audio/20230510/16837020871432.mp3"
        },
        {
          "text": "此地禁止胡来",
          "link": "//game.gtimg.cn/images/yxzj/zlkdatasys/audios/audio/20230510/16837021134063.mp3"
        },
        {
          "text": "不准伤人",
          "link": "//game.gtimg.cn/images/yxzj/zlkdatasys/audios/audio/20230510/16837021289424.mp3"
        },
        {
          "text": "尝尝胡来的代价",
          "link": "//game.gtimg.cn/images/yxzj/zlkdatasys/audios/audio/20230510/16837021435393.mp3"
        },
        {
          "text": "捣乱的，统统关起来",
          "link": "//game.gtimg.cn/images/yxzj/zlkdatasys/audios/audio/20230510/16837021581103.mp3"
        },
        {
          "text": "于风暴中，啸惊雷",
          "link": "//game.gtimg.cn/images/yxzj/zlkdatasys/audios/audio/20230510/16837021743170.mp3"
        },
        {
          "text": "我也变个身，和你们斗一斗",
          "link": "//game.gtimg.cn/images/yxzj/zlkdatasys/audios/audio/20230510/16837021915751.mp3"
        },
        {
          "text": "谁敢伤我大哥二哥！",
          "link": "//game.gtimg.cn/images/yxzj/zlkdatasys/audios/audio/20230510/16837023899926.mp3"
        },
        {
          "text": "笔力点透眉心，神面绘制于身",
          "link": "//game.gtimg.cn/images/yxzj/zlkdatasys/audios/audio/20230510/16837024376605.mp3"
        },
        {
          "text": "桃源不在远方，就在身边",
          "link": "//game.gtimg.cn/images/yxzj/zlkdatasys/audios/audio/20230510/16837024575732.mp3"
        },
        {
          "text": "一日为兄弟，终生为兄弟",
          "link": "//game.gtimg.cn/images/yxzj/zlkdatasys/audios/audio/20230510/16837024845709.mp3"
        },
        {
          "text": "大哥答应了，你们可以暂时住后院",
          "link": "//game.gtimg.cn/images/yxzj/zlkdatasys/audios/audio/20230510/16837025006102.mp3"
        },
        {
          "text": "淘气的梦兽，总喜欢藏在城市的各个角落",
          "link": "//game.gtimg.cn/images/yxzj/zlkdatasys/audios/audio/20230510/16837026397757.mp3"
        },
        {
          "text": "节庆之时，俺偶尔也客串一下鼓手",
          "link": "//game.gtimg.cn/images/yxzj/zlkdatasys/audios/audio/20230510/16837026602173.mp3"
        },
        {
          "text": "梦兽千万，它们可能变成每一种动物",
          "link": "//game.gtimg.cn/images/yxzj/zlkdatasys/audios/audio/20230510/16837028272303.mp3"
        },
        {
          "text": "后院这些大猫咪，怎么总喜欢上树",
          "link": "//game.gtimg.cn/images/yxzj/zlkdatasys/audios/audio/20230510/16837028458909.mp3"
        },
        {
          "text": "不过八条小鱼，五碗猫粮，还有三段美梦",
          "link": "//game.gtimg.cn/images/yxzj/zlkdatasys/audios/audio/20230510/16837028847352.mp3"
        },
        {
          "text": "二哥说得对，不过是多了些暗中捣乱的家伙",
          "link": "//game.gtimg.cn/images/yxzj/zlkdatasys/audios/audio/20230510/16837029179892.mp3"
        },
        {
          "text": "大猫也这样认为，它们正夸二哥的敏锐",
          "link": "//game.gtimg.cn/images/yxzj/zlkdatasys/audios/audio/20230510/16837029325247.mp3"
        },
        {
          "text": "守梦司收留的梦兽，已经快住不下了",
          "link": "//game.gtimg.cn/images/yxzj/zlkdatasys/audios/audio/20230510/16837029553267.mp3"
        }
      ],
      "name": "百相守梦"
    }
  ]
}