{
  "data": [
    {
      "voice": [
        {
          "text": "我思故我在",
          "link": "//game.gtimg.cn/images/yxzj/zlkdatasys/audios/audio/20220408/16493927298488.wav"
        },
        {
          "text": "嘘，好奇心会害死猫！",
          "link": "//game.gtimg.cn/images/yxzj/zlkdatasys/audios/audio/20220408/16493927424183.wav"
        },
        {
          "text": "最强大的魔法，是语言！",
          "link": "//game.gtimg.cn/images/yxzj/zlkdatasys/audios/audio/20220408/16493927677535.wav"
        },
        {
          "text": "你和神交谈，是信仰。神和你说话……呵，脑子坏掉了吧。",
          "link": "//game.gtimg.cn/images/yxzj/zlkdatasys/audios/audio/20220408/16493928273054.wav"
        },
        {
          "text": "伤心不是哭的理由，傻才是。",
          "link": "//game.gtimg.cn/images/yxzj/zlkdatasys/audios/audio/20220408/16493928409107.wav"
        },
        {
          "text": "如果世上还有什么我不懂的学问，那就是女孩子们……",
          "link": "//game.gtimg.cn/images/yxzj/zlkdatasys/audios/audio/20220408/16493928554767.wav"
        },
        {
          "text": "预知到即将降临的风暴，无人能置身事外。",
          "link": "//game.gtimg.cn/images/yxzj/zlkdatasys/audios/audio/20220408/16493928684277.wav"
        },
        {
          "text": "为什么人和人的头脑结构会有这么大差异？嗯，值得思索。",
          "link": "//game.gtimg.cn/images/yxzj/zlkdatasys/audios/audio/20220408/16493928833120.wav"
        },
        {
          "text": "知道的太多……",
          "link": "//game.gtimg.cn/images/yxzj/zlkdatasys/audios/audio/20220408/16493929407304.wav"
        },
        {
          "text": "遵循我的命令！",
          "link": "//game.gtimg.cn/images/yxzj/zlkdatasys/audios/audio/20220408/16493930609684.wav"
        },
        {
          "text": "现在，接受支配！",
          "link": "//game.gtimg.cn/images/yxzj/zlkdatasys/audios/audio/20220408/16493930736632.wav"
        },
        {
          "text": "回归本源！",
          "link": "//game.gtimg.cn/images/yxzj/zlkdatasys/audios/audio/20220408/16493934026215.wav"
        },
        {
          "text": "连愚昧的心灵一同摧毁！",
          "link": "//game.gtimg.cn/images/yxzj/zlkdatasys/audios/audio/20220408/16493934157069.wav"
        },
        {
          "text": "知道了，老师。",
          "link": "//game.gtimg.cn/images/yxzj/zlkdatasys/audios/audio/20221109/16679792819268.mp3"
        },
        {
          "text": "保持警惕",
          "link": "//game.gtimg.cn/images/yxzj/zlkdatasys/audios/audio/20221109/16679780116011.mp3"
        },
        {
          "text": "老师外出多时，可有所获？",
          "link": "//game.gtimg.cn/images/yxzj/zlkdatasys/audios/audio/20221109/16679779346620.mp3"
        },
        {
          "text": "老师，女孩子是一种什么学问？",
          "link": "//game.gtimg.cn/images/yxzj/zlkdatasys/audios/audio/20221109/16679778547772.mp3"
        },
        {
          "text": "天书是否会告诉我们，什么是终极",
          "link": "//game.gtimg.cn/images/yxzj/zlkdatasys/audios/audio/20221109/16679777492100.mp3"
        },
        {
          "text": "探索学问，我也该去其他地方了",
          "link": "//game.gtimg.cn/images/yxzj/zlkdatasys/audios/audio/20221109/16679848244052.mp3"
        }
      ],
      "name": "原皮"
    },
    {
      "voice": [
        {
          "text": "燃烧小宇宙，激发第七感",
          "link": "//game.gtimg.cn/images/yxzj/zlkdatasys/audios/audio/20220408/16493935684443.wav"
        },
        {
          "text": "我所守护之地，是圣域的第一宫，白羊宫",
          "link": "//game.gtimg.cn/images/yxzj/zlkdatasys/audios/audio/20220408/16493935844820.wav"
        },
        {
          "text": "火时钟再次被点燃了",
          "link": "//game.gtimg.cn/images/yxzj/zlkdatasys/audios/audio/20220408/16493935976620.wav"
        },
        {
          "text": "燃烧小宇宙，激发第七感",
          "link": "//game.gtimg.cn/images/yxzj/zlkdatasys/audios/audio/20220408/16493936196275.wav"
        },
        {
          "text": "圣衣也是有生命的",
          "link": "//game.gtimg.cn/images/yxzj/zlkdatasys/audios/audio/20220408/16493936399296.wav"
        },
        {
          "text": "白羊，也会露出獠牙",
          "link": "//game.gtimg.cn/images/yxzj/zlkdatasys/audios/audio/20220408/16493936537114.wav"
        },
        {
          "text": "你的热情让我看到了一丝希望",
          "link": "//game.gtimg.cn/images/yxzj/zlkdatasys/audios/audio/20220408/16493936675909.wav"
        },
        {
          "text": "贵鬼这小子，又跑哪里去了？",
          "link": "//game.gtimg.cn/images/yxzj/zlkdatasys/audios/audio/20220408/16493936826843.wav"
        },
        {
          "text": "守护…雅典娜",
          "link": "//game.gtimg.cn/images/yxzj/zlkdatasys/audios/audio/20220408/16493936998546.wav"
        },
        {
          "text": "绝不退缩！",
          "link": "//game.gtimg.cn/images/yxzj/zlkdatasys/audios/audio/20220408/16493937225332.wav"
        },
        {
          "text": "亲手送你们回冥界！",
          "link": "//game.gtimg.cn/images/yxzj/zlkdatasys/audios/audio/20220408/16493937403963.wav"
        },
        {
          "text": "休想踏入白羊宫半步。",
          "link": "//game.gtimg.cn/images/yxzj/zlkdatasys/audios/audio/20220408/16493937544463.wav"
        },
        {
          "text": "你就放心地沉睡吧",
          "link": "//game.gtimg.cn/images/yxzj/zlkdatasys/audios/audio/20220408/16493937787181.wav"
        },
        {
          "text": "被星光灭绝击中的人，可以去的地方只有死国",
          "link": "//game.gtimg.cn/images/yxzj/zlkdatasys/audios/audio/20220408/16493937956584.wav"
        },
        {
          "text": "看好了。",
          "link": "//game.gtimg.cn/images/yxzj/zlkdatasys/audios/audio/20220408/16493938176591.wav"
        },
        {
          "text": "为了爱与正义，还在继续战斗么",
          "link": "//game.gtimg.cn/images/yxzj/zlkdatasys/audios/audio/20220408/16493939007662.wav"
        },
        {
          "text": "黄金圣衣沐浴着太阳的光辉……",
          "link": "//game.gtimg.cn/images/yxzj/zlkdatasys/audios/audio/20220408/16493939144100.wav"
        }
      ],
      "name": "黄金白羊座"
    },
    {
      "voice": [
        {
          "text": "千筹百略，问战巅峰。",
          "link": "//game.gtimg.cn/images/yxzj/zlkdatasys/audios/audio/20220627/16563277969296.wav"
        },
        {
          "text": "观察，分析，演练，部署……完美的战术，是一种艺术",
          "link": "//game.gtimg.cn/images/yxzj/zlkdatasys/audios/audio/20220627/16563278132253.wav"
        },
        {
          "text": "如果版本真的有答案，那就是——智慧的头脑~",
          "link": "//game.gtimg.cn/images/yxzj/zlkdatasys/audios/audio/20220627/16563278306097.wav"
        },
        {
          "text": "实力，是组成运气的一部分",
          "link": "//game.gtimg.cn/images/yxzj/zlkdatasys/audios/audio/20220627/16563279474009.wav"
        },
        {
          "text": "没有无用的英雄，只有无效的战术~",
          "link": "//game.gtimg.cn/images/yxzj/zlkdatasys/audios/audio/20220627/16563283351449.wav"
        },
        {
          "text": "不是五个人的比赛，是六个人在战斗",
          "link": "//game.gtimg.cn/images/yxzj/zlkdatasys/audios/audio/20220627/16563283514159.wav"
        },
        {
          "text": "有些人生来属于赛场，无论以何种身份",
          "link": "//game.gtimg.cn/images/yxzj/zlkdatasys/audios/audio/20220627/16563283671209.wav"
        },
        {
          "text": "电子竞技，没有终点",
          "link": "//game.gtimg.cn/images/yxzj/zlkdatasys/audios/audio/20220627/16563283817531.wav"
        },
        {
          "text": "以荣耀为名的战场，从不止于峡谷",
          "link": "//game.gtimg.cn/images/yxzj/zlkdatasys/audios/audio/20220627/16563283964551.wav"
        },
        {
          "text": "复盘时间到",
          "link": "//game.gtimg.cn/images/yxzj/zlkdatasys/audios/audio/20220627/16563284162307.wav"
        },
        {
          "text": "我只需要说一个点：胜利，属于我们~",
          "link": "//game.gtimg.cn/images/yxzj/zlkdatasys/audios/audio/20220627/16563284376844.wav"
        },
        {
          "text": "示范下正确操作！",
          "link": "//game.gtimg.cn/images/yxzj/zlkdatasys/audios/audio/20220627/16563284678544.wav"
        },
        {
          "text": "知彼知己，百战不殆~",
          "link": "//game.gtimg.cn/images/yxzj/zlkdatasys/audios/audio/20220627/16563292583144.wav"
        },
        {
          "text": "听我指挥~",
          "link": "//game.gtimg.cn/images/yxzj/zlkdatasys/audios/audio/20220627/16563292721594.wav"
        },
        {
          "text": "注意细节~",
          "link": "//game.gtimg.cn/images/yxzj/zlkdatasys/audios/audio/20220627/16563292856372.wav"
        },
        {
          "text": "找准你的定位~",
          "link": "//game.gtimg.cn/images/yxzj/zlkdatasys/audios/audio/20220627/16563292981648.wav"
        },
        {
          "text": "这个英雄，禁止使用~",
          "link": "//game.gtimg.cn/images/yxzj/zlkdatasys/audios/audio/20220627/16563293133744.wav"
        },
        {
          "text": "尽在掌控之中！",
          "link": "//game.gtimg.cn/images/yxzj/zlkdatasys/audios/audio/20220627/16563293286737.wav"
        },
        {
          "text": "停止你无谓的挣扎~",
          "link": "//game.gtimg.cn/images/yxzj/zlkdatasys/audios/audio/20220627/16563293412035.wav"
        },
        {
          "text": "理性分析，不排除超常发挥的可能。",
          "link": "//game.gtimg.cn/images/yxzj/zlkdatasys/audios/audio/20220628/16563849523436.wav"
        },
        {
          "text": "别浪，把握优势",
          "link": "//game.gtimg.cn/images/yxzj/zlkdatasys/audios/audio/20220627/16563293937937.wav"
        },
        {
          "text": "稳住，我们能赢",
          "link": "//game.gtimg.cn/images/yxzj/zlkdatasys/audios/audio/20220627/16563294238526.wav"
        }
      ],
      "name": "千筹问战"
    }
  ]
}