{
  "data": [
    {
      "voice": [
        {
          "text": "赵子龙，参见！",
          "link": "//game.gtimg.cn/images/yxzj/zlkdatasys/audios/audio/20220412/16497655863918.wav"
        },
        {
          "text": "枪如惊雷，照一身肝胆!",
          "link": "//game.gtimg.cn/images/yxzj/zlkdatasys/audios/audio/20220412/16497656148340.wav"
        },
        {
          "text": "一鼓作气，进击！",
          "link": "//game.gtimg.cn/images/yxzj/zlkdatasys/audios/audio/20220412/16497665306312.wav"
        },
        {
          "text": "勇者之誓甚于生死！",
          "link": "//game.gtimg.cn/images/yxzj/zlkdatasys/audios/audio/20220412/16497665579052.wav"
        },
        {
          "text": "心怀不惧，方能翱翔于天际。",
          "link": "//game.gtimg.cn/images/yxzj/zlkdatasys/audios/audio/20220412/16497665735202.wav"
        },
        {
          "text": "看清楚了吗？这贯穿乱世的雷霆",
          "link": "//game.gtimg.cn/images/yxzj/zlkdatasys/audios/audio/20220412/16497668681903.wav"
        },
        {
          "text": "枪尖在燃烧！",
          "link": "//game.gtimg.cn/images/yxzj/zlkdatasys/audios/audio/20220412/16497669108554.wav"
        },
        {
          "text": "阁下的首级，我收下了！",
          "link": "//game.gtimg.cn/images/yxzj/zlkdatasys/audios/audio/20220412/16497669869235.wav"
        },
        {
          "text": "拜托……各位了！",
          "link": "//game.gtimg.cn/images/yxzj/zlkdatasys/audios/audio/20220412/16497670111657.wav"
        },
        {
          "text": "龙枪乱舞，万夫莫敌！",
          "link": "//game.gtimg.cn/images/yxzj/zlkdatasys/audios/audio/20220412/16497670756294.wav"
        },
        {
          "text": "七进七出！",
          "link": "//game.gtimg.cn/images/yxzj/zlkdatasys/audios/audio/20220412/16497670956253.wav"
        },
        {
          "text": "雷霆万钧",
          "link": "//game.gtimg.cn/images/yxzj/zlkdatasys/audios/audio/20220412/16497671215752.wav"
        },
        {
          "text": "胜负已分！",
          "link": "//game.gtimg.cn/images/yxzj/zlkdatasys/audios/audio/20220412/16497671632343.wav"
        },
        {
          "text": "抱歉，你挡住路了！",
          "link": "//game.gtimg.cn/images/yxzj/zlkdatasys/audios/audio/20220412/16497672817688.wav"
        }
      ],
      "name": "原皮"
    },
    {
      "voice": [
        {
          "text": "沸腾的并非燃料，是心脏",
          "link": "//game.gtimg.cn/images/yxzj/zlkdatasys/audios/audio/20220412/16497675716595.wav"
        },
        {
          "text": "动力卓越！",
          "link": "//game.gtimg.cn/images/yxzj/zlkdatasys/audios/audio/20220412/16497675941032.wav"
        },
        {
          "text": "驾驶着旅途，故事和文明",
          "link": "//game.gtimg.cn/images/yxzj/zlkdatasys/audios/audio/20220412/16497676283346.wav"
        },
        {
          "text": "成为人，而非成为疯狂",
          "link": "//game.gtimg.cn/images/yxzj/zlkdatasys/audios/audio/20220412/16497679417053.wav"
        },
        {
          "text": "多数，不等同于正义",
          "link": "//game.gtimg.cn/images/yxzj/zlkdatasys/audios/audio/20220412/16497679622754.wav"
        },
        {
          "text": "会安然无恙的。我保证",
          "link": "//game.gtimg.cn/images/yxzj/zlkdatasys/audios/audio/20220412/16497679831280.wav"
        },
        {
          "text": "不，你们也不明白自己在渴求些什么",
          "link": "//game.gtimg.cn/images/yxzj/zlkdatasys/audios/audio/20220412/16497680012289.wav"
        },
        {
          "text": "比武器和战争更有力量",
          "link": "//game.gtimg.cn/images/yxzj/zlkdatasys/audios/audio/20220412/16497680212317.wav"
        },
        {
          "text": "抵达终点",
          "link": "//game.gtimg.cn/images/yxzj/zlkdatasys/audios/audio/20220412/16497681367624.wav"
        },
        {
          "text": "引擎，永无止境",
          "link": "//game.gtimg.cn/images/yxzj/zlkdatasys/audios/audio/20220412/16497681614308.wav"
        },
        {
          "text": "不可逾越的极限",
          "link": "//game.gtimg.cn/images/yxzj/zlkdatasys/audios/audio/20220412/16497681805481.wav"
        },
        {
          "text": "不能把握人生的方向盘，前进还有什么意义？",
          "link": "//game.gtimg.cn/images/yxzj/zlkdatasys/audios/audio/20220412/16497681987408.wav"
        }
      ],
      "name": "引擎之心"
    },
    {
      "voice": [
        {
          "text": "凡是命运，皆为设定。",
          "link": "//game.gtimg.cn/images/yxzj/zlkdatasys/audios/audio/20220412/16497700535957.wav"
        },
        {
          "text": "永恒地存在一个词。",
          "link": "//game.gtimg.cn/images/yxzj/zlkdatasys/audios/audio/20220412/16497700681734.wav"
        },
        {
          "text": "我的仁爱，不同于世人的仁爱。",
          "link": "//game.gtimg.cn/images/yxzj/zlkdatasys/audios/audio/20220412/16497700799824.wav"
        },
        {
          "text": "人类酷爱生产道德，无论是过去还是现在。",
          "link": "//game.gtimg.cn/images/yxzj/zlkdatasys/audios/audio/20220412/16497700934408.wav"
        },
        {
          "text": "不是所有的程序都能被执行。",
          "link": "//game.gtimg.cn/images/yxzj/zlkdatasys/audios/audio/20220412/16497701077986.wav"
        },
        {
          "text": "无论你相信多少，跟着我走就对了。",
          "link": "//game.gtimg.cn/images/yxzj/zlkdatasys/audios/audio/20220412/16497701251296.wav"
        },
        {
          "text": "抓住真理吧，因为它随时会变。",
          "link": "//game.gtimg.cn/images/yxzj/zlkdatasys/audios/audio/20220412/16497701374253.wav"
        },
        {
          "text": "代号：影子。",
          "link": "//game.gtimg.cn/images/yxzj/zlkdatasys/audios/audio/20220412/16497701524727.wav"
        },
        {
          "text": "太阳……",
          "link": "//game.gtimg.cn/images/yxzj/zlkdatasys/audios/audio/20220412/16497701769339.wav"
        },
        {
          "text": "我喜欢4这个数字！",
          "link": "//game.gtimg.cn/images/yxzj/zlkdatasys/audios/audio/20220412/16497701931231.wav"
        },
        {
          "text": "绝无间断！",
          "link": "//game.gtimg.cn/images/yxzj/zlkdatasys/audios/audio/20220412/16497702078208.wav"
        },
        {
          "text": "这就是雷霆万钧！",
          "link": "//game.gtimg.cn/images/yxzj/zlkdatasys/audios/audio/20220412/16497702261389.wav"
        },
        {
          "text": "天降之爱！",
          "link": "//game.gtimg.cn/images/yxzj/zlkdatasys/audios/audio/20220412/16497702471239.wav"
        },
        {
          "text": "即使你死了，我也会把你领到高处。",
          "link": "//game.gtimg.cn/images/yxzj/zlkdatasys/audios/audio/20220412/16497702602586.wav"
        },
        {
          "text": "我们都没见过太阳，可你都发霉了。",
          "link": "//game.gtimg.cn/images/yxzj/zlkdatasys/audios/audio/20220412/16497702742649.wav"
        }
      ],
      "name": "龙胆"
    },
    {
      "voice": [
        {
          "text": "若此人间已没有星辰，那我们便做那唯一的光。",
          "link": "//game.gtimg.cn/images/yxzj/zlkdatasys/audios/audio/20220418/16502900738995.mp3"
        },
        {
          "text": "死并非不足惧，只是心中有道，便不会退却！",
          "link": "//game.gtimg.cn/images/yxzj/zlkdatasys/audios/audio/20220418/16502900934502.mp3"
        },
        {
          "text": "苍生有难，命星为引，断枪重铸，永佑神州。",
          "link": "//game.gtimg.cn/images/yxzj/zlkdatasys/audios/audio/20220418/16502901136105.mp3"
        },
        {
          "text": "吾辈神州弟子，岂可向妖邪低首。",
          "link": "//game.gtimg.cn/images/yxzj/zlkdatasys/audios/audio/20220413/16498385412275.wav"
        },
        {
          "text": "这里是我们的人间，没有谁可以来此放肆！",
          "link": "//game.gtimg.cn/images/yxzj/zlkdatasys/audios/audio/20220413/16498385571308.wav"
        },
        {
          "text": "平生不求大道，但求四海升平。",
          "link": "//game.gtimg.cn/images/yxzj/zlkdatasys/audios/audio/20220413/16498385742612.wav"
        },
        {
          "text": "敬那些虽弱如微草，却依然敢向恶妖挑战的先烈。",
          "link": "//game.gtimg.cn/images/yxzj/zlkdatasys/audios/audio/20220413/16498385893450.wav"
        },
        {
          "text": "我知九幽下有风，诸山巅有雪，却不知尘世有此哀鸿。",
          "link": "//game.gtimg.cn/images/yxzj/zlkdatasys/audios/audio/20220413/16498386042293.wav"
        },
        {
          "text": "相柳，你若有九命，便诛你九次，若有千命，便斩你千回。",
          "link": "//game.gtimg.cn/images/yxzj/zlkdatasys/audios/audio/20220413/16498386186230.wav"
        },
        {
          "text": "寒潭水，熔岩火，多少日夜淬炼，便只为今日。",
          "link": "//game.gtimg.cn/images/yxzj/zlkdatasys/audios/audio/20220413/16498386339992.wav"
        },
        {
          "text": "凡人在人间浴血，仙人却在山中避世，这便是你们的修行？",
          "link": "//game.gtimg.cn/images/yxzj/zlkdatasys/audios/audio/20220413/16498386484907.wav"
        },
        {
          "text": "逝者无需悲怆，因为我们在，光明就在。",
          "link": "//game.gtimg.cn/images/yxzj/zlkdatasys/audios/audio/20220413/16498386622136.wav"
        },
        {
          "text": "我们站在这里，只是希望黑暗之后，不要再是黑暗！",
          "link": "//game.gtimg.cn/images/yxzj/zlkdatasys/audios/audio/20220413/16498387103342.wav"
        },
        {
          "text": "纵仙道断绝……亦……无悔……",
          "link": "//game.gtimg.cn/images/yxzj/zlkdatasys/audios/audio/20220413/16498387221572.wav"
        },
        {
          "text": "淬星",
          "link": "//game.gtimg.cn/images/yxzj/zlkdatasys/audios/audio/20220413/16498388265563.wav"
        },
        {
          "text": "且战",
          "link": "//game.gtimg.cn/images/yxzj/zlkdatasys/audios/audio/20220413/16498388405156.wav"
        },
        {
          "text": "万千磨砺，铸成无双",
          "link": "//game.gtimg.cn/images/yxzj/zlkdatasys/audios/audio/20220413/16498390129097.wav"
        },
        {
          "text": "长枪所向，无所不往",
          "link": "//game.gtimg.cn/images/yxzj/zlkdatasys/audios/audio/20220413/16498390686472.wav"
        },
        {
          "text": "斩邪破妄",
          "link": "//game.gtimg.cn/images/yxzj/zlkdatasys/audios/audio/20220413/16498390823902.wav"
        },
        {
          "text": "一枪定乾坤",
          "link": "//game.gtimg.cn/images/yxzj/zlkdatasys/audios/audio/20220413/16498391976579.wav"
        },
        {
          "text": "星照四野",
          "link": "//game.gtimg.cn/images/yxzj/zlkdatasys/audios/audio/20220413/16498392108222.wav"
        },
        {
          "text": "谁赐汝胆，敢向人间行恶",
          "link": "//game.gtimg.cn/images/yxzj/zlkdatasys/audios/audio/20220413/16498393686697.wav"
        },
        {
          "text": "大妖，伏诛",
          "link": "//game.gtimg.cn/images/yxzj/zlkdatasys/audios/audio/20220413/16498394398607.wav"
        },
        {
          "text": "冬淬寒潭夏浴火，九锻枪心护苍生",
          "link": "//game.gtimg.cn/images/yxzj/zlkdatasys/audios/audio/20220413/16498394909180.wav"
        }
      ],
      "name": "淬星耀世"
    },
    {
      "voice": [
        {
          "text": "以枪法明志，以韧心立世。",
          "link": "//game.gtimg.cn/images/yxzj/zlkdatasys/audios/audio/20220414/16499308168937.mp3"
        },
        {
          "text": "心不为胜意所据，枪不为盛名所累。",
          "link": "//game.gtimg.cn/images/yxzj/zlkdatasys/audios/audio/20220414/16499308278933.mp3"
        },
        {
          "text": "战遍三江五湖，魂归山居故处……",
          "link": "//game.gtimg.cn/images/yxzj/zlkdatasys/audios/audio/20220414/16499308394431.mp3"
        },
        {
          "text": "江湖浩浩，可濯吾枪。",
          "link": "//game.gtimg.cn/images/yxzj/zlkdatasys/audios/audio/20220413/16498365049140.wav"
        },
        {
          "text": "朝夕苦练，寒暑不辍，皆为何求？",
          "link": "//game.gtimg.cn/images/yxzj/zlkdatasys/audios/audio/20220413/16498365184935.wav"
        },
        {
          "text": "师门训诫：不可恃强凌弱，不可逞凶斗狠。",
          "link": "//game.gtimg.cn/images/yxzj/zlkdatasys/audios/audio/20220413/16498365308189.wav"
        },
        {
          "text": "枪出必有因，或为道义，或为师名。",
          "link": "//game.gtimg.cn/images/yxzj/zlkdatasys/audios/audio/20220413/16498365445421.wav"
        },
        {
          "text": "当如千年之木，历尽枯荣，参天依旧！",
          "link": "//game.gtimg.cn/images/yxzj/zlkdatasys/audios/audio/20220413/16498365603835.wav"
        },
        {
          "text": "振兴师门有千法，吾必择一而终。",
          "link": "//game.gtimg.cn/images/yxzj/zlkdatasys/audios/audio/20220413/16498365758854.wav"
        },
        {
          "text": "囿于路数，患于荣辱，枪法恐难进步。",
          "link": "//game.gtimg.cn/images/yxzj/zlkdatasys/audios/audio/20220413/16498365875318.wav"
        },
        {
          "text": "枪名为百木，乃先师所托，诚不敢怠慢。",
          "link": "//game.gtimg.cn/images/yxzj/zlkdatasys/audios/audio/20220413/16498366004158.wav"
        },
        {
          "text": "英雄相逢，莫问来处，出枪吧！",
          "link": "//game.gtimg.cn/images/yxzj/zlkdatasys/audios/audio/20220413/16498366159461.wav"
        },
        {
          "text": "毫厘之间，高下已见。",
          "link": "//game.gtimg.cn/images/yxzj/zlkdatasys/audios/audio/20220413/16498366335229.wav"
        },
        {
          "text": "动掣八方，以克万敌！",
          "link": "//game.gtimg.cn/images/yxzj/zlkdatasys/audios/audio/20220413/16498366497811.wav"
        },
        {
          "text": "志在九霄！",
          "link": "//game.gtimg.cn/images/yxzj/zlkdatasys/audios/audio/20220413/16498366634231.wav"
        },
        {
          "text": "扫尽秋风！",
          "link": "//game.gtimg.cn/images/yxzj/zlkdatasys/audios/audio/20220413/16498366776618.wav"
        },
        {
          "text": "略胜一筹，承让。",
          "link": "//game.gtimg.cn/images/yxzj/zlkdatasys/audios/audio/20220413/16498383851499.wav"
        },
        {
          "text": "千林过雨，叠嶂如新！",
          "link": "//game.gtimg.cn/images/yxzj/zlkdatasys/audios/audio/20220413/16498369336136.wav"
        },
        {
          "text": "扶危济困，侠者之道！不必言谢。",
          "link": "//game.gtimg.cn/images/yxzj/zlkdatasys/audios/audio/20220413/16498369522125.wav"
        },
        {
          "text": "先让你三招，如何",
          "link": "//game.gtimg.cn/images/yxzj/zlkdatasys/audios/audio/20220413/16498369704985.wav"
        },
        {
          "text": "吾与将军昔有数面之缘，不及深交，今可以枪论友？",
          "link": "//game.gtimg.cn/images/yxzj/zlkdatasys/audios/audio/20220413/16498369872266.wav"
        }
      ],
      "name": "百木心枪"
    },
    {
      "voice": [
        {
          "text": "诏天地为证，镌日月为盟。",
          "link": "//game.gtimg.cn/images/yxzj/zlkdatasys/audios/audio/20240204/17070348632475.mp3"
        },
        {
          "text": "立契天地！",
          "link": "//game.gtimg.cn/images/yxzj/zlkdatasys/audios/audio/20240204/17070348911474.mp3"
        },
        {
          "text": "千秋为纪，礼乐流风。",
          "link": "//game.gtimg.cn/images/yxzj/zlkdatasys/audios/audio/20240204/17070349169834.mp3"
        },
        {
          "text": "承千秋之祐，聚万象为龙！",
          "link": "//game.gtimg.cn/images/yxzj/zlkdatasys/audios/audio/20240204/17070351403298.mp3"
        },
        {
          "text": "节击钟鼓，约定天地——孚佑一方，百代绵长。",
          "link": "//game.gtimg.cn/images/yxzj/zlkdatasys/audios/audio/20240204/17070351958756.mp3"
        },
        {
          "text": "昔者先祖观象于天，问法于地，作书契而名万物。",
          "link": "//game.gtimg.cn/images/yxzj/zlkdatasys/audios/audio/20240204/17070352204593.mp3"
        },
        {
          "text": "器以藏礼，铭以传道；青史继绝，钟鼎系之。",
          "link": "//game.gtimg.cn/images/yxzj/zlkdatasys/audios/audio/20240204/17070352477753.mp3"
        },
        {
          "text": "吾曾见莽原之上燧石火出……而今竟已遍照九州。",
          "link": "//game.gtimg.cn/images/yxzj/zlkdatasys/audios/audio/20240204/17070352738875.mp3"
        },
        {
          "text": "奏黄钟，歌大吕，上祀九霄澄明，下祈四海永清！（改编自《周礼·春官·大司乐》）",
          "link": "//game.gtimg.cn/images/yxzj/zlkdatasys/audios/audio/20240204/17070353153598.mp3"
        },
        {
          "text": "吉金，我们已被唤做历史，你须得有些长辈的模样。",
          "link": "//game.gtimg.cn/images/yxzj/zlkdatasys/audios/audio/20240204/17070353433740.mp3"
        },
        {
          "text": "吾代生民立一言，虽远不废，谓之不朽。（改编自《左传》）",
          "link": "//game.gtimg.cn/images/yxzj/zlkdatasys/audios/audio/20240204/17070353848161.mp3"
        },
        {
          "text": "先祖法天地之序，定山川水土……千秋往事，山形依旧。",
          "link": "//game.gtimg.cn/images/yxzj/zlkdatasys/audios/audio/20240204/17070354096377.mp3"
        },
        {
          "text": "无须伤怀，卜年如此，天所命也。",
          "link": "//game.gtimg.cn/images/yxzj/zlkdatasys/audios/audio/20240204/17070354425901.mp3"
        },
        {
          "text": "锋刃已砺，后来者谁？",
          "link": "//game.gtimg.cn/images/yxzj/zlkdatasys/audios/audio/20240204/17070354871592.mp3"
        },
        {
          "text": "天地有秽，吾扫之而已。",
          "link": "//game.gtimg.cn/images/yxzj/zlkdatasys/audios/audio/20240204/17070355124615.mp3"
        },
        {
          "text": "祀社！",
          "link": "//game.gtimg.cn/images/yxzj/zlkdatasys/audios/audio/20240204/17070355452678.mp3"
        },
        {
          "text": "祈年！",
          "link": "//game.gtimg.cn/images/yxzj/zlkdatasys/audios/audio/20240204/17070355669389.mp3"
        },
        {
          "text": "敬诸天！",
          "link": "//game.gtimg.cn/images/yxzj/zlkdatasys/audios/audio/20240204/17070355879976.mp3"
        },
        {
          "text": "四望山川！",
          "link": "//game.gtimg.cn/images/yxzj/zlkdatasys/audios/audio/20240204/17070356097554.mp3"
        },
        {
          "text": "和五声，正八风！",
          "link": "//game.gtimg.cn/images/yxzj/zlkdatasys/audios/audio/20240204/17070356293078.mp3"
        },
        {
          "text": "玉振金声！",
          "link": "//game.gtimg.cn/images/yxzj/zlkdatasys/audios/audio/20240204/17070356574481.mp3"
        },
        {
          "text": "铸鼎象物，以承天休！（选自《左传》）",
          "link": "//game.gtimg.cn/images/yxzj/zlkdatasys/audios/audio/20240204/17070356885804.mp3"
        },
        {
          "text": "试来挽江河！",
          "link": "//game.gtimg.cn/images/yxzj/zlkdatasys/audios/audio/20240204/17070357109361.mp3"
        },
        {
          "text": "誓告山岳，盟同河泽！",
          "link": "//game.gtimg.cn/images/yxzj/zlkdatasys/audios/audio/20240204/17070357311059.mp3"
        },
        {
          "text": "慎身修永，举止持重。记住了吗……",
          "link": "//game.gtimg.cn/images/yxzj/zlkdatasys/audios/audio/20240204/17070357634124.mp3"
        },
        {
          "text": "鸣钟击磬， 礼毕当归。",
          "link": "//game.gtimg.cn/images/yxzj/zlkdatasys/audios/audio/20240204/17070357892771.mp3"
        },
        {
          "text": "哦？此言真是新鲜，那不知阁下又是何生辰年月呢？",
          "link": "//game.gtimg.cn/images/yxzj/zlkdatasys/audios/audio/20240204/17070358342415.mp3"
        },
        {
          "text": "有一位老友名唤昆仑，时至今日还在力撑天地，你可自去寻他。",
          "link": "//game.gtimg.cn/images/yxzj/zlkdatasys/audios/audio/20240204/17070358686221.mp3"
        },
        {
          "text": "剪恶如草，举手之劳。",
          "link": "//game.gtimg.cn/images/yxzj/zlkdatasys/audios/audio/20240204/17070359029192.mp3"
        },
        {
          "text": "今朝英雄辈出，想来神兵坚盾更不知凡几。",
          "link": "//game.gtimg.cn/images/yxzj/zlkdatasys/audios/audio/20240204/17070359235938.mp3"
        },
        {
          "text": "多谢诗卷。“登临四望，不见前人”之语……感怀良多。（选自孟浩然《与诸子登岘山》）",
          "link": "//game.gtimg.cn/images/yxzj/zlkdatasys/audios/audio/20240204/17070359506532.mp3"
        },
        {
          "text": "斯人虽远，斯言当存……吾心金石，永不更移。",
          "link": "//game.gtimg.cn/images/yxzj/zlkdatasys/audios/audio/20240204/17070359826989.mp3"
        },
        {
          "text": "……说笑了，今朝一岁大家添，岂是人间独我老。（改编自陆游《木兰花·立春日作》）",
          "link": "//game.gtimg.cn/images/yxzj/zlkdatasys/audios/audio/20240204/17070360455967.mp3"
        },
        {
          "text": "其名吉金，若论年寿，你当唤它一声……老前辈。",
          "link": "//game.gtimg.cn/images/yxzj/zlkdatasys/audios/audio/20240204/17070360987387.mp3"
        }
      ],
      "name": "乘龙·铭钟鼎"
    }
  ]
}
