{
  "data": [
    {
      "voice": [
        {
          "text": "真的，会有人选择阿宓吗？",
          "link": "//game.gtimg.cn/images/yxzj/zlkdatasys/audios/audio/20220412/16497738404586.wav"
        },
        {
          "text": "随波逐流的痛苦，你们不懂。",
          "link": "//game.gtimg.cn/images/yxzj/zlkdatasys/audios/audio/20220412/16497738656295.wav"
        },
        {
          "text": "人家抒发哀伤时，不要随便破坏氛围好吗？",
          "link": "//game.gtimg.cn/images/yxzj/zlkdatasys/audios/audio/20220412/16497738731930.wav"
        },
        {
          "text": "果然，先爱上的那个人，是输家。",
          "link": "//game.gtimg.cn/images/yxzj/zlkdatasys/audios/audio/20220412/16497738954851.wav"
        },
        {
          "text": "明明说好了，要永远在一起……",
          "link": "//game.gtimg.cn/images/yxzj/zlkdatasys/audios/audio/20220412/16497739332385.wav"
        },
        {
          "text": "别靠近我！阿宓，不想带来不幸……",
          "link": "//game.gtimg.cn/images/yxzj/zlkdatasys/audios/audio/20220412/16497739468146.wav"
        },
        {
          "text": "沦陷在爱情的泡影中。",
          "link": "//game.gtimg.cn/images/yxzj/zlkdatasys/audios/audio/20220412/16497739662992.wav"
        },
        {
          "text": "若轻云之蔽月，若流风之回雪",
          "link": "//game.gtimg.cn/images/yxzj/zlkdatasys/audios/audio/20220412/16497739781946.wav"
        },
        {
          "text": "悲伤...逆流成河...",
          "link": "//game.gtimg.cn/images/yxzj/zlkdatasys/audios/audio/20220412/16497739994008.wav"
        },
        {
          "text": "女人，是水做的。",
          "link": "//game.gtimg.cn/images/yxzj/zlkdatasys/audios/audio/20220412/16497740132743.wav"
        },
        {
          "text": "波涛汹涌",
          "link": "//game.gtimg.cn/images/yxzj/zlkdatasys/audios/audio/20220412/16497740241795.wav"
        },
        {
          "text": "绝望吗？",
          "link": "//game.gtimg.cn/images/yxzj/zlkdatasys/audios/audio/20220412/16497740457951.wav"
        },
        {
          "text": "原来是只旱鸭子……",
          "link": "//game.gtimg.cn/images/yxzj/zlkdatasys/audios/audio/20220412/16497740556071.wav"
        }
      ],
      "name": "原皮"
    },
    {
      "voice": [
        {
          "text": "牡丹亭畔春梦残",
          "link": "//game.gtimg.cn/images/yxzj/zlkdatasys/audios/audio/20220412/16497743894616.wav"
        },
        {
          "text": "徘徊恨叠怯衣单",
          "link": "//game.gtimg.cn/images/yxzj/zlkdatasys/audios/audio/20220412/16497744024371.wav"
        },
        {
          "text": "春梦暗随三月景",
          "link": "//game.gtimg.cn/images/yxzj/zlkdatasys/audios/audio/20220412/16497744149060.wav"
        },
        {
          "text": "晓寒瘦却一分花",
          "link": "//game.gtimg.cn/images/yxzj/zlkdatasys/audios/audio/20220412/16497744286345.wav"
        },
        {
          "text": "昨日梦里，那书生将柳枝来赠奴，要奴题詠",
          "link": "//game.gtimg.cn/images/yxzj/zlkdatasys/audios/audio/20220412/16497744456526.wav"
        },
        {
          "text": "他年的傍蟾宫客",
          "link": "//game.gtimg.cn/images/yxzj/zlkdatasys/audios/audio/20220412/16497744595605.wav"
        },
        {
          "text": "不在梅边在柳边",
          "link": "//game.gtimg.cn/images/yxzj/zlkdatasys/audios/audio/20220412/16497744756109.wav"
        },
        {
          "text": "趁此悄地无人，正好寻梦也。",
          "link": "//game.gtimg.cn/images/yxzj/zlkdatasys/audios/audio/20220412/16497745157879.mp3"
        },
        {
          "text": "漫道柔情著意关",
          "link": "//game.gtimg.cn/images/yxzj/zlkdatasys/audios/audio/20220412/16497745647520.wav"
        },
        {
          "text": "得葬于此，幸矣。",
          "link": "//game.gtimg.cn/images/yxzj/zlkdatasys/audios/audio/20220412/16497746098683.wav"
        },
        {
          "text": "池馆苍苔一片青",
          "link": "//game.gtimg.cn/images/yxzj/zlkdatasys/audios/audio/20220412/16497746396499.wav"
        },
        {
          "text": "哪里去",
          "link": "//game.gtimg.cn/images/yxzj/zlkdatasys/audios/audio/20220412/16497746516265.wav"
        },
        {
          "text": "只为痴情慕色，一梦而亡",
          "link": "//game.gtimg.cn/images/yxzj/zlkdatasys/audios/audio/20220412/16497746659241.wav"
        },
        {
          "text": "那牡丹亭，芍药栏，怎生这般凄凉冷落",
          "link": "//game.gtimg.cn/images/yxzj/zlkdatasys/audios/audio/20220412/16497746773871.wav"
        }
      ],
      "name": "游园惊梦"
    },
    {
      "voice": [
        {
          "text": "撼天地，镇乾坤",
          "link": "//game.gtimg.cn/images/yxzj/zlkdatasys/audios/audio/20220414/16499306195871.mp3"
        },
        {
          "text": "恒山如行，御风绝顶",
          "link": "//game.gtimg.cn/images/yxzj/zlkdatasys/audios/audio/20220414/16499306348727.mp3"
        },
        {
          "text": "星辰入怀！",
          "link": "//game.gtimg.cn/images/yxzj/zlkdatasys/audios/audio/20220414/16499306465371.mp3"
        },
        {
          "text": "生如尘露，亦能折射朝阳之晖",
          "link": "//game.gtimg.cn/images/yxzj/zlkdatasys/audios/audio/20220412/16497752289424.wav"
        },
        {
          "text": "其刚不可折，其柔不可卷",
          "link": "//game.gtimg.cn/images/yxzj/zlkdatasys/audios/audio/20220412/16497752422893.wav"
        },
        {
          "text": "一愿世间昌平，二愿海晏河清",
          "link": "//game.gtimg.cn/images/yxzj/zlkdatasys/audios/audio/20220412/16497752534742.wav"
        },
        {
          "text": "此歌此曲，为恐惧和迷茫而奏",
          "link": "//game.gtimg.cn/images/yxzj/zlkdatasys/audios/audio/20220412/16497752644827.wav"
        },
        {
          "text": "斯人韶华易逝，苍翠万古常新",
          "link": "//game.gtimg.cn/images/yxzj/zlkdatasys/audios/audio/20220412/16497752756860.wav"
        },
        {
          "text": "死得其所，无怨无悔",
          "link": "//game.gtimg.cn/images/yxzj/zlkdatasys/audios/audio/20220412/16497752977412.wav"
        },
        {
          "text": "恒宗极天！",
          "link": "//game.gtimg.cn/images/yxzj/zlkdatasys/audios/audio/20220412/16497753198535.wav"
        },
        {
          "text": "灵境清幽，何不停留~",
          "link": "//game.gtimg.cn/images/yxzj/zlkdatasys/audios/audio/20220412/16497753305095.wav"
        },
        {
          "text": "还人间一片净土！",
          "link": "//game.gtimg.cn/images/yxzj/zlkdatasys/audios/audio/20220412/16497753833794.wav"
        },
        {
          "text": "小女子尚在阵前，大丈夫却要回城？",
          "link": "//game.gtimg.cn/images/yxzj/zlkdatasys/audios/audio/20220412/16497754176319.wav"
        },
        {
          "text": "长歌吟星河~",
          "link": "//game.gtimg.cn/images/yxzj/zlkdatasys/audios/audio/20220412/16497754299936.wav"
        },
        {
          "text": "那天，人间会再次想起永安之箭",
          "link": "//game.gtimg.cn/images/yxzj/zlkdatasys/audios/audio/20220412/16497754391195.wav"
        },
        {
          "text": "琴瑟已备，静候诸君凯旋",
          "link": "//game.gtimg.cn/images/yxzj/zlkdatasys/audios/audio/20220412/16497754505002.wav"
        },
        {
          "text": "你的背影不倒，我们的信念不灭",
          "link": "//game.gtimg.cn/images/yxzj/zlkdatasys/audios/audio/20220412/16497754639357.wav"
        },
        {
          "text": "想不到，你的歌喉也很美妙",
          "link": "//game.gtimg.cn/images/yxzj/zlkdatasys/audios/audio/20220428/16511307772140.mp3"
        }
      ],
      "name": "幽恒"
    },
    {
      "voice": [
        {
          "text": "这颗心，曾因冰封而不朽",
          "link": "//game.gtimg.cn/images/yxzj/zlkdatasys/audios/audio/20220414/16499307442535.mp3"
        },
        {
          "text": "最后一支舞，献给名为冬日的告别",
          "link": "//game.gtimg.cn/images/yxzj/zlkdatasys/audios/audio/20220414/16499307566948.mp3"
        },
        {
          "text": "要再次触碰那朵被冻结的玫瑰吗？",
          "link": "//game.gtimg.cn/images/yxzj/zlkdatasys/audios/audio/20220414/16499307678152.mp3"
        },
        {
          "text": "凡人生命短暂，却轻易许诺永恒",
          "link": "//game.gtimg.cn/images/yxzj/zlkdatasys/audios/audio/20220413/16498427267602.wav"
        },
        {
          "text": "我将赐还你们爱的能力，痛苦是它的附赠品",
          "link": "//game.gtimg.cn/images/yxzj/zlkdatasys/audios/audio/20220413/16498427384030.wav"
        },
        {
          "text": "万物瞬变，冰霜弥久",
          "link": "//game.gtimg.cn/images/yxzj/zlkdatasys/audios/audio/20220413/16498427521122.wav"
        },
        {
          "text": "在属于人间的童话中，神不会感到孤独",
          "link": "//game.gtimg.cn/images/yxzj/zlkdatasys/audios/audio/20220413/16498427645548.wav"
        },
        {
          "text": "来吧，陪我共舞此曲，直到寒夜尽头",
          "link": "//game.gtimg.cn/images/yxzj/zlkdatasys/audios/audio/20220413/16498427789384.wav"
        },
        {
          "text": "当誓言破灭……",
          "link": "//game.gtimg.cn/images/yxzj/zlkdatasys/audios/audio/20220413/16498427951269.wav"
        },
        {
          "text": "凛冬降临！",
          "link": "//game.gtimg.cn/images/yxzj/zlkdatasys/audios/audio/20220413/16498428137328.wav"
        },
        {
          "text": "去最寒冷的地方绽放！",
          "link": "//game.gtimg.cn/images/yxzj/zlkdatasys/audios/audio/20220413/16498428271607.wav"
        },
        {
          "text": "留在冰雪的国度！",
          "link": "//game.gtimg.cn/images/yxzj/zlkdatasys/audios/audio/20220413/16498428416517.wav"
        },
        {
          "text": "刺伤你的，正是你所追求的",
          "link": "//game.gtimg.cn/images/yxzj/zlkdatasys/audios/audio/20220413/16498428564175.wav"
        },
        {
          "text": "赐你灵魂永生！",
          "link": "//game.gtimg.cn/images/yxzj/zlkdatasys/audios/audio/20220413/16498428715056.wav"
        },
        {
          "text": "记忆中的旋律，再度响起……",
          "link": "//game.gtimg.cn/images/yxzj/zlkdatasys/audios/audio/20220413/16498428855040.wav"
        },
        {
          "text": "没有什么能融化爱，除了爱本身",
          "link": "//game.gtimg.cn/images/yxzj/zlkdatasys/audios/audio/20220413/16498429001043.wav"
        }
      ],
      "name": "冰雪圆舞曲"
    },
    {
      "voice": [
        {
          "text": "离合聚散，因缘早定。",
          "link": "//game.gtimg.cn/images/yxzj/zlkdatasys/audios/audio/20220414/16499306846616.mp3"
        },
        {
          "text": "我只想今生，不想来世。",
          "link": "//game.gtimg.cn/images/yxzj/zlkdatasys/audios/audio/20220414/16499306953238.mp3"
        },
        {
          "text": "君且西去，春事依然。",
          "link": "//game.gtimg.cn/images/yxzj/zlkdatasys/audios/audio/20220414/16499307081828.mp3"
        },
        {
          "text": "为什么天地间鸟啊，蝶啊，都是成双成对？",
          "link": "//game.gtimg.cn/images/yxzj/zlkdatasys/audios/audio/20220413/16498179938012.wav"
        },
        {
          "text": "为什么你甘愿守青灯，伴古佛，单宿单飞？",
          "link": "//game.gtimg.cn/images/yxzj/zlkdatasys/audios/audio/20220413/16498180138486.wav"
        },
        {
          "text": "你说四大皆空，却为何紧闭双眼。",
          "link": "//game.gtimg.cn/images/yxzj/zlkdatasys/audios/audio/20220413/16498180385906.wav"
        },
        {
          "text": "原来这世上，比之成双鸳侣，多得却是相思枉然。",
          "link": "//game.gtimg.cn/images/yxzj/zlkdatasys/audios/audio/20220413/16498180554962.wav"
        },
        {
          "text": "这烛光也知人情，欲照今日之喜。",
          "link": "//game.gtimg.cn/images/yxzj/zlkdatasys/audios/audio/20220413/16498183695020.wav"
        },
        {
          "text": "金屏生彩艳，玉镜展光明，也许是今日之喜兆。",
          "link": "//game.gtimg.cn/images/yxzj/zlkdatasys/audios/audio/20220413/16498183927057.wav"
        },
        {
          "text": "这御花园内春光明媚，何不留下？",
          "link": "//game.gtimg.cn/images/yxzj/zlkdatasys/audios/audio/20220413/16498184116235.wav"
        },
        {
          "text": "若你睁开眼睛看看我，我不相信你两眼空空。",
          "link": "//game.gtimg.cn/images/yxzj/zlkdatasys/audios/audio/20220413/16498184276809.wav"
        },
        {
          "text": "想我西梁女国，从未有过男子，今以一国之富，招他为王。",
          "link": "//game.gtimg.cn/images/yxzj/zlkdatasys/audios/audio/20220413/16498184458997.wav"
        },
        {
          "text": "不敢睁眼看我，还说什么四大皆空呢？",
          "link": "//game.gtimg.cn/images/yxzj/zlkdatasys/audios/audio/20220413/16498184579344.wav"
        },
        {
          "text": "轻看王权富贵，便休说戒律清规。",
          "link": "//game.gtimg.cn/images/yxzj/zlkdatasys/audios/audio/20220413/16498184706758.wav"
        },
        {
          "text": "原是今生无缘......",
          "link": "//game.gtimg.cn/images/yxzj/zlkdatasys/audios/audio/20220413/16498184985124.wav"
        },
        {
          "text": "放肆，你们退下！",
          "link": "//game.gtimg.cn/images/yxzj/zlkdatasys/audios/audio/20220413/16498185359612.wav"
        },
        {
          "text": "相见难，别亦难。",
          "link": "//game.gtimg.cn/images/yxzj/zlkdatasys/audios/audio/20220413/16498185562894.wav"
        },
        {
          "text": "看来，你无缘消受这人间富贵。",
          "link": "//game.gtimg.cn/images/yxzj/zlkdatasys/audios/audio/20220413/16498185746179.wav"
        },
        {
          "text": "此心何寄？",
          "link": "//game.gtimg.cn/images/yxzj/zlkdatasys/audios/audio/20220413/16498186175070.wav"
        },
        {
          "text": "各自珍重！",
          "link": "//game.gtimg.cn/images/yxzj/zlkdatasys/audios/audio/20220413/16498186365691.wav"
        },
        {
          "text": "天涯路远，空挂牵……",
          "link": "//game.gtimg.cn/images/yxzj/zlkdatasys/audios/audio/20220413/16498186556327.wav"
        },
        {
          "text": "此为我西梁女国护身之宝。",
          "link": "//game.gtimg.cn/images/yxzj/zlkdatasys/audios/audio/20220413/16498186821476.wav"
        },
        {
          "text": "子母河的水，轻易可喝不得。",
          "link": "//game.gtimg.cn/images/yxzj/zlkdatasys/audios/audio/20220413/16498187088982.wav"
        },
        {
          "text": "喜筵已吃，却又如何变卦？！",
          "link": "//game.gtimg.cn/images/yxzj/zlkdatasys/audios/audio/20220413/16498187825258.wav"
        }
      ],
      "name": "女儿国国王"
    },
    {
      "voice": [
        {
          "text": "展翅越荒丘，此舞不为世人囚。",
          "link": "//game.gtimg.cn/images/yxzj/zlkdatasys/audios/audio/20231110/16995998545563.mp3"
        },
        {
          "text": "荆棘萦足，事与愿违，以心化雀而飞。",
          "link": "//game.gtimg.cn/images/yxzj/zlkdatasys/audios/audio/20231110/16995998862671.mp3"
        },
        {
          "text": "舞为悦己，不悦人。",
          "link": "//game.gtimg.cn/images/yxzj/zlkdatasys/audios/audio/20231110/16995999248424.mp3"
        },
        {
          "text": "漫天光翎化余烬，原道是，嫁与爱情。",
          "link": "//game.gtimg.cn/images/yxzj/zlkdatasys/audios/audio/20231108/16994317938053.mp3"
        },
        {
          "text": "步战战，语兢兢，却惹窥度与相轻。",
          "link": "//game.gtimg.cn/images/yxzj/zlkdatasys/audios/audio/20231108/16994321697396.mp3"
        },
        {
          "text": "低头未必示好，曲意不得逢迎。",
          "link": "//game.gtimg.cn/images/yxzj/zlkdatasys/audios/audio/20231108/16994322156025.mp3"
        },
        {
          "text": "片羽零落终失我，又怎消，他人看低？",
          "link": "//game.gtimg.cn/images/yxzj/zlkdatasys/audios/audio/20231108/16994322466353.mp3"
        },
        {
          "text": "我有身姿曼妙，曾越苍穹云霄。",
          "link": "//game.gtimg.cn/images/yxzj/zlkdatasys/audios/audio/20231108/16994322763389.mp3"
        },
        {
          "text": "步绽随心，罗裙乘风最肆意。",
          "link": "//game.gtimg.cn/images/yxzj/zlkdatasys/audios/audio/20231108/16994324166603.mp3"
        },
        {
          "text": "欢情纵有千般好，我心匪草，不可折。",
          "link": "//game.gtimg.cn/images/yxzj/zlkdatasys/audios/audio/20231108/16994325335799.mp3"
        },
        {
          "text": "沐光化雀，舞翩跹，便是传奇数百年。",
          "link": "//game.gtimg.cn/images/yxzj/zlkdatasys/audios/audio/20231108/16994325601183.mp3"
        },
        {
          "text": "过不好自己的日子，偏指点他人生活。",
          "link": "//game.gtimg.cn/images/yxzj/zlkdatasys/audios/audio/20231108/16994325979585.mp3"
        },
        {
          "text": "干卿何事！",
          "link": "//game.gtimg.cn/images/yxzj/zlkdatasys/audios/audio/20231108/16994326267841.mp3"
        },
        {
          "text": "纵使零落亦有光……",
          "link": "//game.gtimg.cn/images/yxzj/zlkdatasys/audios/audio/20231108/16994326685534.mp3"
        },
        {
          "text": "竹楼虫语，孔雀声声起。",
          "link": "//game.gtimg.cn/images/yxzj/zlkdatasys/audios/audio/20231110/16996140092226.mp3"
        },
        {
          "text": "只需盛放，我自有光！",
          "link": "//game.gtimg.cn/images/yxzj/zlkdatasys/audios/audio/20231108/16994327438618.mp3"
        },
        {
          "text": "化雀新生！",
          "link": "//game.gtimg.cn/images/yxzj/zlkdatasys/audios/audio/20231108/16994327907631.mp3"
        },
        {
          "text": "光翎盛开！",
          "link": "//game.gtimg.cn/images/yxzj/zlkdatasys/audios/audio/20231108/16994328377868.mp3"
        },
        {
          "text": "孔雀于飞，一舞徘徊！",
          "link": "//game.gtimg.cn/images/yxzj/zlkdatasys/audios/audio/20231108/16994328775337.mp3"
        },
        {
          "text": "凭心以往，何必相思。",
          "link": "//game.gtimg.cn/images/yxzj/zlkdatasys/audios/audio/20231108/16994329108417.mp3"
        },
        {
          "text": "星光照我路，一舞化辰星。",
          "link": "//game.gtimg.cn/images/yxzj/zlkdatasys/audios/audio/20231108/16994329403969.mp3"
        }
      ],
      "name": "至美·化雀舞"
    }
  ]
}
