{
  "data": [
    {
      "voice": [
        {
          "text": "给你的麻烦开个价吧！",
          "link": "//game.gtimg.cn/images/yxzj/zlkdatasys/audios/audio/20220411/16496596347170.wav"
        },
        {
          "text": "金钱和混战我都爱！",
          "link": "//game.gtimg.cn/images/yxzj/zlkdatasys/audios/audio/20220411/16496597517106.wav"
        },
        {
          "text": "女人心，海底针！",
          "link": "//game.gtimg.cn/images/yxzj/zlkdatasys/audios/audio/20220411/16496597645436.wav"
        },
        {
          "text": "再来一次给力的掠夺！",
          "link": "//game.gtimg.cn/images/yxzj/zlkdatasys/audios/audio/20220411/16496597776729.wav"
        },
        {
          "text": "光有想法和行动是不够的！还得有钱！",
          "link": "//game.gtimg.cn/images/yxzj/zlkdatasys/audios/audio/20220411/16496597895675.wav"
        },
        {
          "text": "我做人的原则，永远站在赢家那边。",
          "link": "//game.gtimg.cn/images/yxzj/zlkdatasys/audios/audio/20220411/16496598088960.wav"
        },
        {
          "text": "俗话说得好，有钱男子汉，没钱汉子难。",
          "link": "//game.gtimg.cn/images/yxzj/zlkdatasys/audios/audio/20220411/16496598236237.wav"
        },
        {
          "text": "有人为你的退场出了个好价钱。",
          "link": "//game.gtimg.cn/images/yxzj/zlkdatasys/audios/audio/20220411/16496598376027.wav"
        },
        {
          "text": "钱还是命？真难选……",
          "link": "//game.gtimg.cn/images/yxzj/zlkdatasys/audios/audio/20220411/16496598922360.wav"
        },
        {
          "text": "弱爆了！",
          "link": "//game.gtimg.cn/images/yxzj/zlkdatasys/audios/audio/20220411/16496599352731.wav"
        },
        {
          "text": "让姐找点乐子吧！",
          "link": "//game.gtimg.cn/images/yxzj/zlkdatasys/audios/audio/20220411/16496599523057.wav"
        },
        {
          "text": "热身开始~",
          "link": "//game.gtimg.cn/images/yxzj/zlkdatasys/audios/audio/20220411/16496599642821.wav"
        },
        {
          "text": "姐的威力，试一次让你记一辈子！",
          "link": "//game.gtimg.cn/images/yxzj/zlkdatasys/audios/audio/20220411/16496599795490.wav"
        },
        {
          "text": "有钱赚吗",
          "link": "//game.gtimg.cn/images/yxzj/zlkdatasys/audios/audio/20220428/16511320362709.mp3"
        }
      ],
      "name": "原皮"
    },
    {
      "voice": [
        {
          "text": "女神和女汉子，只隔着一个夏天",
          "link": "//game.gtimg.cn/images/yxzj/zlkdatasys/audios/audio/20220411/16496601109470.wav"
        },
        {
          "text": "惊不惊喜，意不意外",
          "link": "//game.gtimg.cn/images/yxzj/zlkdatasys/audios/audio/20220411/16496601482771.wav"
        },
        {
          "text": "骄阳似我~",
          "link": "//game.gtimg.cn/images/yxzj/zlkdatasys/audios/audio/20220411/16496601618682.wav"
        },
        {
          "text": "爱美之心，人皆有之",
          "link": "//game.gtimg.cn/images/yxzj/zlkdatasys/audios/audio/20220411/16496601784698.wav"
        },
        {
          "text": "身心沉浸于自然，这是人生的假期",
          "link": "//game.gtimg.cn/images/yxzj/zlkdatasys/audios/audio/20220411/16496601976257.wav"
        },
        {
          "text": "魅力源自自信，而非美图滤镜",
          "link": "//game.gtimg.cn/images/yxzj/zlkdatasys/audios/audio/20220411/16496602085352.wav"
        },
        {
          "text": "说走就走的旅行，焕然一新的热情",
          "link": "//game.gtimg.cn/images/yxzj/zlkdatasys/audios/audio/20220411/16496602212693.wav"
        },
        {
          "text": "沙滩很适合思考哲学：我是谁，我在哪，我去往何处",
          "link": "//game.gtimg.cn/images/yxzj/zlkdatasys/audios/audio/20220411/16496602358554.wav"
        },
        {
          "text": "锤你胸口！",
          "link": "//game.gtimg.cn/images/yxzj/zlkdatasys/audios/audio/20220411/16496602539572.wav"
        },
        {
          "text": "感受热夏的气场",
          "link": "//game.gtimg.cn/images/yxzj/zlkdatasys/audios/audio/20220411/16496602644407.wav"
        },
        {
          "text": "你中暑了",
          "link": "//game.gtimg.cn/images/yxzj/zlkdatasys/audios/audio/20220411/16496602787943.wav"
        },
        {
          "text": "想凉快凉快吗~泉水是个适合你的度假地点",
          "link": "//game.gtimg.cn/images/yxzj/zlkdatasys/audios/audio/20220411/16496602895276.wav"
        }
      ],
      "name": "海滩丽影"
    },
    {
      "voice": [
        {
          "text": "这是来自时空管理局的通缉！",
          "link": "//game.gtimg.cn/images/yxzj/zlkdatasys/audios/audio/20221011/16654602376824.mp3"
        },
        {
          "text": "我的时间线里可从没有漏网之鱼。",
          "link": "//game.gtimg.cn/images/yxzj/zlkdatasys/audios/audio/20221011/16654602278441.mp3"
        },
        {
          "text": "不属于你们的科技只会带来毁灭！",
          "link": "//game.gtimg.cn/images/yxzj/zlkdatasys/audios/audio/20221011/16654602153956.mp3"
        },
        {
          "text": "放心，我可不会把时光机塞进狭窄的抽屉。",
          "link": "//game.gtimg.cn/images/yxzj/zlkdatasys/audios/audio/20220920/16636714279922.mp3"
        },
        {
          "text": "回到过去的基本原则，不要接触另一个自己。",
          "link": "//game.gtimg.cn/images/yxzj/zlkdatasys/audios/audio/20220920/16636714422335.mp3"
        },
        {
          "text": "未来并不可怕，可怕的是沉溺于过去的错误。",
          "link": "//game.gtimg.cn/images/yxzj/zlkdatasys/audios/audio/20220920/16636714588384.mp3"
        },
        {
          "text": "有人负责修补这种精细活儿，而我则负责敲扁时间犯的脑袋。",
          "link": "//game.gtimg.cn/images/yxzj/zlkdatasys/audios/audio/20220920/16636714726018.mp3"
        },
        {
          "text": "加入我们之前，你得先回答出三种不同的穿越方式~",
          "link": "//game.gtimg.cn/images/yxzj/zlkdatasys/audios/audio/20220920/16636714867077.mp3"
        },
        {
          "text": "搞事儿的家伙，不管逃到哪条时间线，我都会亲自捉他归案！",
          "link": "//game.gtimg.cn/images/yxzj/zlkdatasys/audios/audio/20220920/16636715021729.mp3"
        },
        {
          "text": "收起你的穿越计划吧，不要再给我们增加工作量了！",
          "link": "//game.gtimg.cn/images/yxzj/zlkdatasys/audios/audio/20220920/16636715259174.mp3"
        },
        {
          "text": "我们未来再见！",
          "link": "//game.gtimg.cn/images/yxzj/zlkdatasys/audios/audio/20220920/16636716311667.mp3"
        },
        {
          "text": "时间没有终点，但……你有！",
          "link": "//game.gtimg.cn/images/yxzj/zlkdatasys/audios/audio/20220920/16636716476728.mp3"
        },
        {
          "text": "没错，我又穿越回去欣赏了一遍你的黑历史~",
          "link": "//game.gtimg.cn/images/yxzj/zlkdatasys/audios/audio/20220920/16636716642184.mp3"
        },
        {
          "text": "飞出个未来！",
          "link": "//game.gtimg.cn/images/yxzj/zlkdatasys/audios/audio/20220920/16636717335300.mp3"
        },
        {
          "text": "和时间竞速！",
          "link": "//game.gtimg.cn/images/yxzj/zlkdatasys/audios/audio/20220920/16636717474599.mp3"
        },
        {
          "text": "超载跃迁！",
          "link": "//game.gtimg.cn/images/yxzj/zlkdatasys/audios/audio/20220920/16636717614035.mp3"
        },
        {
          "text": "我锁定你了！",
          "link": "//game.gtimg.cn/images/yxzj/zlkdatasys/audios/audio/20220920/16636717889219.mp3"
        },
        {
          "text": "超光速！",
          "link": "//game.gtimg.cn/images/yxzj/zlkdatasys/audios/audio/20220920/16636718032393.mp3"
        },
        {
          "text": "收到，请总部同意这次跨时空追捕！",
          "link": "//game.gtimg.cn/images/yxzj/zlkdatasys/audios/audio/20220920/16636718267906.mp3"
        },
        {
          "text": "下次擅自行动时记得叫上我！",
          "link": "//game.gtimg.cn/images/yxzj/zlkdatasys/audios/audio/20220920/16636718427783.mp3"
        },
        {
          "text": "回头得跟那个救了你的小家伙问声好~",
          "link": "//game.gtimg.cn/images/yxzj/zlkdatasys/audios/audio/20220920/16636719114437.mp3"
        },
        {
          "text": "你已经有了加入我们小队的潜力~",
          "link": "//game.gtimg.cn/images/yxzj/zlkdatasys/audios/audio/20220920/16636719264992.mp3"
        }
      ],
      "name": "超时空战士"
    }
  ]
}