{
  "data": [
    {
      "voice": [
        {
          "text": "蝴蝶是我，我就是蝴蝶。",
          "link": "//game.gtimg.cn/images/yxzj/zlkdatasys/audios/audio/20220411/16496579702747.wav"
        },
        {
          "text": "呃，梦到了传奇的世界，还跟奔波儿灞打了声招呼。",
          "link": "//game.gtimg.cn/images/yxzj/zlkdatasys/audios/audio/20220411/16496579872492.wav"
        },
        {
          "text": "美妙的长眠，值得高歌一曲。",
          "link": "//game.gtimg.cn/images/yxzj/zlkdatasys/audios/audio/20220411/16496580443300.wav"
        },
        {
          "text": "天地与我并生，万物与我为一。",
          "link": "//game.gtimg.cn/images/yxzj/zlkdatasys/audios/audio/20220411/16496580641197.wav"
        },
        {
          "text": "我的坐骑可是纯天然无污染。",
          "link": "//game.gtimg.cn/images/yxzj/zlkdatasys/audios/audio/20220411/16496580952194.wav"
        },
        {
          "text": "其实，刚才说的全是梦话。",
          "link": "//game.gtimg.cn/images/yxzj/zlkdatasys/audios/audio/20220411/16496581091465.wav"
        },
        {
          "text": "一群人在人家梦里打来打去，有意思么？",
          "link": "//game.gtimg.cn/images/yxzj/zlkdatasys/audios/audio/20220411/16496581271136.wav"
        },
        {
          "text": "该醒醒了",
          "link": "//game.gtimg.cn/images/yxzj/zlkdatasys/audios/audio/20220411/16496581487766.wav"
        },
        {
          "text": "这就是蝴蝶效应。",
          "link": "//game.gtimg.cn/images/yxzj/zlkdatasys/audios/audio/20220411/16496581712009.wav"
        },
        {
          "text": "美梦成真！",
          "link": "//game.gtimg.cn/images/yxzj/zlkdatasys/audios/audio/20220411/16496581883532.wav"
        },
        {
          "text": "最近脑洞太大，得补补~",
          "link": "//game.gtimg.cn/images/yxzj/zlkdatasys/audios/audio/20220411/16496582063747.wav"
        },
        {
          "text": "醒醒吧，少年！",
          "link": "//game.gtimg.cn/images/yxzj/zlkdatasys/audios/audio/20220411/16496584268417.wav"
        },
        {
          "text": "你在做梦。嗯，就是那个做梦的做梦。",
          "link": "//game.gtimg.cn/images/yxzj/zlkdatasys/audios/audio/20220411/16496584504574.wav"
        },
        {
          "text": "组成了一支梦之队",
          "link": "//game.gtimg.cn/images/yxzj/zlkdatasys/audios/audio/20220411/16496584676798.wav"
        },
        {
          "text": "不错，加油。",
          "link": "//game.gtimg.cn/images/yxzj/zlkdatasys/audios/audio/20220428/16511319089517.mp3"
        }
      ],
      "name": "原皮"
    },
    {
      "voice": [
        {
          "text": "见过云端上的幻想之城吗？",
          "link": "//game.gtimg.cn/images/yxzj/zlkdatasys/audios/audio/20220411/16496585895332.wav"
        },
        {
          "text": "千年梦境，合而为一。",
          "link": "//game.gtimg.cn/images/yxzj/zlkdatasys/audios/audio/20220411/16496586008948.wav"
        },
        {
          "text": "神说要有光，于是就诞生了我。",
          "link": "//game.gtimg.cn/images/yxzj/zlkdatasys/audios/audio/20220411/16496586183975.wav"
        },
        {
          "text": "自以为是的真实，比无药可救的幻想，更可怕。",
          "link": "//game.gtimg.cn/images/yxzj/zlkdatasys/audios/audio/20220411/16496586789066.wav"
        },
        {
          "text": "若世上还有成为废墟的心血，请以你的名字呼唤我。",
          "link": "//game.gtimg.cn/images/yxzj/zlkdatasys/audios/audio/20220411/16496586908712.wav"
        },
        {
          "text": "火柴点燃的希望，有的熄灭在街头，有的显露于苍穹。",
          "link": "//game.gtimg.cn/images/yxzj/zlkdatasys/audios/audio/20220411/16496587038245.wav"
        },
        {
          "text": "他们看见星星，我看见城；他们看见城，我看见的是鲲。",
          "link": "//game.gtimg.cn/images/yxzj/zlkdatasys/audios/audio/20220411/16496587219015.wav"
        },
        {
          "text": "不曾看低这个世界，只是眼光有点高。",
          "link": "//game.gtimg.cn/images/yxzj/zlkdatasys/audios/audio/20220411/16496587379756.wav"
        },
        {
          "text": "此处入眠……他处醒来。",
          "link": "//game.gtimg.cn/images/yxzj/zlkdatasys/audios/audio/20220411/16496587507900.wav"
        },
        {
          "text": "伟大的白日梦",
          "link": "//game.gtimg.cn/images/yxzj/zlkdatasys/audios/audio/20220411/16496587663341.wav"
        },
        {
          "text": "没有人能逃出我的脑洞。",
          "link": "//game.gtimg.cn/images/yxzj/zlkdatasys/audios/audio/20220411/16496587789106.wav"
        },
        {
          "text": "入梦为安吧！",
          "link": "//game.gtimg.cn/images/yxzj/zlkdatasys/audios/audio/20220411/16496587924955.wav"
        },
        {
          "text": "让我来替你结束现实吧。",
          "link": "//game.gtimg.cn/images/yxzj/zlkdatasys/audios/audio/20220411/16496588041646.wav"
        }
      ],
      "name": "云端筑梦师"
    },
    {
      "voice": [
        {
          "text": "撼天地，镇乾坤~",
          "link": "//game.gtimg.cn/images/yxzj/zlkdatasys/audios/audio/20220415/16499911119680.mp3"
        },
        {
          "text": "嵩山如卧，万物一府~",
          "link": "//game.gtimg.cn/images/yxzj/zlkdatasys/audios/audio/20220415/16499911198785.mp3"
        },
        {
          "text": "一朝入梦，八极恣游~",
          "link": "//game.gtimg.cn/images/yxzj/zlkdatasys/audios/audio/20220415/16499911297844.mp3"
        },
        {
          "text": "浮云之上，九天之外，便是吾乡所在",
          "link": "//game.gtimg.cn/images/yxzj/zlkdatasys/audios/audio/20220411/16496590753854.wav"
        },
        {
          "text": "人非草木，安知草木无情？",
          "link": "//game.gtimg.cn/images/yxzj/zlkdatasys/audios/audio/20220411/16496591133455.wav"
        },
        {
          "text": "长眠是种介于生死间的奇妙境界",
          "link": "//game.gtimg.cn/images/yxzj/zlkdatasys/audios/audio/20220411/16496591269379.wav"
        },
        {
          "text": "鲲说，无需害怕，因为它在这里",
          "link": "//game.gtimg.cn/images/yxzj/zlkdatasys/audios/audio/20220411/16496591432298.wav"
        },
        {
          "text": "鲲说，它愿以微薄身躯，换得一山生灵",
          "link": "//game.gtimg.cn/images/yxzj/zlkdatasys/audios/audio/20220411/16496591594613.wav"
        },
        {
          "text": "我.....别无所求....",
          "link": "//game.gtimg.cn/images/yxzj/zlkdatasys/audios/audio/20220411/16496591886745.wav"
        },
        {
          "text": "云开雾散~",
          "link": "//game.gtimg.cn/images/yxzj/zlkdatasys/audios/audio/20220411/16496592047810.wav"
        },
        {
          "text": "玄山妙水，见而忘忧",
          "link": "//game.gtimg.cn/images/yxzj/zlkdatasys/audios/audio/20220411/16496592178108.wav"
        },
        {
          "text": "生亦何欢，死亦何苦~",
          "link": "//game.gtimg.cn/images/yxzj/zlkdatasys/audios/audio/20220411/16496592386806.wav"
        },
        {
          "text": "知道什么是无用之用吗？",
          "link": "//game.gtimg.cn/images/yxzj/zlkdatasys/audios/audio/20220411/16496592547728.wav"
        },
        {
          "text": "小蝴蝶，又见面了...",
          "link": "//game.gtimg.cn/images/yxzj/zlkdatasys/audios/audio/20220411/16496592897927.wav"
        },
        {
          "text": "你听到的是鲲~",
          "link": "//game.gtimg.cn/images/yxzj/zlkdatasys/audios/audio/20220415/16499911851148.mp3"
        },
        {
          "text": "我们都在以自己的方式求索",
          "link": "//game.gtimg.cn/images/yxzj/zlkdatasys/audios/audio/20220415/16499911745902.mp3"
        },
        {
          "text": "战斗时清醒的人，日常却在说梦话",
          "link": "//game.gtimg.cn/images/yxzj/zlkdatasys/audios/audio/20220415/16499911551319.mp3"
        },
        {
          "text": "勇者有所畏惧，仁者有所不达",
          "link": "//game.gtimg.cn/images/yxzj/zlkdatasys/audios/audio/20220415/16499911459755.mp3"
        }
      ],
      "name": "玄嵩"
    },
    {
      "voice": [
        {
          "text": "指间宫商，宙合万象。",
          "link": "//game.gtimg.cn/images/yxzj/zlkdatasys/audios/audio/20220415/16499910517786.mp3"
        },
        {
          "text": "问世间知音何处？",
          "link": "//game.gtimg.cn/images/yxzj/zlkdatasys/audios/audio/20220415/16499910626351.mp3"
        },
        {
          "text": "一弹山岳，一弹流水，山水风生松树枝。",
          "link": "//game.gtimg.cn/images/yxzj/zlkdatasys/audios/audio/20220415/16499910729739.mp3"
        },
        {
          "text": "手挥七弦，心游太虚~",
          "link": "//game.gtimg.cn/images/yxzj/zlkdatasys/audios/audio/20220411/16496609186630.wav"
        },
        {
          "text": "峨峨兮如揽山岳，洋洋兮若临沧海~",
          "link": "//game.gtimg.cn/images/yxzj/zlkdatasys/audios/audio/20220411/16496609408630.wav"
        },
        {
          "text": "我之生也，得逢其知，朝生暮落又如何？",
          "link": "//game.gtimg.cn/images/yxzj/zlkdatasys/audios/audio/20220411/16496609622449.wav"
        },
        {
          "text": "琴声跨千载，知音无古今。",
          "link": "//game.gtimg.cn/images/yxzj/zlkdatasys/audios/audio/20220411/16496609833547.wav"
        },
        {
          "text": "春风弄弦，山涧鸣鸟；冬雪送谱，夜深折竹。",
          "link": "//game.gtimg.cn/images/yxzj/zlkdatasys/audios/audio/20220411/16496609997946.wav"
        },
        {
          "text": "江上青峰，江心秋月，听惯了多少离别？",
          "link": "//game.gtimg.cn/images/yxzj/zlkdatasys/audios/audio/20220411/16496610174266.wav"
        },
        {
          "text": "曲乐千殊，只与你一人听~",
          "link": "//game.gtimg.cn/images/yxzj/zlkdatasys/audios/audio/20220411/16496610376627.wav"
        },
        {
          "text": "终成……绝响",
          "link": "//game.gtimg.cn/images/yxzj/zlkdatasys/audios/audio/20220411/16496610636265.wav"
        },
        {
          "text": "是犹对牛鼓琴，不苛求其明~",
          "link": "//game.gtimg.cn/images/yxzj/zlkdatasys/audios/audio/20220411/16496610949312.wav"
        },
        {
          "text": "哎~乱耳之音~",
          "link": "//game.gtimg.cn/images/yxzj/zlkdatasys/audios/audio/20220411/16496611188057.wav"
        },
        {
          "text": "响遏行云~",
          "link": "//game.gtimg.cn/images/yxzj/zlkdatasys/audios/audio/20220411/16496611353141.wav"
        },
        {
          "text": "绕梁三日，悠悠不绝~",
          "link": "//game.gtimg.cn/images/yxzj/zlkdatasys/audios/audio/20220411/16496611508586.wav"
        },
        {
          "text": "曲中山水，邀君共游~",
          "link": "//game.gtimg.cn/images/yxzj/zlkdatasys/audios/audio/20220411/16496611634492.wav"
        },
        {
          "text": "松下问来客，原是采樵人。",
          "link": "//game.gtimg.cn/images/yxzj/zlkdatasys/audios/audio/20220411/16496611858492.wav"
        },
        {
          "text": "相逢此处，可是解语之人？",
          "link": "//game.gtimg.cn/images/yxzj/zlkdatasys/audios/audio/20220411/16496612067757.wav"
        },
        {
          "text": "弦虽断，意未绝，吾人如古，古亦如今。",
          "link": "//game.gtimg.cn/images/yxzj/zlkdatasys/audios/audio/20220411/16496612234577.wav"
        },
        {
          "text": "一曲酬知己~",
          "link": "//game.gtimg.cn/images/yxzj/zlkdatasys/audios/audio/20220411/16496612454575.wav"
        },
        {
          "text": "故人何在，烟水茫茫。",
          "link": "//game.gtimg.cn/images/yxzj/zlkdatasys/audios/audio/20220411/16496612616375.wav"
        }
      ],
      "name": "高山流水"
    },
    {
      "voice": [
        {
          "text": "既然在梦里工作过，那就再休息会儿吧！",
          "link": "//game.gtimg.cn/images/yxzj/zlkdatasys/audios/audio/20221011/16654603558626.mp3"
        },
        {
          "text": "梦境是最好的素材库~",
          "link": "//game.gtimg.cn/images/yxzj/zlkdatasys/audios/audio/20221011/16654603678286.mp3"
        },
        {
          "text": "战局重现，灵感迸发~",
          "link": "//game.gtimg.cn/images/yxzj/zlkdatasys/audios/audio/20221011/16654604135700.mp3"
        },
        {
          "text": "纵观全局，是一个成熟剪辑师的基本修养。",
          "link": "//game.gtimg.cn/images/yxzj/zlkdatasys/audios/audio/20220920/16636721187861.mp3"
        },
        {
          "text": "等睡醒就来剪我们的高光时刻……",
          "link": "//game.gtimg.cn/images/yxzj/zlkdatasys/audios/audio/20221011/16654603419186.mp3"
        },
        {
          "text": "慢放是必要的生活节奏~",
          "link": "//game.gtimg.cn/images/yxzj/zlkdatasys/audios/audio/20220920/16636721676248.mp3"
        },
        {
          "text": "开启第二人生!",
          "link": "//game.gtimg.cn/images/yxzj/zlkdatasys/audios/audio/20220920/16636721816320.mp3"
        },
        {
          "text": "重要的不是工具，而是想象力~",
          "link": "//game.gtimg.cn/images/yxzj/zlkdatasys/audios/audio/20220920/16636721958984.mp3"
        },
        {
          "text": "嗯~小鲲说的没错！",
          "link": "//game.gtimg.cn/images/yxzj/zlkdatasys/audios/audio/20221011/16654603796834.mp3"
        },
        {
          "text": "懒惰有时也能让人进步……比如快捷键的使用~",
          "link": "//game.gtimg.cn/images/yxzj/zlkdatasys/audios/audio/20220920/16636722384008.mp3"
        },
        {
          "text": "下个镜头见……",
          "link": "//game.gtimg.cn/images/yxzj/zlkdatasys/audios/audio/20221011/16654603909315.mp3"
        },
        {
          "text": "给你讲个睡前故事~",
          "link": "//game.gtimg.cn/images/yxzj/zlkdatasys/audios/audio/20220920/16636722882372.mp3"
        },
        {
          "text": "你刚刚……是在梦游吗？",
          "link": "//game.gtimg.cn/images/yxzj/zlkdatasys/audios/audio/20220920/16636723048636.mp3"
        },
        {
          "text": "想象使人自由！",
          "link": "//game.gtimg.cn/images/yxzj/zlkdatasys/audios/audio/20220920/16636723252273.mp3"
        },
        {
          "text": "解除定格~",
          "link": "//game.gtimg.cn/images/yxzj/zlkdatasys/audios/audio/20220920/16636723394296.mp3"
        },
        {
          "text": "绝佳转场~",
          "link": "//game.gtimg.cn/images/yxzj/zlkdatasys/audios/audio/20220920/16636723547859.mp3"
        },
        {
          "text": "谢谢表扬~",
          "link": "//game.gtimg.cn/images/yxzj/zlkdatasys/audios/audio/20221011/16654604016270.mp3"
        },
        {
          "text": "比早起更可怕的是——没按保存键！",
          "link": "//game.gtimg.cn/images/yxzj/zlkdatasys/audios/audio/20221011/16654603217742.mp3"
        },
        {
          "text": "我每天的睡眠都很充足~",
          "link": "//game.gtimg.cn/images/yxzj/zlkdatasys/audios/audio/20220920/16636724535037.mp3"
        },
        {
          "text": "嘘，我刚把一只野怪哄睡着~",
          "link": "//game.gtimg.cn/images/yxzj/zlkdatasys/audios/audio/20220920/16636724674398.mp3"
        },
        {
          "text": "嗯，梦到了猜谜游戏的新线索~",
          "link": "//game.gtimg.cn/images/yxzj/zlkdatasys/audios/audio/20220920/16636724879009.mp3"
        },
        {
          "text": "真是一个麻烦但还算有趣的选择~",
          "link": "//game.gtimg.cn/images/yxzj/zlkdatasys/audios/audio/20220920/16636726692118.mp3"
        },
        {
          "text": "做了个噩梦，梦里有人成了这个幸运儿",
          "link": "//game.gtimg.cn/images/yxzj/zlkdatasys/audios/audio/20220920/16636726858911.mp3"
        },
        {
          "text": "我的睡前故事奏效了吗？",
          "link": "//game.gtimg.cn/images/yxzj/zlkdatasys/audios/audio/20220920/16636727058583.mp3"
        },
        {
          "text": "小鲲说，在梦里和一条52赫兹的鲸鱼成了朋友。",
          "link": "//game.gtimg.cn/images/yxzj/zlkdatasys/audios/audio/20220920/16636727228746.mp3"
        }
      ],
      "name": "天秀 · 幻梦"
    }
  ]
}