{
  "data": [
    {
      "id": 1,
      "value": [
        {
          "type": 1,
          "num": "3.2"
        }
      ]
    },
    {
      "id": 2,
      "value": [
        {
          "type": 2,
          "num": "5.3"
        }
      ]
    },
    {
      "id": 3,
      "value": [
        {
          "type": 3,
          "num": "1.6%"
        },
        {
          "type": 4,
          "num": "0.5%"
        }
      ]
    },
    {
      "id": 4,
      "value": [
        {
          "type": 1,
          "num": "2"
        },
        {
          "type": 5,
          "num": "3.6"
        }
      ]
    },
    {
      "id": 5,
      "value": [
        {
          "type": 1,
          "num": "2.5"
        },
        {
          "type": 6,
          "num": "0.5%"
        }
      ]
    },
    {
      "id": 6,
      "value": [
        {
          "type": 4,
          "num": "0.7%"
        },
        {
          "type": 7,
          "num": "3.6%"
        }
      ]
    },
    {
      "id": 7,
      "value": [
        {
          "type": 3,
          "num": "1%"
        },
        {
          "type": 8,
          "num": "33.7"
        },
        {
          "type": 9,
          "num": "2.3"
        }
      ]
    },
    {
      "id": 8,
      "value": [
        {
          "type": 2,
          "num": "4.2"
        },
        {
          "type": 10,
          "num": "2.4"
        }
      ]
    },
    {
      "id": 9,
      "value": [
        {
          "type": 2,
          "num": "4.2"
        },
        {
          "type": 3,
          "num": "0.6%"
        }
      ]
    },
    {
      "id": 10,
      "value": [
        {
          "type": 4,
          "num": "1.6%"
        }
      ]
    },
    {
      "id": 11,
      "value": [
        {
          "type": 8,
          "num": "75"
        }
      ]
    },
    {
      "id": 12,
      "value": [
        {
          "type": 8,
          "num": "60"
        },
        {
          "type": 11,
          "num": "4.5"
        }
      ]
    },
    {
      "id": 13,
      "value": [
        {
          "type": 3,
          "num": "1%"
        },
        {
          "type": 12,
          "num": "1%"
        }
      ]
    },
    {
      "id": 14,
      "value": [
        {
          "type": 13,
          "num": "1.6%"
        }
      ]
    },
    {
      "id": 15,
      "value": [
        {
          "type": 6,
          "num": "1.6%"
        }
      ]
    },
    {
      "id": 16,
      "value": [
        {
          "type": 4,
          "num": "0.5%"
        },
        {
          "type": 8,
          "num": "60"
        }
      ]
    },
    {
      "id": 17,
      "value": [
        {
          "type": 6,
          "num": "1%"
        },
        {
          "type": 14,
          "num": "4.1"
        }
      ]
    },
    {
      "id": 18,
      "value": [
        {
          "type": 2,
          "num": "2.4"
        },
        {
          "type": 13,
          "num": "1%"
        }
      ]
    },
    {
      "id": 19,
      "value": [
        {
          "type": 8,
          "num": "45"
        },
        {
          "type": 11,
          "num": "5.2"
        },
        {
          "type": 12,
          "num": "0.4%"
        }
      ]
    },
    {
      "id": 20,
      "value": [
        {
          "type": 1,
          "num": "1.6"
        },
        {
          "type": 12,
          "num": "1%"
        }
      ]
    },
    {
      "id": 21,
      "value": [
        {
          "type": 1,
          "num": "0.9"
        },
        {
          "type": 5,
          "num": "6.4"
        }
      ]
    },
    {
      "id": 22,
      "value": [
        {
          "type": 3,
          "num": "0.6%"
        },
        {
          "type": 10,
          "num": "6.4"
        }
      ]
    },
    {
      "id": 23,
      "value": [
        {
          "type": 15,
          "num": "1%"
        }
      ]
    },
    {
      "id": 24,
      "value": [
        {
          "type": 9,
          "num": "9"
        }
      ]
    },
    {
      "id": 25,
      "value": [
        {
          "type": 9,
          "num": "5"
        },
        {
          "type": 14,
          "num": "5"
        }
      ]
    },
    {
      "id": 26,
      "value": [
        {
          "type": 8,
          "num": "37.5"
        },
        {
          "type": 15,
          "num": "0.6%"
        }
      ]
    },
    {
      "id": 27,
      "value": [
        {
          "type": 14,
          "num": "9"
        }
      ]
    },
    {
      "id": 28,
      "value": [
        {
          "type": 2,
          "num": "2.4"
        },
        {
          "type": 15,
          "num": "0.7%"
        }
      ]
    },
    {
      "id": 29,
      "value": [
        {
          "type": 13,
          "num": "0.7%"
        },
        {
          "type": 9,
          "num": "5.9"
        }
      ]
    },
    {
      "id": 30,
      "value": [
        {
          "type": 9,
          "num": "2.7"
        },
        {
          "type": 14,
          "num": "2.7"
        },
        {
          "type": 15,
          "num": "0.6%"
        }
      ]
    }
  ]
}
