{
  "data": [
    {
      "id": 1,
      "img": "/epigraphs/1.png",
      "imgBlur": "/epigraphs/epigraph_1_v.png"
    },
    {
      "id": 2,
      "img": "/epigraphs/2.png",
      "imgBlur": "/epigraphs/epigraph_2_v.png"
    },
    {
      "id": 3,
      "img": "/epigraphs/3.png",
      "imgBlur": "/epigraphs/epigraph_3_v.png"
    },
    {
      "id": 4,
      "img": "/epigraphs/4.png",
      "imgBlur": "/epigraphs/epigraph_4_v.png"
    },
    {
      "id": 5,
      "img": "/epigraphs/5.png",
      "imgBlur": "/epigraphs/epigraph_5_v.png"
    },
    {
      "id": 6,
      "img": "/epigraphs/6.png",
      "imgBlur": "/epigraphs/epigraph_6_v.png"
    },
    {
      "id": 7,
      "img": "/epigraphs/7.png",
      "imgBlur": "/epigraphs/epigraph_7_v.png"
    },
    {
      "id": 8,
      "img": "/epigraphs/8.png",
      "imgBlur": "/epigraphs/epigraph_8_v.png"
    },
    {
      "id": 9,
      "img": "/epigraphs/9.png",
      "imgBlur": "/epigraphs/epigraph_9_v.png"
    },
    {
      "id": 10,
      "img": "/epigraphs/10.png",
      "imgBlur": "/epigraphs/epigraph_10_v.png"
    },
    {
      "id": 11,
      "img": "/epigraphs/11.png",
      "imgBlur": "/epigraphs/epigraph_11_v.png"
    },
    {
      "id": 12,
      "img": "/epigraphs/12.png",
      "imgBlur": "/epigraphs/epigraph_12_v.png"
    },
    {
      "id": 13,
      "img": "/epigraphs/13.png",
      "imgBlur": "/epigraphs/epigraph_13_v.png"
    },
    {
      "id": 14,
      "img": "/epigraphs/14.png",
      "imgBlur": "/epigraphs/epigraph_14_v.png"
    },
    {
      "id": 15,
      "img": "/epigraphs/15.png",
      "imgBlur": "/epigraphs/epigraph_15_v.png"
    },
    {
      "id": 16,
      "img": "/epigraphs/16.png",
      "imgBlur": "/epigraphs/epigraph_16_v.png"
    },
    {
      "id": 17,
      "img": "/epigraphs/17.png",
      "imgBlur": "/epigraphs/epigraph_17_v.png"
    },
    {
      "id": 18,
      "img": "/epigraphs/18.png",
      "imgBlur": "/epigraphs/epigraph_18_v.png"
    },
    {
      "id": 19,
      "img": "/epigraphs/19.png",
      "imgBlur": "/epigraphs/epigraph_19_v.png"
    },
    {
      "id": 20,
      "img": "/epigraphs/20.png",
      "imgBlur": "/epigraphs/epigraph_20_v.png"
    },
    {
      "id": 21,
      "img": "/epigraphs/21.png",
      "imgBlur": "/epigraphs/epigraph_21_v.png"
    },
    {
      "id": 22,
      "img": "/epigraphs/22.png",
      "imgBlur": "/epigraphs/epigraph_22_v.png"
    },
    {
      "id": 23,
      "img": "/epigraphs/23.png",
      "imgBlur": "/epigraphs/epigraph_23_v.png"
    },
    {
      "id": 24,
      "img": "/epigraphs/24.png",
      "imgBlur": "/epigraphs/epigraph_24_v.png"
    },
    {
      "id": 25,
      "img": "/epigraphs/25.png",
      "imgBlur": "/epigraphs/epigraph_25_v.png"
    },
    {
      "id": 26,
      "img": "/epigraphs/26.png",
      "imgBlur": "/epigraphs/epigraph_26_v.png"
    },
    {
      "id": 27,
      "img": "/epigraphs/27.png",
      "imgBlur": "/epigraphs/epigraph_27_v.png"
    },
    {
      "id": 28,
      "img": "/epigraphs/28.png",
      "imgBlur": "/epigraphs/epigraph_28_v.png"
    },
    {
      "id": 29,
      "img": "/epigraphs/29.png",
      "imgBlur": "/epigraphs/epigraph_29_v.png"
    },
    {
      "id": 30,
      "img": "/epigraphs/30.png",
      "imgBlur": "/epigraphs/epigraph_30_v.png"
    }
  ]
}
