{
  "data": [
    {
      "id": 1,
      "value": "RED"
    },
    {
      "id": 2,
      "value": "RED"
    },
    {
      "id": 3,
      "value": "RED"
    },
    {
      "id": 4,
      "value": "RED"
    },
    {
      "id": 5,
      "value": "RED"
    },
    {
      "id": 6,
      "value": "RED"
    },
    {
      "id": 7,
      "value": "RED"
    },
    {
      "id": 8,
      "value": "RED"
    },
    {
      "id": 9,
      "value": "RED"
    },
    {
      "id": 10,
      "value": "RED"
    },
    {
      "id": 11,
      "value": "BLUE"
    },
    {
      "id": 12,
      "value": "BLUE"
    },
    {
      "id": 13,
      "value": "BLUE"
    },
    {
      "id": 14,
      "value": "BLUE"
    },
    {
      "id": 15,
      "value": "BLUE"
    },
    {
      "id": 16,
      "value": "BLUE"
    },
    {
      "id": 17,
      "value": "BLUE"
    },
    {
      "id": 18,
      "value": "BLUE"
    },
    {
      "id": 19,
      "value": "BLUE"
    },
    {
      "id": 20,
      "value": "BLUE"
    },
    {
      "id": 21,
      "value": "GREEN"
    },
    {
      "id": 22,
      "value": "GREEN"
    },
    {
      "id": 23,
      "value": "GREEN"
    },
    {
      "id": 24,
      "value": "GREEN"
    },
    {
      "id": 25,
      "value": "GREEN"
    },
    {
      "id": 26,
      "value": "GREEN"
    },
    {
      "id": 27,
      "value": "GREEN"
    },
    {
      "id": 28,
      "value": "GREEN"
    },
    {
      "id": 29,
      "value": "GREEN"
    },
    {
      "id": 30,
      "value": "GREEN"
    }
  ]
}
