{
  "data": [
    {
      "id": 111,
      "icon": "/equips/physical_1_1.jpg",
      "iconBlur": "/equips/physical_1_1_blur.jpg"
    },
    {
      "id": 112,
      "icon": "/equips/physical_1_2.jpg",
      "iconBlur": "/equips/physical_1_2_blur.jpg"
    },
    {
      "id": 113,
      "icon": "/equips/physical_1_3.jpg",
      "iconBlur": "/equips/physical_1_3_blur.jpg"
    },
    {
      "id": 114,
      "icon": "/equips/physical_1_4.jpg",
      "iconBlur": "/equips/physical_1_4_blur.jpg"
    },
    {
      "id": 115,
      "icon": "/equips/physical_1_5.jpg",
      "iconBlur": "/equips/physical_1_5_blur.jpg"
    },
    {
      "id": 116,
      "icon": "/equips/physical_1_6.jpg",
      "iconBlur": "/equips/physical_1_6_blur.jpg"
    },
    {
      "id": 117,
      "icon": "/equips/physical_1_7.jpg",
      "iconBlur": "/equips/physical_1_7_blur.jpg"
    },
    {
      "id": 121,
      "icon": "/equips/physical_2_1.jpg",
      "iconBlur": "/equips/physical_2_1_blur.jpg"
    },
    {
      "id": 122,
      "icon": "/equips/physical_2_2.jpg",
      "iconBlur": "/equips/physical_2_2_blur.jpg"
    },
    {
      "id": 123,
      "icon": "/equips/physical_2_3.jpg",
      "iconBlur": "/equips/physical_2_3_blur.jpg"
    },
    {
      "id": 124,
      "icon": "/equips/physical_2_4.jpg",
      "iconBlur": "/equips/physical_2_4_blur.jpg"
    },
    {
      "id": 125,
      "icon": "/equips/physical_2_5.jpg",
      "iconBlur": "/equips/physical_2_5_blur.jpg"
    },
    {
      "id": 126,
      "icon": "/equips/physical_2_6.jpg",
      "iconBlur": "/equips/physical_2_6_blur.jpg"
    },
    {
      "id": 127,
      "icon": "/equips/physical_2_7.jpg",
      "iconBlur": "/equips/physical_2_7_blur.jpg"
    },
    {
      "id": 128,
      "icon": "/equips/physical_2_8.jpg",
      "iconBlur": "/equips/physical_2_8_blur.jpg"
    },
    {
      "id": 129,
      "icon": "/equips/physical_2_9.jpg",
      "iconBlur": "/equips/physical_2_9_blur.jpg"
    },
    {
      "id": 1210,
      "icon": "/equips/physical_2_10.jpg",
      "iconBlur": "/equips/physical_2_10_blur.jpg"
    },
    {
      "id": 1211,
      "icon": "/equips/physical_2_11.jpg",
      "iconBlur": "/equips/physical_2_11_blur.jpg"
    },
    {
      "id": 1212,
      "icon": "/equips/physical_2_12.jpg",
      "iconBlur": "/equips/physical_2_12_blur.jpg"
    },
    {
      "id": 1213,
      "icon": "/equips/physical_2_13.jpg",
      "iconBlur": "/equips/physical_2_13_blur.jpg"
    },
    {
      "id": 131,
      "icon": "/equips/physical_3_1.jpg",
      "iconBlur": "/equips/physical_3_1_blur.jpg"
    },
    {
      "id": 132,
      "icon": "/equips/physical_3_2.jpg",
      "iconBlur": "/equips/physical_3_2_blur.jpg"
    },
    {
      "id": 133,
      "icon": "/equips/physical_3_3.jpg",
      "iconBlur": "/equips/physical_3_3_blur.jpg"
    },
    {
      "id": 134,
      "icon": "/equips/physical_3_4.jpg",
      "iconBlur": "/equips/physical_3_4_blur.jpg"
    },
    {
      "id": 135,
      "icon": "/equips/physical_3_5.jpg",
      "iconBlur": "/equips/physical_3_5_blur.jpg"
    },
    {
      "id": 136,
      "icon": "/equips/physical_3_6.jpg",
      "iconBlur": "/equips/physical_3_6_blur.jpg"
    },
    {
      "id": 137,
      "icon": "/equips/physical_3_7.jpg",
      "iconBlur": "/equips/physical_3_7_blur.jpg"
    },
    {
      "id": 138,
      "icon": "/equips/physical_3_8.jpg",
      "iconBlur": "/equips/physical_3_8_blur.jpg"
    },
    {
      "id": 139,
      "icon": "/equips/physical_3_9.jpg",
      "iconBlur": "/equips/physical_3_9_blur.jpg"
    },
    {
      "id": 1310,
      "icon": "/equips/physical_3_10.jpg",
      "iconBlur": "/equips/physical_3_10_blur.jpg"
    },
    {
      "id": 1311,
      "icon": "/equips/physical_3_11.jpg",
      "iconBlur": "/equips/physical_3_11_blur.jpg"
    },
    {
      "id": 1312,
      "icon": "/equips/physical_3_12.jpg",
      "iconBlur": "/equips/physical_3_12_blur.jpg"
    },
    {
      "id": 1313,
      "icon": "/equips/physical_3_13.jpg",
      "iconBlur": "/equips/physical_3_13_blur.jpg"
    },
    {
      "id": 1314,
      "icon": "/equips/physical_3_14.jpg",
      "iconBlur": "/equips/physical_3_14_blur.jpg"
    },
    {
      "id": 211,
      "icon": "/equips/magic_1_1.jpg",
      "iconBlur": "/equips/magic_1_1_blur.jpg"
    },
    {
      "id": 212,
      "icon": "/equips/magic_1_2.jpg",
      "iconBlur": "/equips/magic_1_2_blur.jpg"
    },
    {
      "id": 213,
      "icon": "/equips/magic_1_3.jpg",
      "iconBlur": "/equips/magic_1_3_blur.jpg"
    },
    {
      "id": 214,
      "icon": "/equips/magic_1_4.jpg",
      "iconBlur": "/equips/magic_1_4_blur.jpg"
    },
    {
      "id": 215,
      "icon": "/equips/magic_1_5.jpg",
      "iconBlur": "/equips/magic_1_5_blur.jpg"
    },
    {
      "id": 221,
      "icon": "/equips/magic_2_1.jpg",
      "iconBlur": "/equips/magic_2_1_blur.jpg"
    },
    {
      "id": 222,
      "icon": "/equips/magic_2_2.jpg",
      "iconBlur": "/equips/magic_2_2_blur.jpg"
    },
    {
      "id": 223,
      "icon": "/equips/magic_2_3.jpg",
      "iconBlur": "/equips/magic_2_3_blur.jpg"
    },
    {
      "id": 224,
      "icon": "/equips/magic_2_4.jpg",
      "iconBlur": "/equips/magic_2_4_blur.jpg"
    },
    {
      "id": 225,
      "icon": "/equips/magic_2_5.jpg",
      "iconBlur": "/equips/magic_2_5_blur.jpg"
    },
    {
      "id": 226,
      "icon": "/equips/magic_2_6.jpg",
      "iconBlur": "/equips/magic_2_6_blur.jpg"
    },
    {
      "id": 227,
      "icon": "/equips/magic_2_7.jpg",
      "iconBlur": "/equips/magic_2_7_blur.jpg"
    },
    {
      "id": 228,
      "icon": "/equips/magic_2_8.jpg",
      "iconBlur": "/equips/magic_2_8_blur.jpg"
    },
    {
      "id": 229,
      "icon": "/equips/magic_2_9.jpg",
      "iconBlur": "/equips/magic_2_9_blur.jpg"
    },
    {
      "id": 2210,
      "icon": "/equips/magic_2_10.jpg",
      "iconBlur": "/equips/magic_2_10_blur.jpg"
    },
    {
      "id": 2211,
      "icon": "/equips/magic_2_11.jpg",
      "iconBlur": "/equips/magic_2_11_blur.jpg"
    },
    {
      "id": 2212,
      "icon": "/equips/magic_2_12.jpg",
      "iconBlur": "/equips/magic_2_12_blur.jpg"
    },
    {
      "id": 231,
      "icon": "/equips/magic_3_1.jpg",
      "iconBlur": "/equips/magic_3_1_blur.jpg"
    },
    {
      "id": 232,
      "icon": "/equips/magic_3_2.jpg",
      "iconBlur": "/equips/magic_3_2_blur.jpg"
    },
    {
      "id": 233,
      "icon": "/equips/magic_3_3.jpg",
      "iconBlur": "/equips/magic_3_3_blur.jpg"
    },
    {
      "id": 234,
      "icon": "/equips/magic_3_4.jpg",
      "iconBlur": "/equips/magic_3_4_blur.jpg"
    },
    {
      "id": 235,
      "icon": "/equips/magic_3_5.jpg",
      "iconBlur": "/equips/magic_3_5_blur.jpg"
    },
    {
      "id": 236,
      "icon": "/equips/magic_3_6.jpg",
      "iconBlur": "/equips/magic_3_6_blur.jpg"
    },
    {
      "id": 237,
      "icon": "/equips/magic_3_7.jpg",
      "iconBlur": "/equips/magic_3_7_blur.jpg"
    },
    {
      "id": 238,
      "icon": "/equips/magic_3_8.jpg",
      "iconBlur": "/equips/magic_3_8_blur.jpg"
    },
    {
      "id": 239,
      "icon": "/equips/magic_3_9.jpg",
      "iconBlur": "/equips/magic_3_9_blur.jpg"
    },
    {
      "id": 2310,
      "icon": "/equips/magic_3_10.jpg",
      "iconBlur": "/equips/magic_3_10_blur.jpg"
    },
    {
      "id": 2311,
      "icon": "/equips/magic_3_11.jpg",
      "iconBlur": "/equips/magic_3_11_blur.jpg"
    },
    {
      "id": 2312,
      "icon": "/equips/magic_3_12.jpg",
      "iconBlur": "/equips/magic_3_12_blur.jpg"
    },
    {
      "id": 311,
      "icon": "/equips/defense_1_1.jpg",
      "iconBlur": "/equips/defense_1_1_blur.jpg"
    },
    {
      "id": 312,
      "icon": "/equips/defense_1_2.jpg",
      "iconBlur": "/equips/defense_1_2_blur.jpg"
    },
    {
      "id": 313,
      "icon": "/equips/defense_1_3.jpg",
      "iconBlur": "/equips/defense_1_3_blur.jpg"
    },
    {
      "id": 314,
      "icon": "/equips/defense_1_4.jpg",
      "iconBlur": "/equips/defense_1_4_blur.jpg"
    },
    {
      "id": 321,
      "icon": "/equips/defense_2_1.jpg",
      "iconBlur": "/equips/defense_2_1_blur.jpg"
    },
    {
      "id": 322,
      "icon": "/equips/defense_2_2.jpg",
      "iconBlur": "/equips/defense_2_2_blur.jpg"
    },
    {
      "id": 323,
      "icon": "/equips/defense_2_3.jpg",
      "iconBlur": "/equips/defense_2_3_blur.jpg"
    },
    {
      "id": 324,
      "icon": "/equips/defense_2_4.jpg",
      "iconBlur": "/equips/defense_2_4_blur.jpg"
    },
    {
      "id": 325,
      "icon": "/equips/defense_2_5.jpg",
      "iconBlur": "/equips/defense_2_5_blur.jpg"
    },
    {
      "id": 326,
      "icon": "/equips/defense_2_6.jpg",
      "iconBlur": "/equips/defense_2_6_blur.jpg"
    },
    {
      "id": 327,
      "icon": "/equips/defense_2_7.jpg",
      "iconBlur": "/equips/defense_2_7_blur.jpg"
    },
    {
      "id": 3212,
      "icon": "/equips/defense_2_12.jpg",
      "iconBlur": "/equips/defense_2_12_blur.jpg"
    },
    {
      "id": 328,
      "icon": "/equips/defense_2_8.jpg",
      "iconBlur": "/equips/defense_2_8_blur.jpg"
    },
    {
      "id": 329,
      "icon": "/equips/defense_2_9.jpg",
      "iconBlur": "/equips/defense_2_9_blur.jpg"
    },
    {
      "id": 3210,
      "icon": "/equips/defense_2_10.jpg",
      "iconBlur": "/equips/defense_2_10_blur.jpg"
    },
    {
      "id": 3211,
      "icon": "/equips/defense_2_11.jpg",
      "iconBlur": "/equips/defense_2_11_blur.jpg"
    },
    {
      "id": 331,
      "icon": "/equips/defense_3_1.jpg",
      "iconBlur": "/equips/defense_3_1_blur.jpg"
    },
    {
      "id": 332,
      "icon": "/equips/defense_3_2.jpg",
      "iconBlur": "/equips/defense_3_2_blur.jpg"
    },
    {
      "id": 333,
      "icon": "/equips/defense_3_3.jpg",
      "iconBlur": "/equips/defense_3_3_blur.jpg"
    },
    {
      "id": 334,
      "icon": "/equips/defense_3_4.jpg",
      "iconBlur": "/equips/defense_3_4_blur.jpg"
    },
    {
      "id": 335,
      "icon": "/equips/defense_3_5.jpg",
      "iconBlur": "/equips/defense_3_5_blur.jpg"
    },
    {
      "id": 336,
      "icon": "/equips/defense_3_6.jpg",
      "iconBlur": "/equips/defense_3_6_blur.jpg"
    },
    {
      "id": 337,
      "icon": "/equips/defense_3_7.jpg",
      "iconBlur": "/equips/defense_3_7_blur.jpg"
    },
    {
      "id": 338,
      "icon": "/equips/defense_3_8.jpg",
      "iconBlur": "/equips/defense_3_8_blur.jpg"
    },
    {
      "id": 339,
      "icon": "/equips/defense_3_9.jpg",
      "iconBlur": "/equips/defense_3_9_blur.jpg"
    },
    {
      "id": 3310,
      "icon": "/equips/defense_3_10.jpg",
      "iconBlur": "/equips/defense_3_10_blur.jpg"
    },
    {
      "id": 3311,
      "icon": "/equips/defense_3_11.jpg",
      "iconBlur": "/equips/defense_3_11_blur.jpg"
    },
    {
      "id": 3312,
      "icon": "/equips/defense_3_12.jpg",
      "iconBlur": "/equips/defense_3_12_blur.jpg"
    },
    {
      "id": 411,
      "icon": "/equips/move_1_1.jpg",
      "iconBlur": "/equips/move_1_1_blur.jpg"
    },
    {
      "id": 421,
      "icon": "/equips/move_2_1.jpg",
      "iconBlur": "/equips/move_2_1_blur.jpg"
    },
    {
      "id": 422,
      "icon": "/equips/move_2_2.jpg",
      "iconBlur": "/equips/move_2_2_blur.jpg"
    },
    {
      "id": 423,
      "icon": "/equips/move_2_3.jpg",
      "iconBlur": "/equips/move_2_3_blur.jpg"
    },
    {
      "id": 424,
      "icon": "/equips/move_2_4.jpg",
      "iconBlur": "/equips/move_2_4_blur.jpg"
    },
    {
      "id": 425,
      "icon": "/equips/move_2_5.jpg",
      "iconBlur": "/equips/move_2_5_blur.jpg"
    },
    {
      "id": 426,
      "icon": "/equips/move_2_6.jpg",
      "iconBlur": "/equips/move_2_6_blur.jpg"
    },
    {
      "id": 511,
      "icon": "/equips/jungle_1_1.jpg",
      "iconBlur": "/equips/jungle_1_1_blur.jpg"
    },
    {
      "id": 512,
      "icon": "/equips/jungle_1_2.jpg",
      "iconBlur": "/equips/jungle_1_2_blur.jpg"
    },
    {
      "id": 521,
      "icon": "/equips/jungle_2_1.jpg",
      "iconBlur": "/equips/jungle_2_1_blur.jpg"
    },
    {
      "id": 522,
      "icon": "/equips/jungle_2_2.jpg",
      "iconBlur": "/equips/jungle_2_2_blur.jpg"
    },
    {
      "id": 523,
      "icon": "/equips/jungle_2_3.jpg",
      "iconBlur": "/equips/jungle_2_3_blur.jpg"
    },
    {
      "id": 524,
      "icon": "/equips/jungle_2_4.jpg",
      "iconBlur": "/equips/jungle_2_4_blur.jpg"
    },
    {
      "id": 531,
      "icon": "/equips/jungle_3_1.jpg",
      "iconBlur": "/equips/jungle_3_1_blur.jpg"
    },
    {
      "id": 532,
      "icon": "/equips/jungle_3_2.jpg",
      "iconBlur": "/equips/jungle_3_2_blur.jpg"
    },
    {
      "id": 533,
      "icon": "/equips/jungle_3_3.jpg",
      "iconBlur": "/equips/jungle_3_3_blur.jpg"
    },
    {
      "id": 534,
      "icon": "/equips/jungle_3_4.jpg",
      "iconBlur": "/equips/jungle_3_4_blur.jpg"
    },
    {
      "id": 611,
      "icon": "/equips/wander_1_1.jpg",
      "iconBlur": "/equips/wander_1_1_blur.jpg"
    },
    {
      "id": 621,
      "icon": "/equips/wander_2_1.jpg",
      "iconBlur": "/equips/wander_2_1_blur.jpg"
    },
    {
      "id": 622,
      "icon": "/equips/wander_2_2.jpg",
      "iconBlur": "/equips/wander_2_2_blur.jpg"
    },
    {
      "id": 631,
      "icon": "/equips/wander_3_1.jpg",
      "iconBlur": "/equips/wander_3_1_blur.jpg"
    },
    {
      "id": 632,
      "icon": "/equips/wander_3_2.jpg",
      "iconBlur": "/equips/wander_3_2_blur.jpg"
    },
    {
      "id": 633,
      "icon": "/equips/wander_3_3.jpg",
      "iconBlur": "/equips/wander_3_3_blur.jpg"
    },
    {
      "id": 634,
      "icon": "/equips/wander_3_4.jpg",
      "iconBlur": "/equips/wander_3_4_blur.jpg"
    },
    {
      "id": 635,
      "icon": "/equips/wander_3_5.jpg",
      "iconBlur": "/equips/wander_3_5_blur.jpg"
    },
    {
      "id": 636,
      "icon": "/equips/wander_3_6.jpg",
      "iconBlur": "/equips/wander_3_6_blur.jpg"
    },
    {
      "id": 637,
      "icon": "/equips/wander_3_7.jpg",
      "iconBlur": "/equips/wander_3_7_blur.jpg"
    },
    {
      "id": 638,
      "icon": "/equips/wander_3_8.jpg",
      "iconBlur": "/equips/wander_3_8_blur.jpg"
    }
  ]
}
