{
  "data": [
    {
      "id": 111,
      "value": []
    },
    {
      "id": 112,
      "value": []
    },
    {
      "id": 113,
      "value": []
    },
    {
      "id": 114,
      "value": []
    },
    {
      "id": 115,
      "value": []
    },
    {
      "id": 116,
      "value": []
    },
    {
      "id": 117,
      "value": []
    },
    {
      "id": 121,
      "value": []
    },
    {
      "id": 122,
      "value": [
        {
          "type": "被动",
          "name": "残废",
          "desc": "技能对首个目标的敌方英雄造成10%减速，持续3秒",
          "time": 8
        }
      ]
    },
    {
      "id": 123,
      "value": []
    },
    {
      "id": 124,
      "value": [
        {
          "type": "被动",
          "name": "切割",
          "desc": "增加60物理穿透"
        }
      ]
    },
    {
      "id": 125,
      "value": [
        {
          "type": "被动",
          "name": "精准",
          "desc": "普攻伤害提升40点"
        }
      ]
    },
    {
      "id": 126,
      "value": [
        {
          "type": "被动",
          "name": "回魂",
          "desc": "自身生命低于30%时，5秒内累计回复400~610点生命",
          "time": 20
        }
      ]
    },
    {
      "id": 127,
      "value": [
        {
          "type": "被动",
          "name": "破甲",
          "desc": "增加10%物理穿透(远程英雄效果翻倍)"
        }
      ]
    },
    {
      "id": 128,
      "value": [
        {
          "type": "被动",
          "name": "暗幕",
          "desc": "受到致命伤害时不会立即死亡，获得短暂无敌并增加30%移速，持续1秒(远程英雄为0.5秒)",
          "time": 120
        }
      ]
    },
    {
      "id": 129,
      "value": []
    },
    {
      "id": 1210,
      "value": [
        {
          "type": "被动",
          "name": "破魔",
          "desc": "获得(60%)法术防御，最多不超过300点"
        }
      ]
    },
    {
      "id": 1211,
      "value": [
        {
          "type": "被动",
          "name": "寒霜",
          "desc": "普攻减少3%的移速，持续2秒，可叠加5层。叠满后，对目标的普攻法球会额外造成30%的伤害"
        },
        {
          "type": "被动",
          "name": "精准",
          "desc": "普攻额外造成60~130物理伤害"
        }
      ]
    },
    {
      "id": 1212,
      "value": [
        {
          "type": "被动",
          "name": "回魂",
          "desc": "自身生命低于30%时，5秒内累计回复400~610点生命",
          "time": 20
        },
        {
          "type": "被动",
          "name": "重伤",
          "desc": "普攻/技能命中敌人后降低其50%生命回复和吸血效果，持续3秒/1.5秒"
        }
      ]
    },
    {
      "id": 1213,
      "value": [
        {
          "type": "被动",
          "name": "残废",
          "desc": "技能对首个命中的敌方英雄造成30%减速，并使其对自己的伤害降低20%，持续3秒",
          "time": 8
        },
        {
          "type": "主动",
          "name": "驱散",
          "desc": "获得35%减伤，持续3秒，可以在被控制时使用",
          "time": 90
        }
      ]
    },
    {
      "id": 131,
      "value": [
        {
          "type": "被动",
          "name": "破败",
          "desc": "普工额外造成目标8%当前生命的物理伤害(伤害对野怪上限80点)"
        }
      ]
    },
    {
      "id": 132,
      "value": [
        {
          "type": "被动",
          "name": "回魂",
          "desc": "自身生命低于30%时，5秒内累计回复410~610点生命",
          "time": 20
        }
      ]
    },
    {
      "id": 133,
      "value": [
        {
          "type": "被动",
          "name": "无尽",
          "desc": "获得20%暴击效果，每2%暴击增加1%暴击效果，最多不超过50%"
        }
      ]
    },
    {
      "id": 134,
      "value": [
        {
          "type": "被动",
          "name": "强击",
          "desc": "使用技能后增加12%移速，持续2秒，并使5秒内的下次普攻额外造成(80%)物理伤害",
          "time": 3
        }
      ]
    },
    {
      "id": 135,
      "value": [
        {
          "type": "被动",
          "name": "电弧",
          "desc": "普攻额外造成40~82法术伤害，每3次普攻会释放一次连锁闪电，造成140~420法术伤害"
        }
      ]
    },
    {
      "id": 136,
      "value": [
        {
          "type": "被动",
          "name": "暴风",
          "desc": "普攻伤害提升40点，暴击后增加25%攻速和5%移速，持续3秒"
        }
      ]
    },
    {
      "id": 137,
      "value": [
        {
          "type": "被动",
          "name": "切割",
          "desc": "增加58~170物理穿透"
        },
        {
          "type": "被动",
          "name": "残废",
          "desc": "技能对首个命中的敌方英雄造成10%减速，持续3秒",
          "time": 8
        }
      ]
    },
    {
      "id": 138,
      "value": [
        {
          "type": "被动",
          "name": "破军",
          "desc": "对生命低于50%的敌人额外造成30%的伤害"
        }
      ]
    },
    {
      "id": 139,
      "value": [
        {
          "type": "被动",
          "name": "精准",
          "desc": "普攻伤害提升50点(远程英雄效果翻倍)"
        },
        {
          "type": "主动",
          "name": "逐日",
          "desc": "增加150点普攻射程和20%移速，持续5秒(增加射程效果仅远程英雄生效)",
          "time": 60
        }
      ]
    },
    {
      "id": 1310,
      "value": [
        {
          "type": "被动",
          "name": "破甲",
          "desc": "增加20%物理穿透(远程英雄效果翻倍)"
        },
        {
          "type": "被动",
          "name": "破晓",
          "desc": "普攻伤害提升50点(远程英雄效果翻倍)"
        }
      ]
    },
    {
      "id": 1311,
      "value": [
        {
          "type": "被动",
          "name": "精准",
          "desc": "普攻伤害提升50点(远程英雄效果翻倍)"
        },
        {
          "type": "被动",
          "name": "逐日",
          "desc": "增加150点普攻射程和40%移速，期间普攻会向目标附近一个目标造成30%额外伤害，持续5秒(增加射程和额外伤害效果，仅远程英雄生效)",
          "time": 60
        }
      ]
    },
    {
      "id": 1312,
      "value": [
        {
          "type": "被动",
          "name": "驱散",
          "desc": "技能对首个命中的敌方英雄造成30%减速，并使其对自己的伤害降低20%，持续3秒",
          "time": 8
        },
        {
          "type": "主动",
          "name": "残废",
          "desc": "解除所有控制，获得40%减伤，增加30%移速并无视地形阻挡，持续3秒，期间击杀敌方英雄可刷新效果持续时间",
          "time": 90
        }
      ]
    },
    {
      "id": 1313,
      "value": [
        {
          "type": "被动",
          "name": "逐风",
          "desc": "技能命中后，下三次普攻获得50%攻速",
          "time": 3
        }
      ]
    },
    {
      "id": 1314,
      "value": [
        {
          "type": "被动",
          "name": "碎甲",
          "desc": "普攻会降低目标10%物理防御，持续2秒"
        },
        {
          "type": "主动",
          "name": "破空",
          "desc": "强化下一次普攻，击退目标并额外造成(50%)物理伤害，同时自身随之后退",
          "time": 30
        }
      ]
    },
    {
      "id": 211,
      "value": []
    },
    {
      "id": 212,
      "value": []
    },
    {
      "id": 213,
      "value": []
    },
    {
      "id": 214,
      "value": []
    },
    {
      "id": 215,
      "value": []
    },
    {
      "id": 221,
      "value": []
    },
    {
      "id": 222,
      "value": [
        {
          "type": "被动",
          "name": "嗜血",
          "desc": "增加20%法术吸血"
        }
      ]
    },
    {
      "id": 223,
      "value": [
        {
          "type": "被动",
          "name": "强击",
          "desc": "使用技能后，5秒内的下次普攻额外造成(50%+30%)",
          "time": 1.2
        }
      ]
    },
    {
      "id": 224,
      "value": [
        {
          "type": "被动",
          "name": "法力波",
          "desc": "技能命中后额外造成200法术伤害",
          "time": 5
        }
      ]
    },
    {
      "id": 225,
      "value": [
        {
          "type": "被动",
          "name": "英勇奖赏",
          "desc": "英雄升级后会在3秒内回复20%最大生命与最大法力"
        }
      ]
    },
    {
      "id": 226,
      "value": []
    },
    {
      "id": 227,
      "value": [
        {
          "type": "被动",
          "name": "破法",
          "desc": "增加60法术穿透"
        }
      ]
    },
    {
      "id": 228,
      "value": [
        {
          "type": "主动",
          "name": "月之守护",
          "desc": "免疫所有效果，不能移动、攻击和使用技能，持续1.5秒",
          "time": 90
        }
      ]
    },
    {
      "id": 229,
      "value": []
    },
    {
      "id": 2210,
      "value": [
        {
          "type": "被动",
          "name": "日暮时分",
          "desc": "对英雄造成伤害会获得14~28点法术穿透，持续4秒，该效果可叠加10层"
        }
      ]
    },
    {
      "id": 2211,
      "value": [
        {
          "type": "被动",
          "name": "精准",
          "desc": "普攻伤害提升60点"
        },
        {
          "type": "被动",
          "name": "圣剑",
          "desc": "普攻命中后获得10%攻速，持续5秒，可叠加2层，叠满后普攻会额外造成(30%)法术伤害",
          "time": 0.2
        }
      ]
    },
    {
      "id": 2212,
      "value": [
        {
          "type": "被动",
          "name": "重伤",
          "desc": "普攻/技能命中敌人后降低其50%生命回复和吸血效果，持续3秒/1.5秒"
        }
      ]
    },
    {
      "id": 231,
      "value": [
        {
          "type": "被动",
          "name": "法力源泉",
          "desc": "每秒回复1%最大法力，如果法力已满，每秒回复1%最大生命"
        }
      ]
    },
    {
      "id": 232,
      "value": [
        {
          "type": "被动",
          "name": "破灭",
          "desc": "增加45%法术穿透"
        }
      ]
    },
    {
      "id": 233,
      "value": [
        {
          "type": "被动",
          "name": "毁灭",
          "desc": "增加30%法术攻击"
        }
      ]
    },
    {
      "id": 234,
      "value": [
        {
          "type": "被动",
          "name": "回响",
          "desc": "技能命中后触发范围爆炸，造成(120+40%)法术伤害",
          "time": 5
        }
      ]
    },
    {
      "id": 235,
      "value": [
        {
          "type": "被动",
          "name": "折磨",
          "desc": "技能命中后，目标在3秒内受到4次3%当前生命的法术伤害(伤害对野怪上限为200点)",
          "time": 3
        }
      ]
    },
    {
      "id": 236,
      "value": [
        {
          "type": "被动",
          "name": "强击",
          "desc": "使用技能后，5秒内的下次普攻额外造成(30%+70%)法术伤害",
          "time": 3
        }
      ]
    },
    {
      "id": 237,
      "value": [
        {
          "type": "被动",
          "name": "英勇奖赏",
          "desc": "英雄升级后会在3秒内回复20%最大生命与最大法力"
        },
        {
          "type": "被动",
          "name": "预言",
          "desc": "获得40%物理防御和法术防御，最多不超过250点"
        }
      ]
    },
    {
      "id": 238,
      "value": [
        {
          "type": "被动",
          "name": "法力折射",
          "desc": "1000范围内，距离攻击者越近，所受到的伤害越低，最多减少5%所受伤害。每100法术攻击可提升1.5%减伤比例，最多将减少比例提升至20%"
        }
      ]
    },
    {
      "id": 239,
      "value": [
        {
          "type": "被动",
          "name": "刻印",
          "desc": "每100法术攻击可提升0.8%增伤比例，最多将增伤比例提升至12%"
        }
      ]
    },
    {
      "id": 2310,
      "value": [
        {
          "type": "被动",
          "name": "嗜血",
          "desc": "增加25%法术吸血"
        }
      ]
    },
    {
      "id": 2311,
      "value": [
        {
          "type": "被动",
          "name": "凝冰",
          "desc": "技能命中目标时会减少20%移速，持续2秒"
        },
        {
          "type": "被动",
          "name": "冻伤",
          "desc": "技能对移速受损(低于初始值)的目标额外造成120~400法术伤害",
          "time": 5
        }
      ]
    },
    {
      "id": 2312,
      "value": [
        {
          "type": "主动",
          "name": "月之守护",
          "desc": "免疫所有效果，不能移动、攻击和使用技能，持续1.5秒，随后在2秒内增加60%持续衰减的移速，并累计回复(1000+100%)生命",
          "time": 90
        }
      ]
    },
    {
      "id": 311,
      "value": []
    },
    {
      "id": 312,
      "value": []
    },
    {
      "id": 313,
      "value": []
    },
    {
      "id": 314,
      "value": []
    },
    {
      "id": 321,
      "value": []
    },
    {
      "id": 322,
      "value": [
        {
          "type": "被动",
          "name": "业炎",
          "desc": "每秒对300范围内的敌人造成(1%)法术伤害，对小兵额外造成(1%)法术伤害"
        }
      ]
    },
    {
      "id": 323,
      "value": []
    },
    {
      "id": 324,
      "value": []
    },
    {
      "id": 325,
      "value": [
        {
          "type": "被动",
          "name": "寒铁",
          "desc": "受到伤害后，减少攻击者15%移速，持续3秒"
        }
      ]
    },
    {
      "id": 326,
      "value": []
    },
    {
      "id": 327,
      "value": [
        {
          "type": "被动",
          "name": "守护",
          "desc": "3秒内受到伤害超过40%最大生命时，会在接下来的3秒内累计回复(40+4%)生命",
          "time": 7
        }
      ]
    },
    {
      "id": 3212,
      "value": [
        {
          "type": "被动",
          "name": "初光",
          "desc": "使用普攻或技能对敌方英雄造成伤害时，为自身和附近生命值最低友方英雄提供(120~260+2%)护盾，持续3秒",
          "time": 10
        }
      ]
    },
    {
      "id": 328,
      "value": [
        {
          "type": "被动",
          "name": "荆棘",
          "desc": "以法术伤害的形式将收到的物理伤害的25%回敬给对方(该伤害随攻击者距离衰减，最多在距离800时衰减至70%)"
        },
        {
          "type": "被动",
          "name": "反刺",
          "desc": "2秒内受到物理伤害超过(1000+10%)最大生命时，发出刺击对400范围内的敌人造成(8%)法术伤害",
          "time": 3
        }
      ]
    },
    {
      "id": 329,
      "value": [
        {
          "type": "被动",
          "name": "狂怒",
          "desc": "普攻额外造成(4%额外)物理伤害，当自己生命低于50%时，该伤害提升100%"
        },
        {
          "type": "主动",
          "name": "血怒",
          "desc": "逐渐扣除30%当前生命，逐渐获得累计(40%)护盾，并增加80点物理攻击，持续4秒",
          "time": 60
        }
      ]
    },
    {
      "id": 3210,
      "value": [
        {
          "type": "被动",
          "name": "冰甲",
          "desc": "当自身受到除压制外的硬控后，获得(12%)护盾，持续5秒",
          "time": 15
        },
        {
          "type": "主动",
          "name": "冲击",
          "desc": "对范围450范围内敌人造成0.5秒晕眩，随后附带1秒50%减速。若目标移速或攻速受损，则眩晕时间分别延长0.25秒",
          "time": 90
        }
      ]
    },
    {
      "id": 3211,
      "value": [
        {
          "type": "",
          "name": "",
          "desc": "贤者的庇护虽已损坏，但其能量内核在原初之息的浸染下拥有了强化装备的效果(20分钟后开放购买)",
          "time": 1.2
        }
      ]
    },
    {
      "id": 331,
      "value": [
        {
          "type": "被动",
          "name": "业炎",
          "desc": "每秒对300范围内的敌人造成(2%)法术伤害，对小兵额外造成(2%)法术伤害",
          "time": 1.2
        }
      ]
    },
    {
      "id": 332,
      "value": [
        {
          "type": "被动",
          "name": "复苏",
          "desc": "脱离战斗后每秒回复3%最大生命"
        }
      ]
    },
    {
      "id": 333,
      "value": [
        {
          "type": "被动",
          "name": "寒铁",
          "desc": "受到伤害后，减少攻击者30%攻速和15%移速，持续3秒"
        }
      ]
    },
    {
      "id": 334,
      "value": [
        {
          "type": "被动",
          "name": "血统",
          "desc": "每损失10%生命，生命恢复效果增加6%"
        }
      ]
    },
    {
      "id": 335,
      "value": [
        {
          "type": "被动",
          "name": "迷雾",
          "desc": "脱战后立即获得100~1500点吸收法术伤害护盾"
        },
        {
          "type": "被动",
          "name": "御魔",
          "desc": "获得8~120点法术防御"
        }
      ]
    },
    {
      "id": 336,
      "value": [
        {
          "type": "被动",
          "name": "冰心",
          "desc": "受到单次伤害超过当前生命10%时触发寒冰冲击，对500范围内的敌人造成60~200点法术伤害，并降低其30%攻速和移速，持续2秒",
          "time": 2
        }
      ]
    },
    {
      "id": 337,
      "value": [
        {
          "type": "被动",
          "name": "复生",
          "desc": "死亡后2秒原地复活，并获得2100~3500点生命，该效果每局游戏最多触发2次",
          "time": 150
        }
      ]
    },
    {
      "id": 338,
      "value": [
        {
          "type": "被动",
          "name": "无畏",
          "desc": "每次受到伤害后，自己增加2%伤害和1%移速，持续3秒，可叠加5层"
        }
      ]
    },
    {
      "id": 339,
      "value": [
        {
          "type": "被动",
          "name": "守护",
          "desc": "3秒内受到伤害超过30%最大生命时，会在接下来的3秒内累计回复(320+8%)生命",
          "time": 7
        }
      ]
    },
    {
      "id": 3310,
      "value": [
        {
          "type": "被动",
          "name": "强击",
          "desc": "使用技能后，5秒内的下次普攻对范围内敌人额外造成140~420物理伤害，并减少30%移速(远程英雄为20%)，持续0.5秒",
          "time": 1.2
        }
      ]
    },
    {
      "id": 3311,
      "value": [
        {
          "type": "被动",
          "name": "狂怒",
          "desc": "普攻额外造成(4%额外)物理伤害，当自己生命低于50%时，该伤害提升100%"
        },
        {
          "type": "主动",
          "name": "血怒",
          "desc": "逐渐扣除30%当前生命，逐渐获得累计(50%)护盾，并增加80点物理攻击，持续4秒。在此期间对周围敌人每秒造成(8%额外)法术伤害(伤害对野怪上限为200点)",
          "time": 60
        }
      ]
    },
    {
      "id": 3312,
      "value": [
        {
          "type": "被动",
          "name": "冰甲",
          "desc": "当自身受到除压制外的硬控后，获得(12%)护盾，持续5秒",
          "time": 15
        },
        {
          "type": "主动",
          "name": "冲击",
          "desc": "对600范围内的敌人造成0.5秒冰冻，随后附带1秒90%减速。若目标移速或攻速受损，则冰冻时间分别延长0.5秒",
          "time": 90
        }
      ]
    },
    {
      "id": 411,
      "value": [
        {
          "type": "被动",
          "name": "神速",
          "desc": "获得30移速"
        }
      ]
    },
    {
      "id": 421,
      "value": [
        {
          "type": "被动",
          "name": "神速",
          "desc": "获得60移速"
        },
        {
          "type": "被动",
          "name": "防护",
          "desc": "减少15%受到的普攻伤害"
        }
      ]
    },
    {
      "id": 422,
      "value": [
        {
          "type": "被动",
          "name": "神速",
          "desc": "获得60移速"
        },
        {
          "type": "被动",
          "name": "坚韧",
          "desc": "获得35%韧性"
        }
      ]
    },
    {
      "id": 423,
      "value": [
        {
          "type": "被动",
          "name": "神速",
          "desc": "获得60移速"
        },
        {
          "type": "被动",
          "name": "静谧",
          "desc": "冷却恢复速度加快3%~10%，该效果对剩余冷却时间小于5秒的技能不生效"
        }
      ]
    },
    {
      "id": 424,
      "value": [
        {
          "type": "被动",
          "name": "神速",
          "desc": "获得60移速"
        },
        {
          "type": "被动",
          "name": "法术精通",
          "desc": "获得50~120法术穿透"
        }
      ]
    },
    {
      "id": 425,
      "value": [
        {
          "type": "被动",
          "name": "神速",
          "desc": "获得60移速"
        }
      ]
    },
    {
      "id": 426,
      "value": [
        {
          "type": "被动",
          "name": "神速",
          "desc": "获得80移速"
        },
        {
          "type": "被动",
          "name": "神行",
          "desc": "脱战后增加60移速"
        }
      ]
    },
    {
      "id": 511,
      "value": [
        {
          "type": "被动",
          "name": "狩猎",
          "desc": "增加25%对野怪的伤害，受到野怪(远古生物除外)伤害降低25%，自己击杀或700范围内友方击杀野怪时，自己会额外获得20%经验"
        },
        {
          "type": "被动",
          "name": "游击",
          "desc": "与队友分配小兵收益时，不参与分配，单独获得50%金币和经验",
          "note": "该效果在4分钟时移除，分配时若存在多个游击效果，只一人生效，游走装优先"
        }
      ]
    },
    {
      "id": 512,
      "value": [
        {
          "type": "被动",
          "name": "狩猎",
          "desc": "击杀野怪提升20%经验。普攻/技能命中后，野怪每0.5秒受到60~130点真实伤害，持续2秒，受到野怪(远古生物除外)伤害降低25%"
        },
        {
          "type": "被动",
          "name": "游击",
          "desc": "与队友分配小兵收益时，不参与分配，单独获得50%金币和经验",
          "note": "该效果在4分钟时移除，分配时若存在多个游击效果，只一人生效，游走装优先"
        }
      ]
    },
    {
      "id": 521,
      "value": [
        {
          "type": "被动",
          "name": "回响",
          "desc": "技能命中后，之后在地面留下2秒范围持续爆炸，共造成(200+10%)法术伤害",
          "time": 5
        },
        {
          "type": "被动",
          "name": "狩猎",
          "desc": "增加30%对野怪的伤害，受到野怪(远古生物除外)伤害降低25%，自己击杀或700范围内友方击杀野怪时，自己会额外获得30%经验和20%金币"
        },
        {
          "type": "被动",
          "name": "奖赏",
          "desc": "自己击杀或700范围内友方击杀野怪会增加自身6点法术攻击，可叠加20层"
        },
        {
          "type": "被动",
          "name": "游击",
          "desc": "与队友分配小兵收益时，不参与分配，单独获得50%金币和经验",
          "note": "该效果在4分钟时移除，分配时若存在多个游击效果，只一人生效，游走装优先"
        }
      ]
    },
    {
      "id": 522,
      "value": [
        {
          "type": "被动",
          "name": "狩猎",
          "desc": "增加30%对野怪的伤害(仅近战英雄生效)，受到野怪(远古生物除外)伤害降低25%，自己击杀或700范围内友方击杀野怪时，自己会额外获得30%经验和20%金币"
        },
        {
          "type": "被动",
          "name": "奖赏",
          "desc": "自己击杀或700范围内友方击杀野怪会增加自身2点物理攻击和0.5%冷却缩减，可叠加20层"
        },
        {
          "type": "被动",
          "name": "游击",
          "desc": "与队友分配小兵收益时，不参与分配，单独获得50%金币和经验",
          "note": "该效果在4分钟时移除，分配时若存在多个游击效果，只一人生效，游走装优先"
        }
      ]
    },
    {
      "id": 523,
      "value": [
        {
          "type": "被动",
          "name": "燎火",
          "desc": "技能或普攻对命中的英雄造成每秒(30+2%额外生命)法术伤害并减少其40移速，持续3秒(远程英雄伤害和减速效果减半)",
          "time": 10
        },
        {
          "type": "被动",
          "name": "狩猎",
          "desc": "击杀野怪额外获得30%经验和20%金币。普攻/技能命中后，野怪每0.5秒受到90~440点真实伤害，持续2秒，受到野怪(远古生物除外)伤害降低25%"
        },
        {
          "type": "被动",
          "name": "奖赏",
          "desc": "自己击杀或700范围内友方击杀野怪会增加自身10点最大生命，效果最多叠加20层，叠满后额外增加200点生命值"
        },
        {
          "type": "被动",
          "name": "游击",
          "desc": "与队友分配小兵收益时，不参与分配，单独获得50%金币和经验",
          "note": "该效果在4分钟时移除，分配时若存在多个游击效果，只一人生效，游走装优先"
        }
      ]
    },
    {
      "id": 524,
      "value": [
        {
          "type": "被动",
          "name": "狩猎",
          "desc": "击杀野怪额外获得30%经验和20%金币。普攻/技能命中后，野怪每0.5秒受到60~130点真实伤害(兵线受到40%的伤害，仅近战英雄生效)，持续2秒，受到野怪(远古生物除外)伤害降低25%"
        },
        {
          "type": "被动",
          "name": "奖赏",
          "desc": "普攻/技能命中敌方英雄后，每0.5秒造成一次真实伤害，持续2秒。伤害量由奖赏层数决定，每30秒叠加一层，每层可提升1点真实伤害，效果最多叠加30层"
        },
        {
          "type": "被动",
          "name": "游击",
          "desc": "与队友分配小兵收益时，不参与分配，单独获得50%金币和经验",
          "note": "该效果在4分钟时移除，分配时若存在多个游击效果，只一人生效，游走装优先"
        }
      ]
    },
    {
      "id": 531,
      "value": [
        {
          "type": "被动",
          "name": "回响",
          "desc": "技能命中后触发范围爆炸，造成(150+25%)法术伤害，之后在地面留下2秒范围持续爆炸，共造成(200+10%)法术伤害",
          "time": 5
        },
        {
          "type": "被动",
          "name": "狩猎",
          "desc": "增加30%对野怪的伤害，受到野怪(远古生物除外)伤害降低25%，自己击杀或700范围内友方击杀野怪时，自己会额外获得30%经验和20%金币"
        },
        {
          "type": "被动",
          "name": "奖赏",
          "desc": "自己击杀或700范围内友方击杀野怪会增加自身6点法术攻击，可叠加30层"
        }
      ]
    },
    {
      "id": 532,
      "value": [
        {
          "type": "被动",
          "name": "锋利",
          "desc": "增加30~100点物理穿透"
        },
        {
          "type": "被动",
          "name": "狩猎",
          "desc": "增加30%对野怪的伤害(仅近战英雄生效)，受到野怪(远古生物除外)伤害降低25%，自己击杀或700范围内友方击杀野怪时，自己会额外获得30%经验和20%金币"
        },
        {
          "type": "被动",
          "name": "奖赏",
          "desc": "自己击杀或700范围内友方击杀野怪会增加自身6点法术攻击，可叠加30层"
        }
      ]
    },
    {
      "id": 533,
      "value": [
        {
          "type": "被动",
          "name": "燎火",
          "desc": "技能或普攻对命中的英雄造成每秒(100+5%额外生命)法术伤害并减少其40移速，持续3秒(远程英雄伤害和减速效果减半)",
          "time": 10
        },
        {
          "type": "被动",
          "name": "狩猎",
          "desc": "击杀野怪额外获得30%经验和20%金币。普攻/技能命中后，野怪每0.5秒受到110~600点真实伤害，持续2秒，受到野怪(远古生物除外)伤害降低25%"
        },
        {
          "type": "被动",
          "name": "奖赏",
          "desc": "自己击杀或700范围内友方击杀野怪会增加自身20点最大生命，效果最多叠加20层，叠满后额外增加600点生命值"
        }
      ]
    },
    {
      "id": 534,
      "value": [
        {
          "type": "被动",
          "name": "狩猎",
          "desc": "击杀野怪额外获得30%经验和20%金币。普攻/技能命中后，野怪每0.5秒受到60~200点真实伤害(兵线受到40%的伤害，仅近战英雄生效)，持续2秒，受到野怪(远古生物除外)伤害降低25%"
        },
        {
          "type": "被动",
          "name": "奖赏",
          "desc": "普攻/技能命中敌方英雄后，每0.5秒造成一次真实伤害，持续2秒。伤害量由奖赏层数决定，每30秒叠加一层，每层可提升3点真实伤害，效果最多叠加30层"
        }
      ]
    },
    {
      "id": 611,
      "value": [
        {
          "type": "被动",
          "name": "游击",
          "desc": "每3秒获得5点金币和经验",
          "note": "不与队友分配野怪/小兵收益，单独获得25%-50%金币和经验(20分钟达到上限)"
        }
      ]
    },
    {
      "id": 621,
      "value": [
        {
          "type": "被动",
          "name": "守护光环",
          "desc": "增加800范围友方32-60物理防御和法术防御"
        },
        {
          "type": "被动",
          "name": "奖赏",
          "desc": "增加200-400最大生命，增加20-40主攻属性",
          "note": "(1主攻击属性=1物理攻击或2法术攻击)"
        },
        {
          "type": "被动",
          "name": "游击",
          "desc": "每3秒获得5点金币和经验",
          "note": "不与队友分配野怪/小兵收益，单独获得25%-50%金币和经验(20分钟达到上限)"
        }
      ]
    },
    {
      "id": 622,
      "value": [
        {
          "type": "被动",
          "name": "迅捷光环",
          "desc": "增加800范围友方8%攻速，8%冷却缩减和10每5秒回蓝"
        },
        {
          "type": "被动",
          "name": "奖赏",
          "desc": "增加200-400最大生命，增加20-40主攻属性",
          "note": "(1主攻击属性=1物理攻击或2法术攻击)"
        },
        {
          "type": "被动",
          "name": "游击",
          "desc": "不与队友分配野怪/小兵收益，单独获得25%-50%金币和经验(20分钟达到上限)"
        }
      ]
    },
    {
      "id": 631,
      "value": [
        {
          "type": "主动",
          "name": "救援",
          "desc": "范围内友方英雄立即获得680~1800护盾，持续4秒",
          "time": 60,
          "note": "游走装主动技能队伍共享冷却"
        },
        {
          "type": "被动",
          "name": "守护光环",
          "desc": "增加800范围友方50-120物理防御和法术防御"
        },
        {
          "type": "被动",
          "name": "奖赏",
          "desc": "增加300-600最大生命，增加32-60主攻属性",
          "note": "(1主攻击属性=1物理攻击或2法术攻击)"
        },
        {
          "type": "被动",
          "name": "游击",
          "desc": "每3秒获得6点金币和经验",
          "note": "不与队友分配野怪/小兵收益，单独获得25%-50%金币和经验(20分钟达到上限)。近卫系列游走装之间可以免费切换(300秒)"
        }
      ]
    },
    {
      "id": 632,
      "value": [
        {
          "type": "主动",
          "name": "星芒",
          "desc": "与范围内的一名友方英雄(默认为血量最低)建立链接，5秒内回复双方(500~1060+20%)生命与25%最大法力，链接超过一定范围断开，攻击或者受到敌方英雄攻击后回复效果只生效20%。每50秒储备一次[星芒]，最多可储备2次",
          "time": 5,
          "note": "游走装主动技能队伍共享冷却"
        },
        {
          "type": "被动",
          "name": "守护光环",
          "desc": "增加800范围友方50-120物理防御和法术防御"
        },
        {
          "type": "被动",
          "name": "奖赏",
          "desc": "增加300-600最大生命增加32-60主攻属性",
          "note": "(1主攻击属性=1物理攻击或2法术攻击)"
        },
        {
          "type": "被动",
          "name": "游击",
          "desc": "每3秒获得6点金币和经验",
          "note": "不与队友分配野怪/小兵收益，单独获得25%-50%金币和经验(20分钟达到上限)。近卫系列游走装之间可以免费切换(300秒)"
        }
      ]
    },
    {
      "id": 633,
      "value": [
        {
          "type": "主动",
          "name": "奔腾号令",
          "desc": "范围内友方英雄3秒内逐渐增加移速，最高增加50%~260%移速，持续5秒，途经未加速的友军英雄时会将当前状态同步给友军，攻击或受到敌方英雄攻击时失效",
          "time": 100,
          "note": "游走装主动技能队伍共享冷却"
        },
        {
          "type": "被动",
          "name": "守护光环",
          "desc": "与队友分配野怪和小兵收益时，不参与分配，单独获得30%金币和经验",
          "note": "该效果在10分钟时移除，多人出游走装时，只有经济最低的出装者生效"
        },
        {
          "type": "被动",
          "name": "奖赏",
          "desc": "增加800范围友方50-120物理防御和法术防御",
          "note": "(1主攻击属性=1物理攻击或2法术攻击)"
        },
        {
          "type": "被动",
          "name": "游击",
          "desc": "每3秒获得6点金币和经验",
          "note": "不与队友分配野怪/小兵收益，单独获得25%-50%金币和经验(20分钟达到上限)。近卫系列游走装之间可以免费切换(300秒)"
        }
      ]
    },
    {
      "id": 634,
      "value": [
        {
          "type": "主动",
          "name": "见影",
          "desc": "对1200范围内的敌方英雄2秒内造成4次伤害，每次造成当前生命6%的法术伤害并附带50%减速。该技能可暴露英雄在草丛中的视野。没有命中目标会返还70%冷却",
          "time": 60,
          "note": "游走装主动技能队伍共享冷却"
        },
        {
          "type": "被动",
          "name": "守护光环",
          "desc": "增加800范围友方50-120物理防御和法术防御"
        },
        {
          "type": "被动",
          "name": "奖赏",
          "desc": "增加300-600最大生命，增加32-60主攻属性",
          "note": "(1主攻击属性=1物理攻击或2法术攻击)"
        },
        {
          "type": "被动",
          "name": "游击",
          "desc": "每3秒获得6点金币和经验",
          "note": "不与队友分配野怪/小兵收益，单独获得25%-50%金币和经验(20分钟达到上限)。近卫系列游走装之间可以免费切换(300秒)"
        }
      ]
    },
    {
      "id": 635,
      "value": [
        {
          "type": "主动",
          "name": "救援",
          "desc": "范围内友方英雄立即获得680~1800护盾，持续4秒",
          "time": 60,
          "note": "游走装主动技能队伍共享冷却"
        },
        {
          "type": "被动",
          "name": "迅捷光环",
          "desc": "增加800范围友方15%攻速，15%冷却缩减和20每5秒回蓝"
        },
        {
          "type": "被动",
          "name": "奖赏",
          "desc": "增加300-600最大生命，增加32-60主攻属性",
          "note": "(1主攻击属性=1物理攻击或2法术攻击)"
        },
        {
          "type": "被动",
          "name": "游击",
          "desc": "每3秒获得6点金币和经验",
          "note": "不与队友分配野怪/小兵收益，单独获得25%-50%金币和经验(20分钟达到上限)。极影系列游走装之间可以免费切换(300秒)"
        }
      ]
    },
    {
      "id": 636,
      "value": [
        {
          "type": "主动",
          "name": "星芒",
          "desc": "与范围内的一名友方英雄(默认为血量最低)建立链接，5秒内回复双方(500~1060+20%)生命与25%最大法力，链接超过一定范围断开，攻击或者受到敌方英雄攻击时恢复效果只生效20%。每50秒储备一次[星芒]，最多可储备2次",
          "time": 5,
          "note": "游走装主动技能队伍共享冷却"
        },
        {
          "type": "被动",
          "name": "迅捷光环",
          "desc": "增加800范围友方15%攻速，15%冷却缩减和20每5秒回蓝"
        },
        {
          "type": "被动",
          "name": "奖赏",
          "desc": "增加300-600最大生命，增加32-60主攻属性",
          "note": "(1主攻击属性=1物理攻击或2法术攻击)"
        },
        {
          "type": "被动",
          "name": "游击",
          "desc": "每3秒获得6点金币和经验",
          "note": "不与队友分配野怪/小兵收益，单独获得25%-50%金币和经验(20分钟达到上限)。极影系列游走装之间可以免费切换(300秒)"
        }
      ]
    },
    {
      "id": 637,
      "value": [
        {
          "type": "主动",
          "name": "奔腾号令",
          "desc": "范围内友方英雄3秒内逐渐增加移速，最高增加50%~260%移速，持续5秒，途经未加速的友军英雄时会将当前状态同步给友军，攻击或受到敌方英雄攻击时失效",
          "time": 100,
          "note": "游走装主动技能队伍共享冷却"
        },
        {
          "type": "被动",
          "name": "迅捷光环",
          "desc": "增加800范围友方15%攻速，15%冷却缩减和20每5秒回蓝"
        },
        {
          "type": "被动",
          "name": "奖赏",
          "desc": "增加300-600最大生命，增加32-60主攻属性",
          "note": "(1主攻击属性=1物理攻击或2法术攻击)"
        },
        {
          "type": "被动",
          "name": "游击",
          "desc": "每3秒获得6点金币和经验",
          "note": "不与队友分配野怪/小兵收益，单独获得25%-50%金币和经验(20分钟达到上限)。极影系列游走装之间可以免费切换(300秒)"
        }
      ]
    },
    {
      "id": 638,
      "value": [
        {
          "type": "主动",
          "name": "见影",
          "desc": "对1200范围内的敌方英雄2秒内造成4次伤害，每次造成当前生命6%的法术伤害并附带50%减速。该技能可暴露英雄在草丛中的视野。没有命中目标会返还70%冷却",
          "time": 60,
          "note": "游走装主动技能队伍共享冷却"
        },
        {
          "type": "被动",
          "name": "迅捷光环",
          "desc": "增加800范围友方15%攻速，15%冷却缩减和20每5秒回蓝"
        },
        {
          "type": "被动",
          "name": "奖赏",
          "desc": "增加300-600最大生命，增加32-60主攻属性",
          "note": "(1主攻击属性=1物理攻击或2法术攻击)"
        },
        {
          "type": "被动",
          "name": "游击",
          "desc": "每3秒获得6点金币和经验",
          "note": "不与队友分配野怪/小兵收益，单独获得25%-50%金币和经验(20分钟达到上限)。极影系列游走装之间可以免费切换(300秒)"
        }
      ]
    }
  ]
}
