{
  "data": [
    {
      "id": 111,
      "value": ""
    },
    {
      "id": 112,
      "value": ""
    },
    {
      "id": 113,
      "value": ""
    },
    {
      "id": 114,
      "value": ""
    },
    {
      "id": 115,
      "value": ""
    },
    {
      "id": 116,
      "value": ""
    },
    {
      "id": 117,
      "value": ""
    },
    {
      "id": 121,
      "value": ""
    },
    {
      "id": 122,
      "value": ""
    },
    {
      "id": 123,
      "value": ""
    },
    {
      "id": 124,
      "value": ""
    },
    {
      "id": 125,
      "value": ""
    },
    {
      "id": 126,
      "value": ""
    },
    {
      "id": 127,
      "value": "远程打坦克用"
    },
    {
      "id": 128,
      "value": "保命"
    },
    {
      "id": 129,
      "value": "打坦克用"
    },
    {
      "id": 1210,
      "value": "增加法术防御"
    },
    {
      "id": 1211,
      "value": ""
    },
    {
      "id": 1212,
      "value": ""
    },
    {
      "id": 1213,
      "value": "暂时增加免伤"
    },
    {
      "id": 131,
      "value": "普攻额外伤害"
    },
    {
      "id": 132,
      "value": "物理吸血"
    },
    {
      "id": 133,
      "value": "高额暴击伤害"
    },
    {
      "id": 134,
      "value": "强化普攻"
    },
    {
      "id": 135,
      "value": "普攻附带闪电"
    },
    {
      "id": 136,
      "value": "暴击增加移速"
    },
    {
      "id": 137,
      "value": "打脆皮用"
    },
    {
      "id": 138,
      "value": "高额攻击"
    },
    {
      "id": 139,
      "value": "攻击距离变远"
    },
    {
      "id": 1310,
      "value": "射手神装"
    },
    {
      "id": 1311,
      "value": "攻击距离变远"
    },
    {
      "id": 1312,
      "value": "暂时增加免伤"
    },
    {
      "id": 1313,
      "value": "爆发攻速"
    },
    {
      "id": 1314,
      "value": "普攻击退目标"
    },
    {
      "id": 211,
      "value": ""
    },
    {
      "id": 212,
      "value": ""
    },
    {
      "id": 213,
      "value": ""
    },
    {
      "id": 214,
      "value": ""
    },
    {
      "id": 215,
      "value": ""
    },
    {
      "id": 221,
      "value": ""
    },
    {
      "id": 222,
      "value": ""
    },
    {
      "id": 223,
      "value": ""
    },
    {
      "id": 224,
      "value": ""
    },
    {
      "id": 225,
      "value": ""
    },
    {
      "id": 226,
      "value": ""
    },
    {
      "id": 227,
      "value": ""
    },
    {
      "id": 228,
      "value": "暂时无敌"
    },
    {
      "id": 229,
      "value": "残血增加护盾"
    },
    {
      "id": 2210,
      "value": "提升法术穿透"
    },
    {
      "id": 2211,
      "value": "持续强化普攻"
    },
    {
      "id": 2212,
      "value": "减少敌人回血"
    },
    {
      "id": 231,
      "value": "快速回蓝回血"
    },
    {
      "id": 232,
      "value": "打坦克用"
    },
    {
      "id": 233,
      "value": "大幅提升法强"
    },
    {
      "id": 234,
      "value": "技能命中爆炸"
    },
    {
      "id": 235,
      "value": "技能额外伤害"
    },
    {
      "id": 236,
      "value": "强化普攻"
    },
    {
      "id": 237,
      "value": "攻防兼备"
    },
    {
      "id": 238,
      "value": "降低近距离伤害"
    },
    {
      "id": 239,
      "value": "法师神装"
    },
    {
      "id": 2310,
      "value": "法术吸血"
    },
    {
      "id": 2311,
      "value": "技能命中减速"
    },
    {
      "id": 2312,
      "value": "暂时无敌"
    },
    {
      "id": 311,
      "value": ""
    },
    {
      "id": 312,
      "value": ""
    },
    {
      "id": 313,
      "value": ""
    },
    {
      "id": 314,
      "value": ""
    },
    {
      "id": 321,
      "value": ""
    },
    {
      "id": 322,
      "value": ""
    },
    {
      "id": 323,
      "value": ""
    },
    {
      "id": 324,
      "value": ""
    },
    {
      "id": 325,
      "value": "受击减速敌人"
    },
    {
      "id": 326,
      "value": "攻防兼备"
    },
    {
      "id": 327,
      "value": "对抗爆发伤害"
    },
    {
      "id": 3212,
      "value": "伤害敌人时获得护盾"
    },
    {
      "id": 328,
      "value": "反弹物理伤害"
    },
    {
      "id": 329,
      "value": "暂时获得攻击和护盾"
    },
    {
      "id": 3210,
      "value": "群体控制"
    },
    {
      "id": 3211,
      "value": "装备进化"
    },
    {
      "id": 331,
      "value": "灼烧周围敌人"
    },
    {
      "id": 332,
      "value": "脱战快速回血"
    },
    {
      "id": 333,
      "value": "受击减速敌人"
    },
    {
      "id": 334,
      "value": "增加回血效果"
    },
    {
      "id": 335,
      "value": "吸收法术伤害"
    },
    {
      "id": 336,
      "value": "群体伤害减速"
    },
    {
      "id": 337,
      "value": "原地复活"
    },
    {
      "id": 338,
      "value": "能扛能打"
    },
    {
      "id": 339,
      "value": "对抗爆发伤害"
    },
    {
      "id": 3310,
      "value": "强化普攻减速"
    },
    {
      "id": 3311,
      "value": "暂时获得攻击和护盾"
    },
    {
      "id": 3312,
      "value": "群体控制"
    },
    {
      "id": 411,
      "value": ""
    },
    {
      "id": 421,
      "value": "减少普攻伤害"
    },
    {
      "id": 422,
      "value": "减少被控时长"
    },
    {
      "id": 423,
      "value": "加快技能冷却"
    },
    {
      "id": 424,
      "value": "法术穿透"
    },
    {
      "id": 425,
      "value": "增加攻速"
    },
    {
      "id": 426,
      "value": "脱战后加移速"
    },
    {
      "id": 511,
      "value": "加快打野速度"
    },
    {
      "id": 512,
      "value": "加快打野速度"
    },
    {
      "id": 521,
      "value": "打野怪加法强"
    },
    {
      "id": 522,
      "value": "打野怪加攻击"
    },
    {
      "id": 523,
      "value": "打野怪加生命"
    },
    {
      "id": 524,
      "value": "真实伤害灼烧"
    },
    {
      "id": 531,
      "value": "打野怪加法强"
    },
    {
      "id": 532,
      "value": "打野怪加攻击"
    },
    {
      "id": 533,
      "value": "打野怪加生命"
    },
    {
      "id": 534,
      "value": "真实伤害灼烧"
    },
    {
      "id": 611,
      "value": "额外金币经验"
    },
    {
      "id": 621,
      "value": "光环加生存"
    },
    {
      "id": 622,
      "value": "光环加输出"
    },
    {
      "id": 631,
      "value": "群体护盾"
    },
    {
      "id": 632,
      "value": "为队友回复状态"
    },
    {
      "id": 633,
      "value": "群体加速"
    },
    {
      "id": 634,
      "value": "范围伤害和视野"
    },
    {
      "id": 635,
      "value": "群体护盾"
    },
    {
      "id": 636,
      "value": "为队友回复状态"
    },
    {
      "id": 637,
      "value": "群体加速"
    },
    {
      "id": 638,
      "value": "范围伤害和视野"
    }
  ]
}
