{
  "data": [
    {
      "id": 107,
      "value": [1071, 1072, 1073, 1074, 1075, 1076, 1077, 1078, 1079, 10710]
    },
    {
      "id": 109,
      "value": [1091, 1092, 1093, 1094, 1095, 1096, 1097, 1098, 1099, 10910]
    },
    {
      "id": 115,
      "value": [1151, 1152, 1153, 1154, 1155]
    },
    {
      "id": 120,
      "value": [1201, 1202, 1203, 1204, 1205]
    },
    {
      "id": 136,
      "value": [1361, 1362, 1363, 1364]
    },
    {
      "id": 146,
      "value": [1461, 1462, 1463, 1464, 1465, 1466, 1467]
    },
    {
      "id": 105,
      "value": [1051, 1052, 1053, 1054]
    },
    {
      "id": 110,
      "value": [1101, 1102, 1103, 1104]
    },
    {
      "id": 116,
      "value": [1161, 1162, 1163, 1164, 1165]
    },
    {
      "id": 127,
      "value": [1271, 1272, 1273, 1274, 1275, 1276, 1277]
    },
    {
      "id": 139,
      "value": [1391, 1392, 1393, 1394, 1395]
    },
    {
      "id": 148,
      "value": [1481, 1482, 1483, 1484]
    },
    {
      "id": 106,
      "value": [1061, 1062, 1063, 1064, 1065, 1066, 1067, 1068, 1069]
    },
    {
      "id": 112,
      "value": [1121, 1122, 1123, 1124, 1125, 1126, 1127, 1128, 1129, 11210]
    },
    {
      "id": 117,
      "value": [1171, 1172, 1173, 1174, 1175, 1176]
    },
    {
      "id": 133,
      "value": [1331, 1332, 1333, 1334, 1335, 1336, 1337]
    },
    {
      "id": 156,
      "value": [1561, 1562, 1563, 1564, 1565, 1566, 1567]
    },
    {
      "id": 108,
      "value": [1081, 1082, 1083, 1084, 1085, 1086]
    },
    {
      "id": 113,
      "value": [1131, 1132, 1133, 1134, 1135, 1136, 1137]
    },
    {
      "id": 118,
      "value": [1181, 1182, 1183, 1184, 1185, 1186, 1187]
    },
    {
      "id": 129,
      "value": [1291, 1292, 1293, 1294, 1295, 1296]
    },
    {
      "id": 134,
      "value": [1341, 1342, 1343, 1344, 1345]
    },
    {
      "id": 150,
      "value": [1501, 1502, 1503, 1504, 1505, 1506, 1507, 1508]
    },
    {
      "id": 166,
      "value": [1661, 1662, 1663, 1664, 1665, 1666]
    },
    {
      "id": 111,
      "value": [1111, 1112, 1113, 1114, 1115, 1116, 1117, 1118, 1119, 11110]
    },
    {
      "id": 114,
      "value": [1141, 1142, 1143, 1144, 1145, 1146]
    },
    {
      "id": 119,
      "value": [1191, 1192, 1193, 1194, 1195]
    },
    {
      "id": 130,
      "value": [1301, 1302, 1303, 1304, 1305, 1306]
    },
    {
      "id": 135,
      "value": [1351, 1352, 1353, 1354, 1355, 1356, 1357, 1358]
    },
    {
      "id": 144,
      "value": [1441, 1442, 1443, 1444, 1445, 1446, 1447, 1448, 1449]
    },
    {
      "id": 152,
      "value": [1521, 1522, 1523, 1524, 1525, 1526, 1527]
    },
    {
      "id": 142,
      "value": [1421, 1422, 1423, 1424, 1425, 1426, 1427]
    },
    {
      "id": 128,
      "value": [1281, 1282, 1283, 1284, 1285, 1286]
    },
    {
      "id": 124,
      "value": [1241, 1242, 1243, 1244, 1245, 1246]
    },
    {
      "id": 168,
      "value": [1681, 1682, 1683, 1684]
    },
    {
      "id": 167,
      "value": [1671, 1672, 1673, 1674, 1675, 1676, 1677, 1678, 1679]
    },
    {
      "id": 121,
      "value": [1211, 1212, 1213, 1214, 1215, 1216]
    },
    {
      "id": 141,
      "value": [1411, 1412, 1413, 1414, 1415, 1416, 1417, 1418, 1419, 14110]
    },
    {
      "id": 123,
      "value": [1231, 1232, 1233, 1234, 1235, 1236, 1237, 1238, 1239]
    },
    {
      "id": 154,
      "value": [1541, 1542, 1543, 1544, 1545, 1546, 1547, 1548, 1549]
    },
    {
      "id": 169,
      "value": [1691, 1692, 1693, 1694, 1695, 1696, 1697, 1698]
    },
    {
      "id": 171,
      "value": [1711, 1712, 1713, 1714]
    },
    {
      "id": 170,
      "value": [1701, 1702, 1703, 1704, 1705, 1706, 1707]
    },
    {
      "id": 153,
      "value": [1531, 1532, 1533, 1534, 1535, 1536]
    },
    {
      "id": 162,
      "value": [1621, 1622]
    },
    {
      "id": 131,
      "value": [1311, 1312, 1313, 1314, 1315, 1316, 1317]
    },
    {
      "id": 175,
      "value": [1751, 1752, 1753, 1754]
    },
    {
      "id": 173,
      "value": [1731, 1732, 1733, 1734, 1735, 1736, 1737, 1738, 1739]
    },
    {
      "id": 149,
      "value": [1491, 1492, 1493, 1494, 1495]
    },
    {
      "id": 157,
      "value": [1571, 1572, 1573]
    },
    {
      "id": 174,
      "value": [1741, 1742, 1743, 1744, 1745, 1746, 1747, 1748]
    },
    {
      "id": 140,
      "value": [1401, 1402, 1403, 1404, 1405, 1406]
    },
    {
      "id": 184,
      "value": [1841, 1842, 1843, 1844, 1845, 1846, 1847]
    },
    {
      "id": 126,
      "value": [1261, 1262, 1263, 1264, 1265, 1266]
    },
    {
      "id": 183,
      "value": [1831, 1832, 1833, 1834, 1835]
    },
    {
      "id": 132,
      "value": [1321, 1322, 1323, 1324, 1325, 1326, 1327]
    },
    {
      "id": 163,
      "value": [1631, 1632]
    },
    {
      "id": 177,
      "value": [1771]
    },
    {
      "id": 178,
      "value": [1781, 1782, 1783, 1784, 1785, 1786]
    },
    {
      "id": 186,
      "value": [1861, 1862, 1863, 1864]
    },
    {
      "id": 180,
      "value": [1801, 1802, 1803, 1804, 1805]
    },
    {
      "id": 190,
      "value": [1901, 1902, 1903, 1904, 1905, 1906, 1907]
    },
    {
      "id": 192,
      "value": [1921, 1922, 1923, 1924]
    },
    {
      "id": 191,
      "value": [1911, 1912, 1913, 1914, 1915, 1916, 1917, 1918, 1919]
    },
    {
      "id": 187,
      "value": [1871, 1872, 1873]
    },
    {
      "id": 182,
      "value": [1821, 1822, 1823, 1824, 1825, 1826]
    },
    {
      "id": 189,
      "value": [1891, 1892, 1893, 1894, 1895]
    },
    {
      "id": 193,
      "value": [1931, 1932, 1933, 1934, 1935, 1936, 1937]
    },
    {
      "id": 196,
      "value": [1961, 1962, 1963, 1964, 1965]
    },
    {
      "id": 195,
      "value": [1951, 1952, 1953, 1954, 1955]
    },
    {
      "id": 194,
      "value": [1941, 1942, 1943, 1944]
    },
    {
      "id": 198,
      "value": [1981, 1982, 1983, 1984]
    },
    {
      "id": 179,
      "value": [1791, 1792, 1793]
    },
    {
      "id": 501,
      "value": [5011, 5012, 5013, 5014, 5015]
    },
    {
      "id": 199,
      "value": [1991, 1992, 1993, 1994, 1995, 1996, 1997]
    },
    {
      "id": 176,
      "value": [1761, 1762, 1763, 1764]
    },
    {
      "id": 502,
      "value": [5021, 5022, 5023, 5024, 5025, 5026]
    },
    {
      "id": 197,
      "value": [1971, 1972, 1973]
    },
    {
      "id": 503,
      "value": [5031, 5032, 5033, 5034]
    },
    {
      "id": 504,
      "value": [5041, 5042, 5043, 5044, 5045]
    },
    {
      "id": 125,
      "value": [1251, 1252, 1253]
    },
    {
      "id": 510,
      "value": [5101, 5102, 5103, 5104, 5105]
    },
    {
      "id": 137,
      "value": [1371, 1372]
    },
    {
      "id": 509,
      "value": [5091, 5092, 5093, 5094]
    },
    {
      "id": 508,
      "value": [5081, 5082, 5083, 5084, 5085, 5086]
    },
    {
      "id": 312,
      "value": [3121, 3122, 3123, 3124, 3125, 3126, 3127]
    },
    {
      "id": 507,
      "value": [5071, 5072, 5073]
    },
    {
      "id": 513,
      "value": [5131, 5132, 5133, 5134, 5135, 5136]
    },
    {
      "id": 515,
      "value": [5151, 5152, 5153, 5154, 5155]
    },
    {
      "id": 511,
      "value": [5111, 5112, 5113, 5114]
    },
    {
      "id": 529,
      "value": [5291, 5292, 5293, 5294]
    },
    {
      "id": 505,
      "value": [5051, 5052, 5053, 5054, 5055]
    },
    {
      "id": 506,
      "value": [5061, 5062, 5063, 5064]
    },
    {
      "id": 522,
      "value": [5221, 5222, 5223, 5224]
    },
    {
      "id": 518,
      "value": [5181, 5182, 5183, 5184]
    },
    {
      "id": 523,
      "value": [5231, 5232, 5233, 5234, 5235]
    },
    {
      "id": 525,
      "value": [5251, 5252, 5253, 5254]
    },
    {
      "id": 524,
      "value": [5241, 5242, 5243, 5244, 5245, 5246]
    },
    {
      "id": 531,
      "value": [5311, 5312, 5313, 5314, 5315, 5316]
    },
    {
      "id": 527,
      "value": [5271, 5272, 5273]
    },
    {
      "id": 533,
      "value": [5331, 5332, 5333]
    },
    {
      "id": 536,
      "value": [5361, 5362]
    },
    {
      "id": 528,
      "value": [5281, 5282, 5283, 5284]
    },
    {
      "id": 537,
      "value": [5371, 5372]
    },
    {
      "id": 155,
      "value": [1551, 1552, 1553, 1554]
    },
    {
      "id": 538,
      "value": [5381, 5382]
    },
    {
      "id": 540,
      "value": [5401, 5402]
    },
    {
      "id": 542,
      "value": [5421, 5422, 5423]
    },
    {
      "id": 534,
      "value": [5341, 5342, 5343]
    },
    {
      "id": 548,
      "value": [5481, 5482]
    },
    {
      "id": 521,
      "value": [5211, 5212, 5213, 5214]
    },
    {
      "id": 544,
      "value": [5441, 5442]
    },
    {
      "id": 545,
      "value": [5451, 5452]
    },
    {
      "id": 564,
      "value": [5641, 5642]
    },
    {
      "id": 514,
      "value": [5141, 5142]
    },
    {
      "id": 159,
      "value": [1591, 1592]
    },
    {
      "id": 563,
      "value": [5631, 5632]
    },
    {
      "id": 519,
      "value": []
    },
    {
      "id": 517,
      "value": [5171, 5172]
    },
    {
      "id": 577,
      "value": [5771]
    }
  ]
}
