{
  "data": [
    {
      "id": 107,
      "value": "赵云"
    },
    {
      "id": 109,
      "value": "妲己"
    },
    {
      "id": 115,
      "value": "高渐离"
    },
    {
      "id": 120,
      "value": "白起"
    },
    {
      "id": 136,
      "value": "武则天"
    },
    {
      "id": 146,
      "value": "露娜"
    },
    {
      "id": 105,
      "value": "廉颇"
    },
    {
      "id": 110,
      "value": "嬴政"
    },
    {
      "id": 116,
      "value": "阿轲"
    },
    {
      "id": 127,
      "value": "甄姬"
    },
    {
      "id": 139,
      "value": "老夫子"
    },
    {
      "id": 148,
      "value": "姜子牙"
    },
    {
      "id": 106,
      "value": "小乔"
    },
    {
      "id": 112,
      "value": "鲁班七号"
    },
    {
      "id": 117,
      "value": "钟无艳"
    },
    {
      "id": 133,
      "value": "狄仁杰"
    },
    {
      "id": 156,
      "value": "张良"
    },
    {
      "id": 108,
      "value": "墨子"
    },
    {
      "id": 113,
      "value": "庄周"
    },
    {
      "id": 118,
      "value": "孙膑"
    },
    {
      "id": 129,
      "value": "典韦"
    },
    {
      "id": 134,
      "value": "达摩"
    },
    {
      "id": 150,
      "value": "韩信"
    },
    {
      "id": 166,
      "value": "亚瑟"
    },
    {
      "id": 111,
      "value": "孙尚香"
    },
    {
      "id": 114,
      "value": "刘禅"
    },
    {
      "id": 119,
      "value": "扁鹊"
    },
    {
      "id": 130,
      "value": "宫本武藏"
    },
    {
      "id": 135,
      "value": "项羽"
    },
    {
      "id": 144,
      "value": "程咬金"
    },
    {
      "id": 152,
      "value": "王昭君"
    },
    {
      "id": 142,
      "value": "安琪拉"
    },
    {
      "id": 128,
      "value": "曹操"
    },
    {
      "id": 124,
      "value": "周瑜"
    },
    {
      "id": 168,
      "value": "牛魔"
    },
    {
      "id": 167,
      "value": "孙悟空"
    },
    {
      "id": 121,
      "value": "芈月"
    },
    {
      "id": 141,
      "value": "貂蝉"
    },
    {
      "id": 123,
      "value": "吕布"
    },
    {
      "id": 154,
      "value": "花木兰"
    },
    {
      "id": 169,
      "value": "后羿"
    },
    {
      "id": 171,
      "value": "张飞"
    },
    {
      "id": 170,
      "value": "刘备"
    },
    {
      "id": 153,
      "value": "兰陵王"
    },
    {
      "id": 162,
      "value": "娜可露露"
    },
    {
      "id": 131,
      "value": "李白"
    },
    {
      "id": 175,
      "value": "钟馗"
    },
    {
      "id": 173,
      "value": "李元芳"
    },
    {
      "id": 149,
      "value": "刘邦"
    },
    {
      "id": 157,
      "value": "不知火舞"
    },
    {
      "id": 174,
      "value": "虞姬"
    },
    {
      "id": 140,
      "value": "关羽"
    },
    {
      "id": 184,
      "value": "蔡文姬"
    },
    {
      "id": 126,
      "value": "夏侯惇"
    },
    {
      "id": 183,
      "value": "雅典娜"
    },
    {
      "id": 132,
      "value": "马可波罗"
    },
    {
      "id": 163,
      "value": "橘右京"
    },
    {
      "id": 177,
      "value": "成吉思汗"
    },
    {
      "id": 178,
      "value": "杨戬"
    },
    {
      "id": 186,
      "value": "太乙真人"
    },
    {
      "id": 180,
      "value": "哪吒"
    },
    {
      "id": 190,
      "value": "诸葛亮"
    },
    {
      "id": 192,
      "value": "黄忠"
    },
    {
      "id": 191,
      "value": "大乔"
    },
    {
      "id": 187,
      "value": "东皇太一"
    },
    {
      "id": 182,
      "value": "干将莫邪"
    },
    {
      "id": 189,
      "value": "鬼谷子"
    },
    {
      "id": 193,
      "value": "铠"
    },
    {
      "id": 196,
      "value": "百里守约"
    },
    {
      "id": 195,
      "value": "百里玄策"
    },
    {
      "id": 194,
      "value": "苏烈"
    },
    {
      "id": 198,
      "value": "梦奇"
    },
    {
      "id": 179,
      "value": "女娲"
    },
    {
      "id": 501,
      "value": "明世隐"
    },
    {
      "id": 199,
      "value": "公孙离"
    },
    {
      "id": 176,
      "value": "杨玉环"
    },
    {
      "id": 502,
      "value": "裴擒虎"
    },
    {
      "id": 197,
      "value": "弈星"
    },
    {
      "id": 503,
      "value": "狂铁"
    },
    {
      "id": 504,
      "value": "米莱狄"
    },
    {
      "id": 125,
      "value": "元歌"
    },
    {
      "id": 510,
      "value": "孙策"
    },
    {
      "id": 137,
      "value": "司马懿"
    },
    {
      "id": 509,
      "value": "盾山"
    },
    {
      "id": 508,
      "value": "伽罗"
    },
    {
      "id": 312,
      "value": "沈梦溪"
    },
    {
      "id": 507,
      "value": "李信"
    },
    {
      "id": 513,
      "value": "上官婉儿"
    },
    {
      "id": 515,
      "value": "嫦娥"
    },
    {
      "id": 511,
      "value": "猪八戒"
    },
    {
      "id": 529,
      "value": "盘古"
    },
    {
      "id": 505,
      "value": "瑶"
    },
    {
      "id": 506,
      "value": "云中君"
    },
    {
      "id": 522,
      "value": "曜"
    },
    {
      "id": 518,
      "value": "马超"
    },
    {
      "id": 523,
      "value": "西施"
    },
    {
      "id": 525,
      "value": "鲁班大师"
    },
    {
      "id": 524,
      "value": "蒙犽"
    },
    {
      "id": 531,
      "value": "镜"
    },
    {
      "id": 527,
      "value": "蒙恬"
    },
    {
      "id": 533,
      "value": "阿古朵"
    },
    {
      "id": 536,
      "value": "夏洛特"
    },
    {
      "id": 528,
      "value": "澜"
    },
    {
      "id": 537,
      "value": "司空震"
    },
    {
      "id": 155,
      "value": "艾琳"
    },
    {
      "id": 538,
      "value": "云缨"
    },
    {
      "id": 540,
      "value": "金蝉"
    },
    {
      "id": 542,
      "value": "暃"
    },
    {
      "id": 534,
      "value": "桑启"
    },
    {
      "id": 548,
      "value": "戈娅"
    },
    {
      "id": 521,
      "value": "海月"
    },
    {
      "id": 544,
      "value": "赵怀真"
    },
    {
      "id": 545,
      "value": "莱西奥"
    },
    {
      "id": 564,
      "value": "姬小满"
    },
    {
      "id": 514,
      "value": "亚连"
    },
    {
      "id": 159,
      "value": "朵莉亚"
    },
    {
      "id": 563,
      "value": "海诺"
    },
    {
      "id": 519,
      "value": "敖隐"
    },
    {
      "id": 517,
      "value": "大司命"
    },
    {
      "id": 577,
      "value": "少司缘"
    }
  ]
}
