{
  "data": [
    {
      "id": 107,
      "value": ["突进"]
    },
    {
      "id": 109,
      "value": ["爆发", "先手"]
    },
    {
      "id": 115,
      "value": ["持续输出", "减伤"]
    },
    {
      "id": 120,
      "value": ["团控"]
    },
    {
      "id": 136,
      "value": ["控制", "全图支援"]
    },
    {
      "id": 146,
      "value": ["突进", "收割"]
    },
    {
      "id": 105,
      "value": ["团控", "先手"]
    },
    {
      "id": 110,
      "value": ["消耗", "加速"]
    },
    {
      "id": 116,
      "value": ["突进", "收割"]
    },
    {
      "id": 127,
      "value": ["控制", "冰冻"]
    },
    {
      "id": 139,
      "value": ["突进"]
    },
    {
      "id": 148,
      "value": ["消耗", "团队增益"]
    },
    {
      "id": 106,
      "value": ["消耗", "群伤"]
    },
    {
      "id": 112,
      "value": ["远程消耗"]
    },
    {
      "id": 117,
      "value": ["团控", "突进"]
    },
    {
      "id": 133,
      "value": ["无"]
    },
    {
      "id": 156,
      "value": ["控制", "先手"]
    },
    {
      "id": 108,
      "value": ["控制", "护盾"]
    },
    {
      "id": 113,
      "value": ["团队增益"]
    },
    {
      "id": 118,
      "value": ["团控", "团队增益"]
    },
    {
      "id": 129,
      "value": ["收割"]
    },
    {
      "id": 134,
      "value": ["突进", "团控"]
    },
    {
      "id": 150,
      "value": ["突进"]
    },
    {
      "id": 166,
      "value": ["无"]
    },
    {
      "id": 111,
      "value": ["突进", "收割"]
    },
    {
      "id": 114,
      "value": ["推进", "团控"]
    },
    {
      "id": 119,
      "value": ["持续输出", "治疗"]
    },
    {
      "id": 130,
      "value": ["突进", "收割"]
    },
    {
      "id": 135,
      "value": ["团控", "承伤"]
    },
    {
      "id": 144,
      "value": ["单带", "回复"]
    },
    {
      "id": 152,
      "value": ["控制", "冰冻"]
    },
    {
      "id": 142,
      "value": ["爆发", "护盾"]
    },
    {
      "id": 128,
      "value": ["吸血"]
    },
    {
      "id": 124,
      "value": ["持续输出", "推进"]
    },
    {
      "id": 168,
      "value": ["团控", "团队增益"]
    },
    {
      "id": 167,
      "value": ["突进", "团控"]
    },
    {
      "id": 121,
      "value": ["持续输出", "回复"]
    },
    {
      "id": 141,
      "value": ["持续输出", "真伤"]
    },
    {
      "id": 123,
      "value": ["收割"]
    },
    {
      "id": 154,
      "value": ["突进", "收割"]
    },
    {
      "id": 169,
      "value": ["团控", "先手"]
    },
    {
      "id": 171,
      "value": ["团控", "团队增益"]
    },
    {
      "id": 170,
      "value": ["突进", "收割"]
    },
    {
      "id": 153,
      "value": ["突进", "收割"]
    },
    {
      "id": 162,
      "value": ["突进"]
    },
    {
      "id": 131,
      "value": ["突进", "收割"]
    },
    {
      "id": 175,
      "value": ["控制", "先手"]
    },
    {
      "id": 173,
      "value": ["突进", "收割"]
    },
    {
      "id": 149,
      "value": ["支援"]
    },
    {
      "id": 157,
      "value": ["爆发", "突进"]
    },
    {
      "id": 174,
      "value": ["突进", "远程消耗"]
    },
    {
      "id": 140,
      "value": ["突进", "先手"]
    },
    {
      "id": 184,
      "value": ["团队增益", "回复"]
    },
    {
      "id": 126,
      "value": ["突进", "团控"]
    },
    {
      "id": 183,
      "value": ["突进"]
    },
    {
      "id": 132,
      "value": ["远程消耗"]
    },
    {
      "id": 163,
      "value": ["突进", "回复"]
    },
    {
      "id": 177,
      "value": ["先手", "收割"]
    },
    {
      "id": 178,
      "value": ["突进", "收割"]
    },
    {
      "id": 186,
      "value": ["团队增益"]
    },
    {
      "id": 180,
      "value": ["突进", "吸收伤害"]
    },
    {
      "id": 190,
      "value": ["爆发", "收割"]
    },
    {
      "id": 192,
      "value": ["收割", "远程消耗"]
    },
    {
      "id": 191,
      "value": ["团队增益"]
    },
    {
      "id": 187,
      "value": ["回复", "持续控制"]
    },
    {
      "id": 182,
      "value": ["爆发", "超远视距"]
    },
    {
      "id": 189,
      "value": ["团控"]
    },
    {
      "id": 193,
      "value": ["无"]
    },
    {
      "id": 196,
      "value": ["远程消耗"]
    },
    {
      "id": 195,
      "value": ["突进", "收割"]
    },
    {
      "id": 194,
      "value": ["团控", "先手"]
    },
    {
      "id": 198,
      "value": ["单带", "突进"]
    },
    {
      "id": 179,
      "value": ["消耗", "传送"]
    },
    {
      "id": 501,
      "value": ["团队增益"]
    },
    {
      "id": 199,
      "value": ["突进", "收割"]
    },
    {
      "id": 176,
      "value": ["持续输出", "治疗"]
    },
    {
      "id": 502,
      "value": ["远程消耗", "收割"]
    },
    {
      "id": 197,
      "value": ["消耗", "团控"]
    },
    {
      "id": 503,
      "value": ["突进", "团控"]
    },
    {
      "id": 504,
      "value": ["持续输出", "推进"]
    },
    {
      "id": 125,
      "value": ["先手"]
    },
    {
      "id": 510,
      "value": ["团控", "先手"]
    },
    {
      "id": 137,
      "value": ["突进"]
    },
    {
      "id": 509,
      "value": ["持续控制", "格挡"]
    },
    {
      "id": 508,
      "value": ["远程消耗", "团队增益"]
    },
    {
      "id": 312,
      "value": ["消耗", "加速"]
    },
    {
      "id": 507,
      "value": ["突进", "团控"]
    },
    {
      "id": 513,
      "value": ["爆发", "突进"]
    },
    {
      "id": 515,
      "value": ["持续输出", "法力护盾"]
    },
    {
      "id": 511,
      "value": ["团控", "回复"]
    },
    {
      "id": 529,
      "value": ["突进", "收割"]
    },
    {
      "id": 505,
      "value": ["团队增益"]
    },
    {
      "id": 506,
      "value": ["突进", "收割"]
    },
    {
      "id": 522,
      "value": ["无"]
    },
    {
      "id": 518,
      "value": ["突进", "远程消耗"]
    },
    {
      "id": 523,
      "value": ["控制", "距离增伤"]
    },
    {
      "id": 525,
      "value": ["无"]
    },
    {
      "id": 524,
      "value": ["远程消耗"]
    },
    {
      "id": 531,
      "value": ["突进", "收割"]
    },
    {
      "id": 527,
      "value": ["突进"]
    },
    {
      "id": 533,
      "value": ["团队增益", "团控"]
    },
    {
      "id": 536,
      "value": ["突进", "收割"]
    },
    {
      "id": 528,
      "value": ["突进", "收割"]
    },
    {
      "id": 537,
      "value": ["爆发"]
    },
    {
      "id": 155,
      "value": ["持续输出"]
    },
    {
      "id": 538,
      "value": ["突进", "灵活"]
    },
    {
      "id": 540,
      "value": ["远程消耗", "团队增益"]
    },
    {
      "id": 542,
      "value": ["突进", "收割"]
    },
    {
      "id": 534,
      "value": ["团控", "团队增益"]
    },
    {
      "id": 548,
      "value": ["远程消耗"]
    },
    {
      "id": 521,
      "value": ["远程消耗"]
    },
    {
      "id": 544,
      "value": ["防御反击"]
    },
    {
      "id": 545,
      "value": ["远程消耗"]
    },
    {
      "id": 564,
      "value": ["突进", "团控"]
    },
    {
      "id": 514,
      "value": ["突进"]
    },
    {
      "id": 159,
      "value": ["团队增益"]
    },
    {
      "id": 563,
      "value": ["消耗", "回复"]
    },
    {
      "id": 519,
      "value": ["控制", "回复"]
    },
    {
      "id": 517,
      "value": ["突进", "收割"]
    },
    {
      "id": 577,
      "value": ["团队增益", "回复"]
    }
  ]
}
