{
  "data": [
    {
      "id": 107,
      "value": "苍天翔龙"
    },
    {
      "id": 109,
      "value": "魅力之狐"
    },
    {
      "id": 115,
      "value": "叛逆吟游"
    },
    {
      "id": 120,
      "value": "最终兵器"
    },
    {
      "id": 136,
      "value": "女帝"
    },
    {
      "id": 146,
      "value": "月光之女"
    },
    {
      "id": 105,
      "value": "正义爆轰"
    },
    {
      "id": 110,
      "value": "王者独尊"
    },
    {
      "id": 116,
      "value": "信念之刃"
    },
    {
      "id": 127,
      "value": "洛神降临"
    },
    {
      "id": 139,
      "value": "万古长明"
    },
    {
      "id": 148,
      "value": "封神者"
    },
    {
      "id": 106,
      "value": "恋之微风"
    },
    {
      "id": 112,
      "value": "机关造物"
    },
    {
      "id": 117,
      "value": "野蛮之锤"
    },
    {
      "id": 133,
      "value": "断案大师"
    },
    {
      "id": 156,
      "value": "言灵之书"
    },
    {
      "id": 108,
      "value": "和平守望"
    },
    {
      "id": 113,
      "value": "逍遥幻梦"
    },
    {
      "id": 118,
      "value": "逆流之时"
    },
    {
      "id": 129,
      "value": "狂战士"
    },
    {
      "id": 134,
      "value": "拳僧"
    },
    {
      "id": 150,
      "value": "国士无双"
    },
    {
      "id": 166,
      "value": "圣骑之力"
    },
    {
      "id": 111,
      "value": "千金重弩"
    },
    {
      "id": 114,
      "value": "暴走机关"
    },
    {
      "id": 119,
      "value": "善恶怪医"
    },
    {
      "id": 130,
      "value": "剑圣"
    },
    {
      "id": 135,
      "value": "霸王"
    },
    {
      "id": 144,
      "value": "热血烈斧"
    },
    {
      "id": 152,
      "value": "冰雪之华"
    },
    {
      "id": 142,
      "value": "暗夜萝莉"
    },
    {
      "id": 128,
      "value": "鲜血枭雄"
    },
    {
      "id": 124,
      "value": "铁血都督"
    },
    {
      "id": 168,
      "value": "精英酋长"
    },
    {
      "id": 167,
      "value": "齐天大圣"
    },
    {
      "id": 121,
      "value": "永恒之月"
    },
    {
      "id": 141,
      "value": "绝世舞姬"
    },
    {
      "id": 123,
      "value": "无双之魔"
    },
    {
      "id": 154,
      "value": "传说之刃"
    },
    {
      "id": 169,
      "value": "半神之弓"
    },
    {
      "id": 171,
      "value": "禁血狂兽"
    },
    {
      "id": 170,
      "value": "仁德义枪"
    },
    {
      "id": 153,
      "value": "暗影刀锋"
    },
    {
      "id": 162,
      "value": "鹰之守护"
    },
    {
      "id": 131,
      "value": "青莲剑仙"
    },
    {
      "id": 175,
      "value": "虚灵城判"
    },
    {
      "id": 173,
      "value": "王都密探"
    },
    {
      "id": 149,
      "value": "双面君主"
    },
    {
      "id": 157,
      "value": "明媚烈焰"
    },
    {
      "id": 174,
      "value": "森之风灵"
    },
    {
      "id": 140,
      "value": "一骑当千"
    },
    {
      "id": 184,
      "value": "天籁弦音"
    },
    {
      "id": 126,
      "value": "不羁之风"
    },
    {
      "id": 183,
      "value": "圣域余晖"
    },
    {
      "id": 132,
      "value": "远游之枪"
    },
    {
      "id": 163,
      "value": "神梦一刀"
    },
    {
      "id": 177,
      "value": "苍狼末裔"
    },
    {
      "id": 178,
      "value": "根源之目"
    },
    {
      "id": 186,
      "value": "炼金大师"
    },
    {
      "id": 180,
      "value": "桀骜炎枪"
    },
    {
      "id": 190,
      "value": "绝代智谋"
    },
    {
      "id": 192,
      "value": "燃魂重炮"
    },
    {
      "id": 191,
      "value": "沧海之曜"
    },
    {
      "id": 187,
      "value": "噬灭日蚀"
    },
    {
      "id": 182,
      "value": "淬命双剑"
    },
    {
      "id": 189,
      "value": "万物有灵"
    },
    {
      "id": 193,
      "value": "破灭刃锋"
    },
    {
      "id": 196,
      "value": "静谧之眼"
    },
    {
      "id": 195,
      "value": "嚣狂之镰"
    },
    {
      "id": 194,
      "value": "不屈铁壁"
    },
    {
      "id": 198,
      "value": "入梦之灵"
    },
    {
      "id": 179,
      "value": "至高创世"
    },
    {
      "id": 501,
      "value": "灵魂劫卜"
    },
    {
      "id": 199,
      "value": "幻舞玲珑"
    },
    {
      "id": 176,
      "value": "霓裳风华"
    },
    {
      "id": 502,
      "value": "六合虎拳"
    },
    {
      "id": 197,
      "value": "天元之弈"
    },
    {
      "id": 503,
      "value": "战车意志"
    },
    {
      "id": 504,
      "value": "筑城者"
    },
    {
      "id": 125,
      "value": "无间傀儡"
    },
    {
      "id": 510,
      "value": "光明之海"
    },
    {
      "id": 137,
      "value": "寂灭之心"
    },
    {
      "id": 509,
      "value": "无尽之盾"
    },
    {
      "id": 508,
      "value": "破魔之箭"
    },
    {
      "id": 312,
      "value": "爆弹怪猫"
    },
    {
      "id": 507,
      "value": "谋世之战"
    },
    {
      "id": 513,
      "value": "惊鸿之笔"
    },
    {
      "id": 515,
      "value": "寒月公主"
    },
    {
      "id": 511,
      "value": "无忧猛士"
    },
    {
      "id": 529,
      "value": "破晓之神"
    },
    {
      "id": 505,
      "value": "鹿灵守心"
    },
    {
      "id": 506,
      "value": "流云之翼"
    },
    {
      "id": 522,
      "value": "星辰之子"
    },
    {
      "id": 518,
      "value": "冷晖之枪"
    },
    {
      "id": 523,
      "value": "幻纱之灵"
    },
    {
      "id": 525,
      "value": "神匠"
    },
    {
      "id": 524,
      "value": "烈炮小子"
    },
    {
      "id": 531,
      "value": "破镜之刃"
    },
    {
      "id": 527,
      "value": "秩序统将"
    },
    {
      "id": 533,
      "value": "山林之子"
    },
    {
      "id": 536,
      "value": "玫瑰剑士"
    },
    {
      "id": 528,
      "value": "鲨之猎刃"
    },
    {
      "id": 537,
      "value": "雷霆之王"
    },
    {
      "id": 155,
      "value": "精灵之舞"
    },
    {
      "id": 538,
      "value": "燎原之心"
    },
    {
      "id": 540,
      "value": "渡世行者"
    },
    {
      "id": 542,
      "value": "灵玉之子"
    },
    {
      "id": 534,
      "value": "萤火之旅"
    },
    {
      "id": 548,
      "value": "沙海飞舟"
    },
    {
      "id": 521,
      "value": "永夜之心"
    },
    {
      "id": 544,
      "value": "自在之心"
    },
    {
      "id": 545,
      "value": "火鹰船长"
    },
    {
      "id": 564,
      "value": "武道奇才"
    },
    {
      "id": 514,
      "value": "追忆之刃"
    },
    {
      "id": 159,
      "value": "人鱼之歌"
    },
    {
      "id": 563,
      "value": "命运之引"
    },
    {
      "id": 519,
      "value": "凌霄真龙"
    },
    {
      "id": 517,
      "value": "肃归之戈"
    },
    {
      "id": 577,
      "value": "聆愿之祝"
    }
  ]
}
