{
  "data": [
    {
      "id": 107,
      "value": "龙枪战士"
    },
    {
      "id": 109,
      "value": "姜子牙所造人偶"
    },
    {
      "id": 115,
      "value": "吟游乐师"
    },
    {
      "id": 120,
      "value": "玄雍武将"
    },
    {
      "id": 136,
      "value": "长安女帝"
    },
    {
      "id": 146,
      "value": "寒星家族继承人"
    },
    {
      "id": 105,
      "value": "甘丹族长"
    },
    {
      "id": 110,
      "value": "玄雍君主"
    },
    {
      "id": 116,
      "value": "复仇刺客"
    },
    {
      "id": 127,
      "value": "魔道圣人之后"
    },
    {
      "id": 139,
      "value": "稷下三贤者"
    },
    {
      "id": 148,
      "value": "神职者"
    },
    {
      "id": 106,
      "value": "魔道名门之后"
    },
    {
      "id": 112,
      "value": "鲁班所造之物"
    },
    {
      "id": 117,
      "value": "稷下学生"
    },
    {
      "id": 133,
      "value": "长安治安官"
    },
    {
      "id": 156,
      "value": "天才学者"
    },
    {
      "id": 108,
      "value": "稷下三贤者"
    },
    {
      "id": 113,
      "value": "稷下三贤者"
    },
    {
      "id": 118,
      "value": "稷下学生"
    },
    {
      "id": 129,
      "value": "魏迪武将"
    },
    {
      "id": 134,
      "value": "拳僧"
    },
    {
      "id": 150,
      "value": "灞城武将"
    },
    {
      "id": 166,
      "value": "圣骑士团领袖"
    },
    {
      "id": 111,
      "value": "吴地小公主"
    },
    {
      "id": 114,
      "value": "蜀地继承人"
    },
    {
      "id": 119,
      "value": "医者"
    },
    {
      "id": 130,
      "value": "扶桑剑客"
    },
    {
      "id": 135,
      "value": "霸王"
    },
    {
      "id": 144,
      "value": "名将"
    },
    {
      "id": 152,
      "value": "和亲公主"
    },
    {
      "id": 142,
      "value": "神秘法师"
    },
    {
      "id": 128,
      "value": "魏地主公"
    },
    {
      "id": 124,
      "value": "吴地都督"
    },
    {
      "id": 168,
      "value": "魔种起义军叛徒"
    },
    {
      "id": 167,
      "value": "魔种起义军将领"
    },
    {
      "id": 121,
      "value": "玄雍太后"
    },
    {
      "id": 141,
      "value": "绝世舞姬"
    },
    {
      "id": 123,
      "value": "重生的战神"
    },
    {
      "id": 154,
      "value": "长城守卫军队长"
    },
    {
      "id": 169,
      "value": "神职者/神射手"
    },
    {
      "id": 171,
      "value": "蜀地武将"
    },
    {
      "id": 170,
      "value": "蜀地主公"
    },
    {
      "id": 153,
      "value": "金庭城王子"
    },
    {
      "id": 162,
      "value": "扶桑巫女"
    },
    {
      "id": 131,
      "value": "天才刺客"
    },
    {
      "id": 175,
      "value": "长安城守护者"
    },
    {
      "id": 173,
      "value": "长安密保"
    },
    {
      "id": 149,
      "value": "灞城统治者"
    },
    {
      "id": 157,
      "value": "不知火流继承人"
    },
    {
      "id": 174,
      "value": "自然巡游者"
    },
    {
      "id": 140,
      "value": "蜀地武将"
    },
    {
      "id": 184,
      "value": "音乐天才少女"
    },
    {
      "id": 126,
      "value": "蜀地武将"
    },
    {
      "id": 183,
      "value": "神的继承者"
    },
    {
      "id": 132,
      "value": "冒险家"
    },
    {
      "id": 163,
      "value": "扶桑剑客"
    },
    {
      "id": 177,
      "value": "狼旗首领"
    },
    {
      "id": 178,
      "value": "神职者"
    },
    {
      "id": 186,
      "value": "炼金师"
    },
    {
      "id": 180,
      "value": "陈塘关长官之子"
    },
    {
      "id": 190,
      "value": "蜀地军师"
    },
    {
      "id": 192,
      "value": "机关炮老兵"
    },
    {
      "id": 191,
      "value": "魔道名门继承人"
    },
    {
      "id": 187,
      "value": "东神之城统治者"
    },
    {
      "id": 182,
      "value": "铸剑师"
    },
    {
      "id": 189,
      "value": "博学者"
    },
    {
      "id": 193,
      "value": "长城守卫军成员"
    },
    {
      "id": 196,
      "value": "长城守卫军成员"
    },
    {
      "id": 195,
      "value": "长城守卫军成员"
    },
    {
      "id": 194,
      "value": "长城守卫军成员"
    },
    {
      "id": 198,
      "value": "食梦者"
    },
    {
      "id": 179,
      "value": "神"
    },
    {
      "id": 501,
      "value": "尧天组织首领"
    },
    {
      "id": 199,
      "value": "长安坊舞者"
    },
    {
      "id": 176,
      "value": "长安坊乐师"
    },
    {
      "id": 502,
      "value": "拳师"
    },
    {
      "id": 197,
      "value": "少年棋手"
    },
    {
      "id": 503,
      "value": "海都佣兵"
    },
    {
      "id": 504,
      "value": "海都执政者"
    },
    {
      "id": 125,
      "value": "机关傀儡师"
    },
    {
      "id": 510,
      "value": "江东小霸王"
    },
    {
      "id": 137,
      "value": "魏地军师"
    },
    {
      "id": 509,
      "value": "修筑长城的机械"
    },
    {
      "id": 508,
      "value": "千窟城继承者"
    },
    {
      "id": 312,
      "value": "长城守卫军成员"
    },
    {
      "id": 507,
      "value": "长城守卫军成员"
    },
    {
      "id": 513,
      "value": "女帝密探"
    },
    {
      "id": 515,
      "value": "魔道家族公主"
    },
    {
      "id": 511,
      "value": "魔种起义军将领"
    },
    {
      "id": 529,
      "value": "神"
    },
    {
      "id": 505,
      "value": "鹿灵转生者"
    },
    {
      "id": 506,
      "value": "孤鸟转生者"
    },
    {
      "id": 522,
      "value": "稷下学生"
    },
    {
      "id": 518,
      "value": "蜀地将领"
    },
    {
      "id": 523,
      "value": "稷下学生"
    },
    {
      "id": 525,
      "value": "稷下学生"
    },
    {
      "id": 524,
      "value": "稷下学生"
    },
    {
      "id": 531,
      "value": "阴曲情报专员"
    },
    {
      "id": 527,
      "value": "玄雍护国大将军"
    },
    {
      "id": 533,
      "value": "狼孩"
    },
    {
      "id": 536,
      "value": "贵族剑士"
    },
    {
      "id": 528,
      "value": "前魏都杀手"
    },
    {
      "id": 537,
      "value": "长安大司空"
    },
    {
      "id": 155,
      "value": "精灵公主"
    },
    {
      "id": 538,
      "value": "将门之后"
    },
    {
      "id": 540,
      "value": "西行修行者"
    },
    {
      "id": 542,
      "value": "玉城大王子"
    },
    {
      "id": 534,
      "value": "萤火的旅行者"
    },
    {
      "id": 548,
      "value": "沙海船帮头子"
    },
    {
      "id": 521,
      "value": "月裔/云中蝶饲养人"
    },
    {
      "id": 544,
      "value": "玄都观修道者"
    },
    {
      "id": 545,
      "value": "海都外城区守护者"
    },
    {
      "id": 564,
      "value": "稷下学生"
    },
    {
      "id": 514,
      "value": "海都佣兵"
    },
    {
      "id": 159,
      "value": "人鱼公主"
    },
    {
      "id": 563,
      "value": "命运家族族长"
    },
    {
      "id": 519,
      "value": "龙族后裔"
    },
    {
      "id": 517,
      "value": "神巫；巫神祝领袖"
    },
    {
      "id": 577,
      "value": "牵缘巫祝"
    }
  ]
}
