{
  "data": [
    {
      "id": 107,
      "value": "58"
    },
    {
      "id": 109,
      "value": "28"
    },
    {
      "id": 115,
      "value": "138"
    },
    {
      "id": 120,
      "value": "138"
    },
    {
      "id": 136,
      "value": "188"
    },
    {
      "id": 146,
      "value": "138"
    },
    {
      "id": 105,
      "value": "88"
    },
    {
      "id": 110,
      "value": "68"
    },
    {
      "id": 116,
      "value": "138"
    },
    {
      "id": 127,
      "value": "28"
    },
    {
      "id": 139,
      "value": "88"
    },
    {
      "id": 148,
      "value": "68"
    },
    {
      "id": 106,
      "value": "58"
    },
    {
      "id": 112,
      "value": "88"
    },
    {
      "id": 117,
      "value": "58"
    },
    {
      "id": 133,
      "value": "88"
    },
    {
      "id": 156,
      "value": "138"
    },
    {
      "id": 108,
      "value": "88"
    },
    {
      "id": 113,
      "value": "28"
    },
    {
      "id": 118,
      "value": "58"
    },
    {
      "id": 129,
      "value": "138"
    },
    {
      "id": 134,
      "value": "138"
    },
    {
      "id": 150,
      "value": "188"
    },
    {
      "id": 166,
      "value": "28"
    },
    {
      "id": 111,
      "value": "58"
    },
    {
      "id": 114,
      "value": "28"
    },
    {
      "id": 119,
      "value": "58"
    },
    {
      "id": 130,
      "value": "188"
    },
    {
      "id": 135,
      "value": "138"
    },
    {
      "id": 144,
      "value": "138"
    },
    {
      "id": 152,
      "value": "88"
    },
    {
      "id": 142,
      "value": "58"
    },
    {
      "id": 128,
      "value": "138"
    },
    {
      "id": 124,
      "value": "138"
    },
    {
      "id": 168,
      "value": "138"
    },
    {
      "id": 167,
      "value": "188"
    },
    {
      "id": 121,
      "value": "138"
    },
    {
      "id": 141,
      "value": "138"
    },
    {
      "id": 123,
      "value": "138"
    },
    {
      "id": 154,
      "value": "188"
    },
    {
      "id": 169,
      "value": "28"
    },
    {
      "id": 171,
      "value": "138"
    },
    {
      "id": 170,
      "value": "138"
    },
    {
      "id": 153,
      "value": "138"
    },
    {
      "id": 162,
      "value": "188"
    },
    {
      "id": 131,
      "value": "188"
    },
    {
      "id": 175,
      "value": "188"
    },
    {
      "id": 173,
      "value": "138"
    },
    {
      "id": 149,
      "value": "138"
    },
    {
      "id": 157,
      "value": "138"
    },
    {
      "id": 174,
      "value": "138"
    },
    {
      "id": 140,
      "value": "188"
    },
    {
      "id": 184,
      "value": "138"
    },
    {
      "id": 126,
      "value": "138"
    },
    {
      "id": 183,
      "value": "188"
    },
    {
      "id": 132,
      "value": "138"
    },
    {
      "id": 163,
      "value": "188"
    },
    {
      "id": 177,
      "value": "188"
    },
    {
      "id": 178,
      "value": "188"
    },
    {
      "id": 186,
      "value": "138"
    },
    {
      "id": 180,
      "value": "188"
    },
    {
      "id": 190,
      "value": "188"
    },
    {
      "id": 192,
      "value": "138"
    },
    {
      "id": 191,
      "value": "138"
    },
    {
      "id": 187,
      "value": "138"
    },
    {
      "id": 182,
      "value": "138"
    },
    {
      "id": 189,
      "value": "138"
    },
    {
      "id": 193,
      "value": "138"
    },
    {
      "id": 196,
      "value": "138"
    },
    {
      "id": 195,
      "value": "138"
    },
    {
      "id": 194,
      "value": "138"
    },
    {
      "id": 198,
      "value": "138"
    },
    {
      "id": 179,
      "value": "138"
    },
    {
      "id": 501,
      "value": "138"
    },
    {
      "id": 199,
      "value": "138"
    },
    {
      "id": 176,
      "value": "138"
    },
    {
      "id": 502,
      "value": "138"
    },
    {
      "id": 197,
      "value": "138"
    },
    {
      "id": 503,
      "value": "138"
    },
    {
      "id": 504,
      "value": "138"
    },
    {
      "id": 125,
      "value": "138"
    },
    {
      "id": 510,
      "value": "138"
    },
    {
      "id": 137,
      "value": "188"
    },
    {
      "id": 509,
      "value": "138"
    },
    {
      "id": 508,
      "value": "138"
    },
    {
      "id": 312,
      "value": "138"
    },
    {
      "id": 507,
      "value": "138"
    },
    {
      "id": 513,
      "value": "138"
    },
    {
      "id": 515,
      "value": "138"
    },
    {
      "id": 511,
      "value": "138"
    },
    {
      "id": 529,
      "value": "138"
    },
    {
      "id": 505,
      "value": "138"
    },
    {
      "id": 506,
      "value": "138"
    },
    {
      "id": 522,
      "value": "138"
    },
    {
      "id": 518,
      "value": "188"
    },
    {
      "id": 523,
      "value": "138"
    },
    {
      "id": 525,
      "value": "138"
    },
    {
      "id": 524,
      "value": "138"
    },
    {
      "id": 531,
      "value": "188"
    },
    {
      "id": 527,
      "value": "138"
    },
    {
      "id": 533,
      "value": "138"
    },
    {
      "id": 536,
      "value": "188"
    },
    {
      "id": 528,
      "value": "188"
    },
    {
      "id": 537,
      "value": "138"
    },
    {
      "id": 155,
      "value": "138"
    },
    {
      "id": 538,
      "value": "138"
    },
    {
      "id": 540,
      "value": "138"
    },
    {
      "id": 542,
      "value": "138"
    },
    {
      "id": 534,
      "value": "138"
    },
    {
      "id": 548,
      "value": "138"
    },
    {
      "id": 521,
      "value": "138"
    },
    {
      "id": 544,
      "value": "138"
    },
    {
      "id": 545,
      "value": "138"
    },
    {
      "id": 564,
      "value": "138"
    },
    {
      "id": 514,
      "value": "138"
    },
    {
      "id": 159,
      "value": "138"
    },
    {
      "id": 563,
      "value": "138"
    },
    {
      "id": 519,
      "value": "138"
    },
    {
      "id": 517,
      "value": "138"
    },
    {
      "id": 577,
      "value": "138"
    }
  ]
}
