{
  "data": [
    {
      "id": 107,
      "poster": "/heros/zhaoyun_hb_0.jpg",
      "posterBlur": "/heros/zhaoyun_hb_0_v.jpg",
      "posterBig": "/heros/zhaoyun_hb_0_b.jpg",
      "cover": "/heros/zhaoyun_c.jpg",
      "coverBlur": "/heros/zhaoyun_c_v.jpg"
    },
    {
      "id": 109,
      "poster": "/heros/daji_hb_0.jpg",
      "posterBlur": "/heros/daji_hb_0_v.jpg",
      "posterBig": "/heros/daji_hb_0_b.jpg",
      "cover": "/heros/daji_c.jpg",
      "coverBlur": "/heros/daji_c_v.jpg"
    },
    {
      "id": 115,
      "poster": "/heros/gaojianli_hb_0.jpg",
      "posterBlur": "/heros/gaojianli_hb_0_v.jpg",
      "posterBig": "/heros/gaojianli_hb_0_b.jpg",
      "cover": "/heros/gaojianli_c.jpg",
      "coverBlur": "/heros/gaojianli_c_v.jpg"
    },
    {
      "id": 120,
      "poster": "/heros/baiqi_hb_0.jpg",
      "posterBlur": "/heros/baiqi_hb_0_v.jpg",
      "posterBig": "/heros/baiqi_hb_0_b.jpg",
      "cover": "/heros/baiqi_c.jpg",
      "coverBlur": "/heros/baiqi_c_v.jpg"
    },
    {
      "id": 136,
      "poster": "/heros/wuzetian_hb_0.jpg",
      "posterBlur": "/heros/wuzetian_hb_0_v.jpg",
      "posterBig": "/heros/wuzetian_hb_0_b.jpg",
      "cover": "/heros/wuzetian_c.jpg",
      "coverBlur": "/heros/wuzetian_c_v.jpg"
    },
    {
      "id": 146,
      "poster": "/heros/luna_hb_0.jpg",
      "posterBlur": "/heros/luna_hb_0_v.jpg",
      "posterBig": "/heros/luna_hb_0_b.jpg",
      "cover": "/heros/luna_c.jpg",
      "coverBlur": "/heros/luna_c_v.jpg"
    },
    {
      "id": 105,
      "poster": "/heros/lianpo_hb_0.jpg",
      "posterBlur": "/heros/lianpo_hb_0_v.jpg",
      "posterBig": "/heros/lianpo_hb_0_b.jpg",
      "cover": "/heros/lianpo_c.jpg",
      "coverBlur": "/heros/lianpo_c_v.jpg"
    },
    {
      "id": 110,
      "poster": "/heros/yingzheng_hb_0.jpg",
      "posterBlur": "/heros/yingzheng_hb_0_v.jpg",
      "posterBig": "/heros/yingzheng_hb_0_b.jpg",
      "cover": "/heros/yingzheng_c.jpg",
      "coverBlur": "/heros/yingzheng_c_v.jpg"
    },
    {
      "id": 116,
      "poster": "/heros/ake_hb_0.jpg",
      "posterBlur": "/heros/ake_hb_0_v.jpg",
      "posterBig": "/heros/ake_hb_0_b.jpg",
      "cover": "/heros/ake_c.jpg",
      "coverBlur": "/heros/ake_c_v.jpg"
    },
    {
      "id": 127,
      "poster": "/heros/zhenji_hb_0.jpg",
      "posterBlur": "/heros/zhenji_hb_0_v.jpg",
      "posterBig": "/heros/zhenji_hb_0_b.jpg",
      "cover": "/heros/zhenji_c.jpg",
      "coverBlur": "/heros/zhenji_c_v.jpg"
    },
    {
      "id": 139,
      "poster": "/heros/laofuzi_hb_0.jpg",
      "posterBlur": "/heros/laofuzi_hb_0_v.jpg",
      "posterBig": "/heros/laofuzi_hb_0_b.jpg",
      "cover": "/heros/laofuzi_c.jpg",
      "coverBlur": "/heros/laofuzi_c_v.jpg"
    },
    {
      "id": 148,
      "poster": "/heros/jiangziya_hb_0.jpg",
      "posterBlur": "/heros/jiangziya_hb_0_v.jpg",
      "posterBig": "/heros/jiangziya_hb_0_b.jpg",
      "cover": "/heros/jiangziya_c.jpg",
      "coverBlur": "/heros/jiangziya_c_v.jpg"
    },
    {
      "id": 106,
      "poster": "/heros/xiaoqiao_hb_0.jpg",
      "posterBlur": "/heros/xiaoqiao_hb_0_v.jpg",
      "posterBig": "/heros/xiaoqiao_hb_0_b.jpg",
      "cover": "/heros/xiaoqiao_c.jpg",
      "coverBlur": "/heros/xiaoqiao_c_v.jpg"
    },
    {
      "id": 112,
      "poster": "/heros/lubanqihao_hb_0.jpg",
      "posterBlur": "/heros/lubanqihao_hb_0_v.jpg",
      "posterBig": "/heros/lubanqihao_hb_0_b.jpg",
      "cover": "/heros/lubanqihao_c.jpg",
      "coverBlur": "/heros/lubanqihao_c_v.jpg"
    },
    {
      "id": 117,
      "poster": "/heros/zhongwuyan_hb_0.jpg",
      "posterBlur": "/heros/zhongwuyan_hb_0_v.jpg",
      "posterBig": "/heros/zhongwuyan_hb_0_b.jpg",
      "cover": "/heros/zhongwuyan_c.jpg",
      "coverBlur": "/heros/zhongwuyan_c_v.jpg"
    },
    {
      "id": 133,
      "poster": "/heros/direnjie_hb_0.jpg",
      "posterBlur": "/heros/direnjie_hb_0_v.jpg",
      "posterBig": "/heros/direnjie_hb_0_b.jpg",
      "cover": "/heros/direnjie_c.jpg",
      "coverBlur": "/heros/direnjie_c_v.jpg"
    },
    {
      "id": 156,
      "poster": "/heros/zhangliang_hb_0.jpg",
      "posterBlur": "/heros/zhangliang_hb_0_v.jpg",
      "posterBig": "/heros/zhangliang_hb_0_b.jpg",
      "cover": "/heros/zhangliang_c.jpg",
      "coverBlur": "/heros/zhangliang_c_v.jpg"
    },
    {
      "id": 108,
      "poster": "/heros/mozi_hb_0.jpg",
      "posterBlur": "/heros/mozi_hb_0_v.jpg",
      "posterBig": "/heros/mozi_hb_0_b.jpg",
      "cover": "/heros/mozi_c.jpg",
      "coverBlur": "/heros/mozi_c_v.jpg"
    },
    {
      "id": 113,
      "poster": "/heros/zhuangzhou_hb_0.jpg",
      "posterBlur": "/heros/zhuangzhou_hb_0_v.jpg",
      "posterBig": "/heros/zhuangzhou_hb_0_b.jpg",
      "cover": "/heros/zhuangzhou_c.jpg",
      "coverBlur": "/heros/zhuangzhou_c_v.jpg"
    },
    {
      "id": 118,
      "poster": "/heros/sunbin_hb_0.jpg",
      "posterBlur": "/heros/sunbin_hb_0_v.jpg",
      "posterBig": "/heros/sunbin_hb_0_b.jpg",
      "cover": "/heros/sunbin_c.jpg",
      "coverBlur": "/heros/sunbin_c_v.jpg"
    },
    {
      "id": 129,
      "poster": "/heros/dianwei_hb_0.jpg",
      "posterBlur": "/heros/dianwei_hb_0_v.jpg",
      "posterBig": "/heros/dianwei_hb_0_b.jpg",
      "cover": "/heros/dianwei_c.jpg",
      "coverBlur": "/heros/dianwei_c_v.jpg"
    },
    {
      "id": 134,
      "poster": "/heros/damo_hb_0.jpg",
      "posterBlur": "/heros/damo_hb_0_v.jpg",
      "posterBig": "/heros/damo_hb_0_b.jpg",
      "cover": "/heros/damo_c.jpg",
      "coverBlur": "/heros/damo_c_v.jpg"
    },
    {
      "id": 150,
      "poster": "/heros/hanxin_hb_0.jpg",
      "posterBlur": "/heros/hanxin_hb_0_v.jpg",
      "posterBig": "/heros/hanxin_hb_0_b.jpg",
      "cover": "/heros/hanxin_c.jpg",
      "coverBlur": "/heros/hanxin_c_v.jpg"
    },
    {
      "id": 166,
      "poster": "/heros/yase_hb_0.jpg",
      "posterBlur": "/heros/yase_hb_0_v.jpg",
      "posterBig": "/heros/yase_hb_0_b.jpg",
      "cover": "/heros/yase_c.jpg",
      "coverBlur": "/heros/yase_c_v.jpg"
    },
    {
      "id": 111,
      "poster": "/heros/sunshangxiang_hb_0.jpg",
      "posterBlur": "/heros/sunshangxiang_hb_0_v.jpg",
      "posterBig": "/heros/sunshangxiang_hb_0_b.jpg",
      "cover": "/heros/sunshangxiang_c.jpg",
      "coverBlur": "/heros/sunshangxiang_c_v.jpg"
    },
    {
      "id": 114,
      "poster": "/heros/liushan_hb_0.jpg",
      "posterBlur": "/heros/liushan_hb_0_v.jpg",
      "posterBig": "/heros/liushan_hb_0_b.jpg",
      "cover": "/heros/liushan_c.jpg",
      "coverBlur": "/heros/liushan_c_v.jpg"
    },
    {
      "id": 119,
      "poster": "/heros/bianque_hb_0.jpg",
      "posterBlur": "/heros/bianque_hb_0_v.jpg",
      "posterBig": "/heros/bianque_hb_0_b.jpg",
      "cover": "/heros/bianque_c.jpg",
      "coverBlur": "/heros/bianque_c_v.jpg"
    },
    {
      "id": 130,
      "poster": "/heros/gongbenwuzang_hb_0.jpg",
      "posterBlur": "/heros/gongbenwuzang_hb_0_v.jpg",
      "posterBig": "/heros/gongbenwuzang_hb_0_b.jpg",
      "cover": "/heros/gongbenwuzang_c.jpg",
      "coverBlur": "/heros/gongbenwuzang_c_v.jpg"
    },
    {
      "id": 135,
      "poster": "/heros/xiangyu_hb_0.jpg",
      "posterBlur": "/heros/xiangyu_hb_0_v.jpg",
      "posterBig": "/heros/xiangyu_hb_0_b.jpg",
      "cover": "/heros/xiangyu_c.jpg",
      "coverBlur": "/heros/xiangyu_c_v.jpg"
    },
    {
      "id": 144,
      "poster": "/heros/chengyaojin_hb_0.jpg",
      "posterBlur": "/heros/chengyaojin_hb_0_v.jpg",
      "posterBig": "/heros/chengyaojin_hb_0_b.jpg",
      "cover": "/heros/chengyaojin_c.jpg",
      "coverBlur": "/heros/chengyaojin_c_v.jpg"
    },
    {
      "id": 152,
      "poster": "/heros/wangzhaojun_hb_0.jpg",
      "posterBlur": "/heros/wangzhaojun_hb_0_v.jpg",
      "posterBig": "/heros/wangzhaojun_hb_0_b.jpg",
      "cover": "/heros/wangzhaojun_c.jpg",
      "coverBlur": "/heros/wangzhaojun_c_v.jpg"
    },
    {
      "id": 142,
      "poster": "/heros/anqila_hb_0.jpg",
      "posterBlur": "/heros/anqila_hb_0_v.jpg",
      "posterBig": "/heros/anqila_hb_0_b.jpg",
      "cover": "/heros/anqila_c.jpg",
      "coverBlur": "/heros/anqila_c_v.jpg"
    },
    {
      "id": 128,
      "poster": "/heros/caocao_hb_0.jpg",
      "posterBlur": "/heros/caocao_hb_0_v.jpg",
      "posterBig": "/heros/caocao_hb_0_b.jpg",
      "cover": "/heros/caocao_c.jpg",
      "coverBlur": "/heros/caocao_c_v.jpg"
    },
    {
      "id": 124,
      "poster": "/heros/zhouyu_hb_0.jpg",
      "posterBlur": "/heros/zhouyu_hb_0_v.jpg",
      "posterBig": "/heros/zhouyu_hb_0_b.jpg",
      "cover": "/heros/zhouyu_c.jpg",
      "coverBlur": "/heros/zhouyu_c_v.jpg"
    },
    {
      "id": 168,
      "poster": "/heros/niumo_hb_0.jpg",
      "posterBlur": "/heros/niumo_hb_0_v.jpg",
      "posterBig": "/heros/niumo_hb_0_b.jpg",
      "cover": "/heros/niumo_c.jpg",
      "coverBlur": "/heros/niumo_c_v.jpg"
    },
    {
      "id": 167,
      "poster": "/heros/sunwukong_hb_0.jpg",
      "posterBlur": "/heros/sunwukong_hb_0_v.jpg",
      "posterBig": "/heros/sunwukong_hb_0_b.jpg",
      "cover": "/heros/sunwukong_c.jpg",
      "coverBlur": "/heros/sunwukong_c_v.jpg"
    },
    {
      "id": 121,
      "poster": "/heros/miyue_hb_0.jpg",
      "posterBlur": "/heros/miyue_hb_0_v.jpg",
      "posterBig": "/heros/miyue_hb_0_b.jpg",
      "cover": "/heros/miyue_c.jpg",
      "coverBlur": "/heros/miyue_c_v.jpg"
    },
    {
      "id": 141,
      "poster": "/heros/diaochan_hb_0.jpg",
      "posterBlur": "/heros/diaochan_hb_0_v.jpg",
      "posterBig": "/heros/diaochan_hb_0_b.jpg",
      "cover": "/heros/diaochan_c.jpg",
      "coverBlur": "/heros/diaochan_c_v.jpg"
    },
    {
      "id": 123,
      "poster": "/heros/lvbu_hb_0.jpg",
      "posterBlur": "/heros/lvbu_hb_0_v.jpg",
      "posterBig": "/heros/lvbu_hb_0_b.jpg",
      "cover": "/heros/lvbu_c.jpg",
      "coverBlur": "/heros/lvbu_c_v.jpg"
    },
    {
      "id": 154,
      "poster": "/heros/huamulan_hb_0.jpg",
      "posterBlur": "/heros/huamulan_hb_0_v.jpg",
      "posterBig": "/heros/huamulan_hb_0_b.jpg",
      "cover": "/heros/huamulan_c.jpg",
      "coverBlur": "/heros/huamulan_c_v.jpg"
    },
    {
      "id": 169,
      "poster": "/heros/houyi_hb_0.jpg",
      "posterBlur": "/heros/houyi_hb_0_v.jpg",
      "posterBig": "/heros/houyi_hb_0_b.jpg",
      "cover": "/heros/houyi_c.jpg",
      "coverBlur": "/heros/houyi_c_v.jpg"
    },
    {
      "id": 171,
      "poster": "/heros/zhangfei_hb_0.jpg",
      "posterBlur": "/heros/zhangfei_hb_0_v.jpg",
      "posterBig": "/heros/zhangfei_hb_0_b.jpg",
      "cover": "/heros/zhangfei_c.jpg",
      "coverBlur": "/heros/zhangfei_c_v.jpg"
    },
    {
      "id": 170,
      "poster": "/heros/liubei_hb_0.jpg",
      "posterBlur": "/heros/liubei_hb_0_v.jpg",
      "posterBig": "/heros/liubei_hb_0_b.jpg",
      "cover": "/heros/liubei_c.jpg",
      "coverBlur": "/heros/liubei_c_v.jpg"
    },
    {
      "id": 153,
      "poster": "/heros/lanlingwang_hb_0.jpg",
      "posterBlur": "/heros/lanlingwang_hb_0_v.jpg",
      "posterBig": "/heros/lanlingwang_hb_0_b.jpg",
      "cover": "/heros/lanlingwang_c.jpg",
      "coverBlur": "/heros/lanlingwang_c_v.jpg"
    },
    {
      "id": 162,
      "poster": "/heros/nakelulu_hb_0.jpg",
      "posterBlur": "/heros/nakelulu_hb_0_v.jpg",
      "posterBig": "/heros/nakelulu_hb_0_b.jpg",
      "cover": "/heros/nakelulu_c.jpg",
      "coverBlur": "/heros/nakelulu_c_v.jpg"
    },
    {
      "id": 131,
      "poster": "/heros/libai_hb_0.jpg",
      "posterBlur": "/heros/libai_hb_0_v.jpg",
      "posterBig": "/heros/libai_hb_0_b.jpg",
      "cover": "/heros/libai_c.jpg",
      "coverBlur": "/heros/libai_c_v.jpg"
    },
    {
      "id": 175,
      "poster": "/heros/zhongkui_hb_0.jpg",
      "posterBlur": "/heros/zhongkui_hb_0_v.jpg",
      "posterBig": "/heros/zhongkui_hb_0_b.jpg",
      "cover": "/heros/zhongkui_c.jpg",
      "coverBlur": "/heros/zhongkui_c_v.jpg"
    },
    {
      "id": 173,
      "poster": "/heros/liyuanfang_hb_0.jpg",
      "posterBlur": "/heros/liyuanfang_hb_0_v.jpg",
      "posterBig": "/heros/liyuanfang_hb_0_b.jpg",
      "cover": "/heros/liyuanfang_c.jpg",
      "coverBlur": "/heros/liyuanfang_c_v.jpg"
    },
    {
      "id": 149,
      "poster": "/heros/liubang_hb_0.jpg",
      "posterBlur": "/heros/liubang_hb_0_v.jpg",
      "posterBig": "/heros/liubang_hb_0_b.jpg",
      "cover": "/heros/liubang_c.jpg",
      "coverBlur": "/heros/liubang_c_v.jpg"
    },
    {
      "id": 157,
      "poster": "/heros/buzhihuowu_hb_0.jpg",
      "posterBlur": "/heros/buzhihuowu_hb_0_v.jpg",
      "posterBig": "/heros/buzhihuowu_hb_0_b.jpg",
      "cover": "/heros/buzhihuowu_c.jpg",
      "coverBlur": "/heros/buzhihuowu_c_v.jpg"
    },
    {
      "id": 174,
      "poster": "/heros/yuji_hb_0.jpg",
      "posterBlur": "/heros/yuji_hb_0_v.jpg",
      "posterBig": "/heros/yuji_hb_0_b.jpg",
      "cover": "/heros/yuji_c.jpg",
      "coverBlur": "/heros/yuji_c_v.jpg"
    },
    {
      "id": 140,
      "poster": "/heros/guanyu_hb_0.jpg",
      "posterBlur": "/heros/guanyu_hb_0_v.jpg",
      "posterBig": "/heros/guanyu_hb_0_b.jpg",
      "cover": "/heros/guanyu_c.jpg",
      "coverBlur": "/heros/guanyu_c_v.jpg"
    },
    {
      "id": 184,
      "poster": "/heros/caiwenji_hb_0.jpg",
      "posterBlur": "/heros/caiwenji_hb_0_v.jpg",
      "posterBig": "/heros/caiwenji_hb_0_b.jpg",
      "cover": "/heros/caiwenji_c.jpg",
      "coverBlur": "/heros/caiwenji_c_v.jpg"
    },
    {
      "id": 126,
      "poster": "/heros/xiahoudun_hb_0.jpg",
      "posterBlur": "/heros/xiahoudun_hb_0_v.jpg",
      "posterBig": "/heros/xiahoudun_hb_0_b.jpg",
      "cover": "/heros/xiahoudun_c.jpg",
      "coverBlur": "/heros/xiahoudun_c_v.jpg"
    },
    {
      "id": 183,
      "poster": "/heros/yadianna_hb_0.jpg",
      "posterBlur": "/heros/yadianna_hb_0_v.jpg",
      "posterBig": "/heros/yadianna_hb_0_b.jpg",
      "cover": "/heros/yadianna_c.jpg",
      "coverBlur": "/heros/yadianna_c_v.jpg"
    },
    {
      "id": 132,
      "poster": "/heros/makeboluo_hb_0.jpg",
      "posterBlur": "/heros/makeboluo_hb_0_v.jpg",
      "posterBig": "/heros/makeboluo_hb_0_b.jpg",
      "cover": "/heros/makeboluo_c.jpg",
      "coverBlur": "/heros/makeboluo_c_v.jpg"
    },
    {
      "id": 163,
      "poster": "/heros/juyoujing_hb_0.jpg",
      "posterBlur": "/heros/juyoujing_hb_0_v.jpg",
      "posterBig": "/heros/juyoujing_hb_0_b.jpg",
      "cover": "/heros/juyoujing_c.jpg",
      "coverBlur": "/heros/juyoujing_c_v.jpg"
    },
    {
      "id": 177,
      "poster": "/heros/chengjisihan_hb_0.jpg",
      "posterBlur": "/heros/chengjisihan_hb_0_v.jpg",
      "posterBig": "/heros/chengjisihan_hb_0_b.jpg",
      "cover": "/heros/chengjisihan_c.jpg",
      "coverBlur": "/heros/chengjisihan_c_v.jpg"
    },
    {
      "id": 178,
      "poster": "/heros/yangjian_hb_0.jpg",
      "posterBlur": "/heros/yangjian_hb_0_v.jpg",
      "posterBig": "/heros/yangjian_hb_0_b.jpg",
      "cover": "/heros/yangjian_c.jpg",
      "coverBlur": "/heros/yangjian_c_v.jpg"
    },
    {
      "id": 186,
      "poster": "/heros/taiyizhenren_hb_0.jpg",
      "posterBlur": "/heros/taiyizhenren_hb_0_v.jpg",
      "posterBig": "/heros/taiyizhenren_hb_0_b.jpg",
      "cover": "/heros/taiyizhenren_c.jpg",
      "coverBlur": "/heros/taiyizhenren_c_v.jpg"
    },
    {
      "id": 180,
      "poster": "/heros/nezha_hb_0.jpg",
      "posterBlur": "/heros/nezha_hb_0_v.jpg",
      "posterBig": "/heros/nezha_hb_0_b.jpg",
      "cover": "/heros/nezha_c.jpg",
      "coverBlur": "/heros/nezha_c_v.jpg"
    },
    {
      "id": 190,
      "poster": "/heros/zhugeliang_hb_0.jpg",
      "posterBlur": "/heros/zhugeliang_hb_0_v.jpg",
      "posterBig": "/heros/zhugeliang_hb_0_b.jpg",
      "cover": "/heros/zhugeliang_c.jpg",
      "coverBlur": "/heros/zhugeliang_c_v.jpg"
    },
    {
      "id": 192,
      "poster": "/heros/huangzhong_hb_0.jpg",
      "posterBlur": "/heros/huangzhong_hb_0_v.jpg",
      "posterBig": "/heros/huangzhong_hb_0_b.jpg",
      "cover": "/heros/huangzhong_c.jpg",
      "coverBlur": "/heros/huangzhong_c_v.jpg"
    },
    {
      "id": 191,
      "poster": "/heros/daqiao_hb_0.jpg",
      "posterBlur": "/heros/daqiao_hb_0_v.jpg",
      "posterBig": "/heros/daqiao_hb_0_b.jpg",
      "cover": "/heros/daqiao_c.jpg",
      "coverBlur": "/heros/daqiao_c_v.jpg"
    },
    {
      "id": 187,
      "poster": "/heros/donghuangtaiyi_hb_0.jpg",
      "posterBlur": "/heros/donghuangtaiyi_hb_0_v.jpg",
      "posterBig": "/heros/donghuangtaiyi_hb_0_b.jpg",
      "cover": "/heros/donghuangtaiyi_c.jpg",
      "coverBlur": "/heros/donghuangtaiyi_c_v.jpg"
    },
    {
      "id": 182,
      "poster": "/heros/ganjiangmoye_hb_0.jpg",
      "posterBlur": "/heros/ganjiangmoye_hb_0_v.jpg",
      "posterBig": "/heros/ganjiangmoye_hb_0_b.jpg",
      "cover": "/heros/ganjiangmoye_c.jpg",
      "coverBlur": "/heros/ganjiangmoye_c_v.jpg"
    },
    {
      "id": 189,
      "poster": "/heros/guiguzi_hb_0.jpg",
      "posterBlur": "/heros/guiguzi_hb_0_v.jpg",
      "posterBig": "/heros/guiguzi_hb_0_b.jpg",
      "cover": "/heros/guiguzi_c.jpg",
      "coverBlur": "/heros/guiguzi_c_v.jpg"
    },
    {
      "id": 193,
      "poster": "/heros/kai_hb_0.jpg",
      "posterBlur": "/heros/kai_hb_0_v.jpg",
      "posterBig": "/heros/kai_hb_0_b.jpg",
      "cover": "/heros/kai_c.jpg",
      "coverBlur": "/heros/kai_c_v.jpg"
    },
    {
      "id": 196,
      "poster": "/heros/bailishouyue_hb_0.jpg",
      "posterBlur": "/heros/bailishouyue_hb_0_v.jpg",
      "posterBig": "/heros/bailishouyue_hb_0_b.jpg",
      "cover": "/heros/bailishouyue_c.jpg",
      "coverBlur": "/heros/bailishouyue_c_v.jpg"
    },
    {
      "id": 195,
      "poster": "/heros/bailixuance_hb_0.jpg",
      "posterBlur": "/heros/bailixuance_hb_0_v.jpg",
      "posterBig": "/heros/bailixuance_hb_0_b.jpg",
      "cover": "/heros/bailixuance_c.jpg",
      "coverBlur": "/heros/bailixuance_c_v.jpg"
    },
    {
      "id": 194,
      "poster": "/heros/sulie_hb_0.jpg",
      "posterBlur": "/heros/sulie_hb_0_v.jpg",
      "posterBig": "/heros/sulie_hb_0_b.jpg",
      "cover": "/heros/sulie_c.jpg",
      "coverBlur": "/heros/sulie_c_v.jpg"
    },
    {
      "id": 198,
      "poster": "/heros/mengqi_hb_0.jpg",
      "posterBlur": "/heros/mengqi_hb_0_v.jpg",
      "posterBig": "/heros/mengqi_hb_0_b.jpg",
      "cover": "/heros/mengqi_c.jpg",
      "coverBlur": "/heros/mengqi_c_v.jpg"
    },
    {
      "id": 179,
      "poster": "/heros/nvwa_hb_0.jpg",
      "posterBlur": "/heros/nvwa_hb_0_v.jpg",
      "posterBig": "/heros/nvwa_hb_0_b.jpg",
      "cover": "/heros/nvwa_c.jpg",
      "coverBlur": "/heros/nvwa_c_v.jpg"
    },
    {
      "id": 501,
      "poster": "/heros/mingshiyin_hb_0.jpg",
      "posterBlur": "/heros/mingshiyin_hb_0_v.jpg",
      "posterBig": "/heros/mingshiyin_hb_0_b.jpg",
      "cover": "/heros/mingshiyin_c.jpg",
      "coverBlur": "/heros/mingshiyin_c_v.jpg"
    },
    {
      "id": 199,
      "poster": "/heros/gongsunli_hb_0.jpg",
      "posterBlur": "/heros/gongsunli_hb_0_v.jpg",
      "posterBig": "/heros/gongsunli_hb_0_b.jpg",
      "cover": "/heros/gongsunli_c.jpg",
      "coverBlur": "/heros/gongsunli_c_v.jpg"
    },
    {
      "id": 176,
      "poster": "/heros/yangyuhuan_hb_0.jpg",
      "posterBlur": "/heros/yangyuhuan_hb_0_v.jpg",
      "posterBig": "/heros/yangyuhuan_hb_0_b.jpg",
      "cover": "/heros/yangyuhuan_c.jpg",
      "coverBlur": "/heros/yangyuhuan_c_v.jpg"
    },
    {
      "id": 502,
      "poster": "/heros/peiqinhu_hb_0.jpg",
      "posterBlur": "/heros/peiqinhu_hb_0_v.jpg",
      "posterBig": "/heros/peiqinhu_hb_0_b.jpg",
      "cover": "/heros/peiqinhu_c.jpg",
      "coverBlur": "/heros/peiqinhu_c_v.jpg"
    },
    {
      "id": 197,
      "poster": "/heros/yixing_hb_0.jpg",
      "posterBlur": "/heros/yixing_hb_0_v.jpg",
      "posterBig": "/heros/yixing_hb_0_b.jpg",
      "cover": "/heros/yixing_c.jpg",
      "coverBlur": "/heros/yixing_c_v.jpg"
    },
    {
      "id": 503,
      "poster": "/heros/kuangtie_hb_0.jpg",
      "posterBlur": "/heros/kuangtie_hb_0_v.jpg",
      "posterBig": "/heros/kuangtie_hb_0_b.jpg",
      "cover": "/heros/kuangtie_c.jpg",
      "coverBlur": "/heros/kuangtie_c_v.jpg"
    },
    {
      "id": 504,
      "poster": "/heros/milaidi_hb_0.jpg",
      "posterBlur": "/heros/milaidi_hb_0_v.jpg",
      "posterBig": "/heros/milaidi_hb_0_b.jpg",
      "cover": "/heros/milaidi_c.jpg",
      "coverBlur": "/heros/milaidi_c_v.jpg"
    },
    {
      "id": 125,
      "poster": "/heros/yuange_hb_0.jpg",
      "posterBlur": "/heros/yuange_hb_0_v.jpg",
      "posterBig": "/heros/yuange_hb_0_b.jpg",
      "cover": "/heros/yuange_c.jpg",
      "coverBlur": "/heros/yuange_c_v.jpg"
    },
    {
      "id": 510,
      "poster": "/heros/sunce_hb_0.jpg",
      "posterBlur": "/heros/sunce_hb_0_v.jpg",
      "posterBig": "/heros/sunce_hb_0_b.jpg",
      "cover": "/heros/sunce_c.jpg",
      "coverBlur": "/heros/sunce_c_v.jpg"
    },
    {
      "id": 137,
      "poster": "/heros/simayi_hb_0.jpg",
      "posterBlur": "/heros/simayi_hb_0_v.jpg",
      "posterBig": "/heros/simayi_hb_0_b.jpg",
      "cover": "/heros/simayi_c.jpg",
      "coverBlur": "/heros/simayi_c_v.jpg"
    },
    {
      "id": 509,
      "poster": "/heros/dunshan_hb_0.jpg",
      "posterBlur": "/heros/dunshan_hb_0_v.jpg",
      "posterBig": "/heros/dunshan_hb_0_b.jpg",
      "cover": "/heros/dunshan_c.jpg",
      "coverBlur": "/heros/dunshan_c_v.jpg"
    },
    {
      "id": 508,
      "poster": "/heros/jialuo_hb_0.jpg",
      "posterBlur": "/heros/jialuo_hb_0_v.jpg",
      "posterBig": "/heros/jialuo_hb_0_b.jpg",
      "cover": "/heros/jialuo_c.jpg",
      "coverBlur": "/heros/jialuo_c_v.jpg"
    },
    {
      "id": 312,
      "poster": "/heros/shenmengxi_hb_0.jpg",
      "posterBlur": "/heros/shenmengxi_hb_0_v.jpg",
      "posterBig": "/heros/shenmengxi_hb_0_b.jpg",
      "cover": "/heros/shenmengxi_c.jpg",
      "coverBlur": "/heros/shenmengxi_c_v.jpg"
    },
    {
      "id": 507,
      "poster": "/heros/lixin_hb_0.jpg",
      "posterBlur": "/heros/lixin_hb_0_v.jpg",
      "posterBig": "/heros/lixin_hb_0_b.jpg",
      "cover": "/heros/lixin_c.jpg",
      "coverBlur": "/heros/lixin_c_v.jpg"
    },
    {
      "id": 513,
      "poster": "/heros/shangguanwaner_hb_0.jpg",
      "posterBlur": "/heros/shangguanwaner_hb_0_v.jpg",
      "posterBig": "/heros/shangguanwaner_hb_0_b.jpg",
      "cover": "/heros/shangguanwaner_c.jpg",
      "coverBlur": "/heros/shangguanwaner_c_v.jpg"
    },
    {
      "id": 515,
      "poster": "/heros/change_hb_0.jpg",
      "posterBlur": "/heros/change_hb_0_v.jpg",
      "posterBig": "/heros/change_hb_0_b.jpg",
      "cover": "/heros/change_c.jpg",
      "coverBlur": "/heros/change_c_v.jpg"
    },
    {
      "id": 511,
      "poster": "/heros/zhubajie_hb_0.jpg",
      "posterBlur": "/heros/zhubajie_hb_0_v.jpg",
      "posterBig": "/heros/zhubajie_hb_0_b.jpg",
      "cover": "/heros/zhubajie_c.jpg",
      "coverBlur": "/heros/zhubajie_c_v.jpg"
    },
    {
      "id": 529,
      "poster": "/heros/pangu_hb_0.jpg",
      "posterBlur": "/heros/pangu_hb_0_v.jpg",
      "posterBig": "/heros/pangu_hb_0_b.jpg",
      "cover": "/heros/pangu_c.jpg",
      "coverBlur": "/heros/pangu_c_v.jpg"
    },
    {
      "id": 505,
      "poster": "/heros/yao1_hb_0.jpg",
      "posterBlur": "/heros/yao1_hb_0_v.jpg",
      "posterBig": "/heros/yao1_hb_0_b.jpg",
      "cover": "/heros/yao1_c.jpg",
      "coverBlur": "/heros/yao1_c_v.jpg"
    },
    {
      "id": 506,
      "poster": "/heros/yunzhongjun_hb_0.jpg",
      "posterBlur": "/heros/yunzhongjun_hb_0_v.jpg",
      "posterBig": "/heros/yunzhongjun_hb_0_b.jpg",
      "cover": "/heros/yunzhongjun_c.jpg",
      "coverBlur": "/heros/yunzhongjun_c_v.jpg"
    },
    {
      "id": 522,
      "poster": "/heros/yao2_hb_0.jpg",
      "posterBlur": "/heros/yao2_hb_0_v.jpg",
      "posterBig": "/heros/yao2_hb_0_b.jpg",
      "cover": "/heros/yao2_c.jpg",
      "coverBlur": "/heros/yao2_c_v.jpg"
    },
    {
      "id": 518,
      "poster": "/heros/machao_hb_0.jpg",
      "posterBlur": "/heros/machao_hb_0_v.jpg",
      "posterBig": "/heros/machao_hb_0_b.jpg",
      "cover": "/heros/machao_c.jpg",
      "coverBlur": "/heros/machao_c_v.jpg"
    },
    {
      "id": 523,
      "poster": "/heros/xishi_hb_0.jpg",
      "posterBlur": "/heros/xishi_hb_0_v.jpg",
      "posterBig": "/heros/xishi_hb_0_b.jpg",
      "cover": "/heros/xishi_c.jpg",
      "coverBlur": "/heros/xishi_c_v.jpg"
    },
    {
      "id": 525,
      "poster": "/heros/lubandashi_hb_0.jpg",
      "posterBlur": "/heros/lubandashi_hb_0_v.jpg",
      "posterBig": "/heros/lubandashi_hb_0_b.jpg",
      "cover": "/heros/lubandashi_c.jpg",
      "coverBlur": "/heros/lubandashi_c_v.jpg"
    },
    {
      "id": 524,
      "poster": "/heros/mengya_hb_0.jpg",
      "posterBlur": "/heros/mengya_hb_0_v.jpg",
      "posterBig": "/heros/mengya_hb_0_b.jpg",
      "cover": "/heros/mengya_c.jpg",
      "coverBlur": "/heros/mengya_c_v.jpg"
    },
    {
      "id": 531,
      "poster": "/heros/jing_hb_0.jpg",
      "posterBlur": "/heros/jing_hb_0_v.jpg",
      "posterBig": "/heros/jing_hb_0_b.jpg",
      "cover": "/heros/jing_c.jpg",
      "coverBlur": "/heros/jing_c_v.jpg"
    },
    {
      "id": 527,
      "poster": "/heros/mengtian_hb_0.jpg",
      "posterBlur": "/heros/mengtian_hb_0_v.jpg",
      "posterBig": "/heros/mengtian_hb_0_b.jpg",
      "cover": "/heros/mengtian_c.jpg",
      "coverBlur": "/heros/mengtian_c_v.jpg"
    },
    {
      "id": 533,
      "poster": "/heros/aguduo_hb_0.jpg",
      "posterBlur": "/heros/aguduo_hb_0_v.jpg",
      "posterBig": "/heros/aguduo_hb_0_b.jpg",
      "cover": "/heros/aguduo_c.jpg",
      "coverBlur": "/heros/aguduo_c_v.jpg"
    },
    {
      "id": 536,
      "poster": "/heros/xialuote_hb_0.jpg",
      "posterBlur": "/heros/xialuote_hb_0_v.jpg",
      "posterBig": "/heros/xialuote_hb_0_b.jpg",
      "cover": "/heros/xialuote_c.jpg",
      "coverBlur": "/heros/xialuote_c_v.jpg"
    },
    {
      "id": 528,
      "poster": "/heros/lan_hb_0.jpg",
      "posterBlur": "/heros/lan_hb_0_v.jpg",
      "posterBig": "/heros/lan_hb_0_b.jpg",
      "cover": "/heros/lan_c.jpg",
      "coverBlur": "/heros/lan_c_v.jpg"
    },
    {
      "id": 537,
      "poster": "/heros/sikongzhen_hb_0.jpg",
      "posterBlur": "/heros/sikongzhen_hb_0_v.jpg",
      "posterBig": "/heros/sikongzhen_hb_0_b.jpg",
      "cover": "/heros/sikongzhen_c.jpg",
      "coverBlur": "/heros/sikongzhen_c_v.jpg"
    },
    {
      "id": 155,
      "poster": "/heros/ailin_hb_0.jpg",
      "posterBlur": "/heros/ailin_hb_0_v.jpg",
      "posterBig": "/heros/ailin_hb_0_b.jpg",
      "cover": "/heros/ailin_c.jpg",
      "coverBlur": "/heros/ailin_c_v.jpg"
    },
    {
      "id": 538,
      "poster": "/heros/yunying_hb_0.jpg",
      "posterBlur": "/heros/yunying_hb_0_v.jpg",
      "posterBig": "/heros/yunying_hb_0_b.jpg",
      "cover": "/heros/yunying_c.jpg",
      "coverBlur": "/heros/yunying_c_v.jpg"
    },
    {
      "id": 540,
      "poster": "/heros/jinchan_hb_0.jpg",
      "posterBlur": "/heros/jinchan_hb_0_v.jpg",
      "posterBig": "/heros/jinchan_hb_0_b.jpg",
      "cover": "/heros/jinchan_c.jpg",
      "coverBlur": "/heros/jinchan_c_v.jpg"
    },
    {
      "id": 542,
      "poster": "/heros/fei_hb_0.jpg",
      "posterBlur": "/heros/fei_hb_0_v.jpg",
      "posterBig": "/heros/fei_hb_0_b.jpg",
      "cover": "/heros/fei_c.jpg",
      "coverBlur": "/heros/fei_c_v.jpg"
    },
    {
      "id": 534,
      "poster": "/heros/sangqi_hb_0.jpg",
      "posterBlur": "/heros/sangqi_hb_0_v.jpg",
      "posterBig": "/heros/sangqi_hb_0_b.jpg",
      "cover": "/heros/sangqi_c.jpg",
      "coverBlur": "/heros/sangqi_c_v.jpg"
    },
    {
      "id": 548,
      "poster": "/heros/geya_hb_0.jpg",
      "posterBlur": "/heros/geya_hb_0_v.jpg",
      "posterBig": "/heros/geya_hb_0_b.jpg",
      "cover": "/heros/geya_c.jpg",
      "coverBlur": "/heros/geya_c_v.jpg"
    },
    {
      "id": 521,
      "poster": "/heros/haiyue_hb_0.jpg",
      "posterBlur": "/heros/haiyue_hb_0_v.jpg",
      "posterBig": "/heros/haiyue_hb_0_b.jpg",
      "cover": "/heros/haiyue_c.jpg",
      "coverBlur": "/heros/haiyue_c_v.jpg"
    },
    {
      "id": 544,
      "poster": "/heros/zhaohuaizhen_hb_0.jpg",
      "posterBlur": "/heros/zhaohuaizhen_hb_0_v.jpg",
      "posterBig": "/heros/zhaohuaizhen_hb_0_b.jpg",
      "cover": "/heros/zhaohuaizhen_c.jpg",
      "coverBlur": "/heros/zhaohuaizhen_c_v.jpg"
    },
    {
      "id": 545,
      "poster": "/heros/laixiao_hb_0.jpg",
      "posterBlur": "/heros/laixiao_hb_0_v.jpg",
      "posterBig": "/heros/laixiao_hb_0_b.jpg",
      "cover": "/heros/laixiao_c.jpg",
      "coverBlur": "/heros/laixiao_c_v.jpg"
    },
    {
      "id": 564,
      "poster": "/heros/jixiaoman_hb_0.jpg",
      "posterBlur": "/heros/jixiaoman_hb_0_v.jpg",
      "posterBig": "/heros/jixiaoman_hb_0_b.jpg",
      "cover": "/heros/jixiaoman_c.jpg",
      "coverBlur": "/heros/jixiaoman_c_v.jpg"
    },
    {
      "id": 514,
      "poster": "/heros/yalian_hb_0.jpg",
      "posterBlur": "/heros/yalian_hb_0_v.jpg",
      "posterBig": "/heros/yalian_hb_0_b.jpg",
      "cover": "/heros/yalian_c.jpg",
      "coverBlur": "/heros/yalian_c_v.jpg"
    },
    {
      "id": 159,
      "poster": "/heros/duoliya_hb_0.jpg",
      "posterBlur": "/heros/duoliya_hb_0_v.jpg",
      "posterBig": "/heros/duoliya_hb_0_b.jpg",
      "cover": "/heros/duoliya_c.jpg",
      "coverBlur": "/heros/duoliya_c_v.jpg"
    },
    {
      "id": 563,
      "poster": "/heros/hainuo_hb_0.jpg",
      "posterBlur": "/heros/hainuo_hb_0_v.jpg",
      "posterBig": "/heros/hainuo_hb_0_b.jpg",
      "cover": "/heros/hainuo_c.jpg",
      "coverBlur": "/heros/hainuo_c_v.jpg"
    },
    {
      "id": 519,
      "poster": "/heros/aoyin_hb_0.jpg",
      "posterBlur": "/heros/aoyin_hb_0_v.jpg",
      "posterBig": "/heros/aoyin_hb_0_b.jpg",
      "cover": "/heros/aoyin_c.jpg",
      "coverBlur": "/heros/aoyin_c_v.jpg"
    },
    {
      "id": 517,
      "poster": "/heros/dasiming_hb_0.jpg",
      "posterBlur": "/heros/dasiming_hb_0_v.jpg",
      "posterBig": "/heros/dasiming_hb_0_b.jpg",
      "cover": "/heros/dasiming_c.jpg",
      "coverBlur": "/heros/dasiming_c_v.jpg"
    }
  ]
}
