{
  "data": [
    {
      "id": 107,
      "value": "zhaoyun"
    },
    {
      "id": 109,
      "value": "daji"
    },
    {
      "id": 115,
      "value": "gaojianli"
    },
    {
      "id": 120,
      "value": "baiqi"
    },
    {
      "id": 136,
      "value": "wuzetian"
    },
    {
      "id": 146,
      "value": "luna"
    },
    {
      "id": 105,
      "value": "lianpo"
    },
    {
      "id": 110,
      "value": "yingzheng"
    },
    {
      "id": 116,
      "value": "ake"
    },
    {
      "id": 127,
      "value": "zhenji"
    },
    {
      "id": 139,
      "value": "laofuzi"
    },
    {
      "id": 148,
      "value": "jiangziya"
    },
    {
      "id": 106,
      "value": "xiaoqiao"
    },
    {
      "id": 112,
      "value": "lubanqihao"
    },
    {
      "id": 117,
      "value": "zhongwuyan"
    },
    {
      "id": 133,
      "value": "direnjie"
    },
    {
      "id": 156,
      "value": "zhangliang"
    },
    {
      "id": 108,
      "value": "mozi"
    },
    {
      "id": 113,
      "value": "zhuangzhou"
    },
    {
      "id": 118,
      "value": "sunbin"
    },
    {
      "id": 129,
      "value": "dianwei"
    },
    {
      "id": 134,
      "value": "damo"
    },
    {
      "id": 150,
      "value": "hanxin"
    },
    {
      "id": 166,
      "value": "yase"
    },
    {
      "id": 111,
      "value": "sunshangxiang"
    },
    {
      "id": 114,
      "value": "liushan"
    },
    {
      "id": 119,
      "value": "bianque"
    },
    {
      "id": 130,
      "value": "gongbenwuzang"
    },
    {
      "id": 135,
      "value": "xiangyu"
    },
    {
      "id": 144,
      "value": "chengyaojin"
    },
    {
      "id": 152,
      "value": "wangzhaojun"
    },
    {
      "id": 142,
      "value": "anqila"
    },
    {
      "id": 128,
      "value": "caocao"
    },
    {
      "id": 124,
      "value": "zhouyu"
    },
    {
      "id": 168,
      "value": "niumo"
    },
    {
      "id": 167,
      "value": "sunwukong"
    },
    {
      "id": 121,
      "value": "miyue"
    },
    {
      "id": 141,
      "value": "diaochan"
    },
    {
      "id": 123,
      "value": "lvbu"
    },
    {
      "id": 154,
      "value": "huamulan"
    },
    {
      "id": 169,
      "value": "houyi"
    },
    {
      "id": 171,
      "value": "zhangfei"
    },
    {
      "id": 170,
      "value": "liubei"
    },
    {
      "id": 153,
      "value": "lanlingwang"
    },
    {
      "id": 162,
      "value": "nakelulu"
    },
    {
      "id": 131,
      "value": "libai"
    },
    {
      "id": 175,
      "value": "zhongkui"
    },
    {
      "id": 173,
      "value": "liyuanfang"
    },
    {
      "id": 149,
      "value": "liubang"
    },
    {
      "id": 157,
      "value": "buzhihuowu"
    },
    {
      "id": 174,
      "value": "yuji"
    },
    {
      "id": 140,
      "value": "guanyu"
    },
    {
      "id": 184,
      "value": "caiwenji"
    },
    {
      "id": 126,
      "value": "xiahoudun"
    },
    {
      "id": 183,
      "value": "yadianna"
    },
    {
      "id": 132,
      "value": "makeboluo"
    },
    {
      "id": 163,
      "value": "juyoujing"
    },
    {
      "id": 177,
      "value": "chengjisihan"
    },
    {
      "id": 178,
      "value": "yangjian"
    },
    {
      "id": 186,
      "value": "taiyizhenren"
    },
    {
      "id": 180,
      "value": "nezha"
    },
    {
      "id": 190,
      "value": "zhugeliang"
    },
    {
      "id": 192,
      "value": "huangzhong"
    },
    {
      "id": 191,
      "value": "daqiao"
    },
    {
      "id": 187,
      "value": "donghuangtaiyi"
    },
    {
      "id": 182,
      "value": "ganjiangmoye"
    },
    {
      "id": 189,
      "value": "guiguzi"
    },
    {
      "id": 193,
      "value": "kai"
    },
    {
      "id": 196,
      "value": "bailishouyue"
    },
    {
      "id": 195,
      "value": "bailixuance"
    },
    {
      "id": 194,
      "value": "sulie"
    },
    {
      "id": 198,
      "value": "mengqi"
    },
    {
      "id": 179,
      "value": "nvwa"
    },
    {
      "id": 501,
      "value": "mingshiyin"
    },
    {
      "id": 199,
      "value": "gongsunli"
    },
    {
      "id": 176,
      "value": "yangyuhuan"
    },
    {
      "id": 502,
      "value": "peiqinhu"
    },
    {
      "id": 197,
      "value": "yixing"
    },
    {
      "id": 503,
      "value": "kuangtie"
    },
    {
      "id": 504,
      "value": "milaidi"
    },
    {
      "id": 125,
      "value": "yuange"
    },
    {
      "id": 510,
      "value": "sunce"
    },
    {
      "id": 137,
      "value": "simayi"
    },
    {
      "id": 509,
      "value": "dunshan"
    },
    {
      "id": 508,
      "value": "jialuo"
    },
    {
      "id": 312,
      "value": "shenmengxi"
    },
    {
      "id": 507,
      "value": "lixin"
    },
    {
      "id": 513,
      "value": "shangguanwaner"
    },
    {
      "id": 515,
      "value": "change"
    },
    {
      "id": 511,
      "value": "zhubajie"
    },
    {
      "id": 529,
      "value": "pangu"
    },
    {
      "id": 505,
      "value": "yao1"
    },
    {
      "id": 506,
      "value": "yunzhongjun"
    },
    {
      "id": 522,
      "value": "yao2"
    },
    {
      "id": 518,
      "value": "machao"
    },
    {
      "id": 523,
      "value": "xishi"
    },
    {
      "id": 525,
      "value": "lubandashi"
    },
    {
      "id": 524,
      "value": "mengya"
    },
    {
      "id": 531,
      "value": "jing"
    },
    {
      "id": 527,
      "value": "mengtian"
    },
    {
      "id": 533,
      "value": "aguduo"
    },
    {
      "id": 536,
      "value": "xialuote"
    },
    {
      "id": 528,
      "value": "lan"
    },
    {
      "id": 537,
      "value": "sikongzhen"
    },
    {
      "id": 155,
      "value": "ailin"
    },
    {
      "id": 538,
      "value": "yunying"
    },
    {
      "id": 540,
      "value": "jinchan"
    },
    {
      "id": 542,
      "value": "fei"
    },
    {
      "id": 534,
      "value": "sangqi"
    },
    {
      "id": 548,
      "value": "geya"
    },
    {
      "id": 521,
      "value": "haiyue"
    },
    {
      "id": 544,
      "value": "zhaohuaizhen"
    },
    {
      "id": 545,
      "value": "laixiao"
    },
    {
      "id": 564,
      "value": "jixiaoman"
    },
    {
      "id": 514,
      "value": "yalian"
    },
    {
      "id": 159,
      "value": "duoliya"
    },
    {
      "id": 563,
      "value": "hainuo"
    },
    {
      "id": 519,
      "value": "aoyin"
    },
    {
      "id": 517,
      "value": "dasiming"
    },
    {
      "id": 577,
      "value": "shaosiyuan"
    }
  ]
}
