{
  "data": [
    {
      "id": 1071,
      "value": "忍·炎影"
    },
    {
      "id": 1072,
      "value": "未来纪元"
    },
    {
      "id": 1073,
      "value": "皇家上将"
    },
    {
      "id": 1074,
      "value": "嘻哈天王"
    },
    {
      "id": 1075,
      "value": "白执事"
    },
    {
      "id": 1076,
      "value": "引擎之心"
    },
    {
      "id": 1077,
      "value": "龙胆"
    },
    {
      "id": 1078,
      "value": "淬星耀世"
    },
    {
      "id": 1079,
      "value": "百木心枪"
    },
    {
      "id": 1091,
      "value": "女仆咖啡"
    },
    {
      "id": 1092,
      "value": "魅力维加斯"
    },
    {
      "id": 1093,
      "value": "仙境爱丽丝"
    },
    {
      "id": 1094,
      "value": "少女阿狸"
    },
    {
      "id": 1095,
      "value": "热情桑巴"
    },
    {
      "id": 1096,
      "value": "时之彼端"
    },
    {
      "id": 1097,
      "value": "紫罗兰之誓"
    },
    {
      "id": 1098,
      "value": "时之奇旅"
    },
    {
      "id": 1151,
      "value": "金属狂潮"
    },
    {
      "id": 1152,
      "value": "死亡摇滚"
    },
    {
      "id": 1153,
      "value": "玩趣恶龙"
    },
    {
      "id": 1154,
      "value": "天秀·音浪"
    },
    {
      "id": 1201,
      "value": "白色死神"
    },
    {
      "id": 1202,
      "value": "狰"
    },
    {
      "id": 1203,
      "value": "星夜王子"
    },
    {
      "id": 1204,
      "value": "夜都怪侠"
    },
    {
      "id": 1361,
      "value": "东方不败"
    },
    {
      "id": 1362,
      "value": "海洋之心"
    },
    {
      "id": 1363,
      "value": "倪克斯神谕"
    },
    {
      "id": 1461,
      "value": "哥特玫瑰"
    },
    {
      "id": 1462,
      "value": "绯红之刃"
    },
    {
      "id": 1463,
      "value": "紫霞仙子"
    },
    {
      "id": 1464,
      "value": "一生所爱"
    },
    {
      "id": 1465,
      "value": "瓷语鉴心"
    },
    {
      "id": 1466,
      "value": "启示之音"
    },
    {
      "id": 1051,
      "value": "地狱岩魂"
    },
    {
      "id": 1052,
      "value": "无尽征程"
    },
    {
      "id": 1053,
      "value": "寅虎·御盾"
    },
    {
      "id": 1101,
      "value": "摇滚巨星"
    },
    {
      "id": 1102,
      "value": "暗夜贵公子"
    },
    {
      "id": 1103,
      "value": "优雅恋人"
    },
    {
      "id": 1104,
      "value": "白昼王子"
    },
    {
      "id": 1161,
      "value": "爱心护理"
    },
    {
      "id": 1162,
      "value": "暗夜猫娘"
    },
    {
      "id": 1163,
      "value": "致命风华"
    },
    {
      "id": 1164,
      "value": "节奏热浪"
    },
    {
      "id": 1165,
      "value": "迷踪丽影"
    },
    {
      "id": 1271,
      "value": "冰雪圆舞曲"
    },
    {
      "id": 1272,
      "value": "花好人间"
    },
    {
      "id": 1273,
      "value": "游园惊梦"
    },
    {
      "id": 1274,
      "value": "幽恒"
    },
    {
      "id": 1275,
      "value": "女儿国国王"
    },
    {
      "id": 1276,
      "value": "落雪兰心"
    },
    {
      "id": 1391,
      "value": "潮流仙人"
    },
    {
      "id": 1392,
      "value": "圣诞老人"
    },
    {
      "id": 1393,
      "value": "功夫老勺"
    },
    {
      "id": 1394,
      "value": "醍醐杖"
    },
    {
      "id": 1395,
      "value": "航海奇遇记"
    },
    {
      "id": 1481,
      "value": "时尚教父"
    },
    {
      "id": 1482,
      "value": "炽热元素使"
    },
    {
      "id": 1061,
      "value": "万圣前夜"
    },
    {
      "id": 1062,
      "value": "天鹅之梦"
    },
    {
      "id": 1063,
      "value": "纯白花嫁"
    },
    {
      "id": 1064,
      "value": "缤纷独角兽"
    },
    {
      "id": 1065,
      "value": "丁香结"
    },
    {
      "id": 1066,
      "value": "青蛇"
    },
    {
      "id": 1067,
      "value": "音你心动"
    },
    {
      "id": 1121,
      "value": "木偶奇遇记"
    },
    {
      "id": 1122,
      "value": "福禄兄弟"
    },
    {
      "id": 1123,
      "value": "电玩小子"
    },
    {
      "id": 1124,
      "value": "星空梦想"
    },
    {
      "id": 1125,
      "value": "狮舞东方"
    },
    {
      "id": 1126,
      "value": "黑桃队长"
    },
    {
      "id": 1127,
      "value": "乒乒小将"
    },
    {
      "id": 1128,
      "value": "寅虎·瑞焰"
    },
    {
      "id": 1171,
      "value": "生化警戒"
    },
    {
      "id": 1172,
      "value": "王者之锤"
    },
    {
      "id": 1173,
      "value": "海滩丽影"
    },
    {
      "id": 1174,
      "value": "超时空战士"
    },
    {
      "id": 1331,
      "value": "锦衣卫"
    },
    {
      "id": 1332,
      "value": "魔术师"
    },
    {
      "id": 1333,
      "value": "超时空战士"
    },
    {
      "id": 1334,
      "value": "阴阳师"
    },
    {
      "id": 1335,
      "value": "鹰眼统帅"
    },
    {
      "id": 1336,
      "value": "万华元夜"
    },
    {
      "id": 1337,
      "value": "神器·狴犴令"
    },
    {
      "id": 1561,
      "value": "天堂福音"
    },
    {
      "id": 1562,
      "value": "一千零一夜"
    },
    {
      "id": 1563,
      "value": "幽兰居士"
    },
    {
      "id": 1564,
      "value": "黄金白羊座"
    },
    {
      "id": 1565,
      "value": "缤纷绘卷"
    },
    {
      "id": 1566,
      "value": "千筹问战"
    },
    {
      "id": 1081,
      "value": "金属风暴"
    },
    {
      "id": 1082,
      "value": "龙骑士"
    },
    {
      "id": 1083,
      "value": "进击墨子号"
    },
    {
      "id": 1084,
      "value": "神迹守卫"
    },
    {
      "id": 1131,
      "value": "鲤鱼之梦"
    },
    {
      "id": 1132,
      "value": "蜃楼王"
    },
    {
      "id": 1133,
      "value": "云端筑梦师"
    },
    {
      "id": 1134,
      "value": "奇妙博物学"
    },
    {
      "id": 1135,
      "value": "玄嵩"
    },
    {
      "id": 1136,
      "value": "高山流水"
    },
    {
      "id": 1137,
      "value": "天秀·幻梦"
    },
    {
      "id": 1181,
      "value": "未来旅行"
    },
    {
      "id": 1182,
      "value": "天使之翼"
    },
    {
      "id": 1183,
      "value": "妖精王"
    },
    {
      "id": 1184,
      "value": "归虚梦演"
    },
    {
      "id": 1185,
      "value": "天狼运算者"
    },
    {
      "id": 1186,
      "value": "寅虎·展翼"
    },
    {
      "id": 1291,
      "value": "黄金武士"
    },
    {
      "id": 1292,
      "value": "穷奇"
    },
    {
      "id": 1293,
      "value": "蓝屏警告"
    },
    {
      "id": 1294,
      "value": "岱宗"
    },
    {
      "id": 1295,
      "value": "铁甲之心"
    },
    {
      "id": 1341,
      "value": "拳王"
    },
    {
      "id": 1342,
      "value": "大发明家"
    },
    {
      "id": 1343,
      "value": "黄金狮子座"
    },
    {
      "id": 1344,
      "value": "星际陆战队"
    },
    {
      "id": 1345,
      "value": "沙漠行僧"
    },
    {
      "id": 1501,
      "value": "街头霸王"
    },
    {
      "id": 1502,
      "value": "教廷特使"
    },
    {
      "id": 1503,
      "value": "白龙吟"
    },
    {
      "id": 1504,
      "value": "逐梦之影"
    },
    {
      "id": 1505,
      "value": "飞衡"
    },
    {
      "id": 1506,
      "value": "傲雪梅枪"
    },
    {
      "id": 1661,
      "value": "死亡骑士"
    },
    {
      "id": 1662,
      "value": "狮心王"
    },
    {
      "id": 1663,
      "value": "心灵战警"
    },
    {
      "id": 1664,
      "value": "潮玩骑士王"
    },
    {
      "id": 1111,
      "value": "火炮千金"
    },
    {
      "id": 1112,
      "value": "水果甜心"
    },
    {
      "id": 1113,
      "value": "蔷薇恋人"
    },
    {
      "id": 1114,
      "value": "杀手不太冷"
    },
    {
      "id": 1115,
      "value": "末日机甲"
    },
    {
      "id": 1116,
      "value": "沉稳之力"
    },
    {
      "id": 1117,
      "value": "时之恋人"
    },
    {
      "id": 1118,
      "value": "异界灵契"
    },
    {
      "id": 1119,
      "value": "音你闪耀"
    },
    {
      "id": 1141,
      "value": "英喵野望"
    },
    {
      "id": 1142,
      "value": "绅士熊喵"
    },
    {
      "id": 1143,
      "value": "天才门将"
    },
    {
      "id": 1144,
      "value": "秘密基地"
    },
    {
      "id": 1145,
      "value": "唤灵魔甲"
    },
    {
      "id": 1191,
      "value": "救世之瞳"
    },
    {
      "id": 1192,
      "value": "化身博士"
    },
    {
      "id": 1193,
      "value": "炼金王"
    },
    {
      "id": 1301,
      "value": "鬼剑武藏"
    },
    {
      "id": 1302,
      "value": "未来纪元"
    },
    {
      "id": 1303,
      "value": "万象初新"
    },
    {
      "id": 1304,
      "value": "地狱之眼"
    },
    {
      "id": 1305,
      "value": "霸王丸"
    },
    {
      "id": 1351,
      "value": "帝国元帅"
    },
    {
      "id": 1352,
      "value": "苍穹之光"
    },
    {
      "id": 1353,
      "value": "海滩派对"
    },
    {
      "id": 1354,
      "value": "职棒王牌"
    },
    {
      "id": 1355,
      "value": "霸王别姬"
    },
    {
      "id": 1356,
      "value": "科学大爆炸"
    },
    {
      "id": 1441,
      "value": "爱与正义"
    },
    {
      "id": 1442,
      "value": "星际陆战队"
    },
    {
      "id": 1443,
      "value": "华尔街大亨"
    },
    {
      "id": 1444,
      "value": "功夫厨神"
    },
    {
      "id": 1445,
      "value": "活力突击"
    },
    {
      "id": 1446,
      "value": "演武夺筹"
    },
    {
      "id": 1447,
      "value": "无双福将"
    },
    {
      "id": 1521,
      "value": "精灵公主"
    },
    {
      "id": 1522,
      "value": "偶像歌手"
    },
    {
      "id": 1523,
      "value": "凤凰于飞"
    },
    {
      "id": 1524,
      "value": "幻想奇妙夜"
    },
    {
      "id": 1525,
      "value": "乞巧织情"
    },
    {
      "id": 1526,
      "value": "午后时光"
    },
    {
      "id": 1527,
      "value": "星穹之声"
    },
    {
      "id": 1421,
      "value": "玩偶对对碰"
    },
    {
      "id": 1422,
      "value": "魔法小厨娘"
    },
    {
      "id": 1423,
      "value": "心灵骇客"
    },
    {
      "id": 1424,
      "value": "如懿"
    },
    {
      "id": 1425,
      "value": "时之奇旅"
    },
    {
      "id": 1281,
      "value": "超能战警"
    },
    {
      "id": 1282,
      "value": "幽灵船长"
    },
    {
      "id": 1283,
      "value": "死神来了"
    },
    {
      "id": 1284,
      "value": "烛龙"
    },
    {
      "id": 1285,
      "value": "天狼征服者"
    },
    {
      "id": 1241,
      "value": "海军大将"
    },
    {
      "id": 1242,
      "value": "真爱至上"
    },
    {
      "id": 1243,
      "value": "赤莲之焰"
    },
    {
      "id": 1244,
      "value": "音你心动"
    },
    {
      "id": 1681,
      "value": "西部大镖客"
    },
    {
      "id": 1682,
      "value": "制霸全明星"
    },
    {
      "id": 1683,
      "value": "御旌"
    },
    {
      "id": 1684,
      "value": "奔雷神使"
    },
    {
      "id": 1671,
      "value": "地狱火"
    },
    {
      "id": 1672,
      "value": "西部大镖客"
    },
    {
      "id": 1673,
      "value": "美猴王"
    },
    {
      "id": 1674,
      "value": "至尊宝"
    },
    {
      "id": 1675,
      "value": "全息碎影"
    },
    {
      "id": 1676,
      "value": "大圣娶亲"
    },
    {
      "id": 1677,
      "value": "零号·赤焰"
    },
    {
      "id": 1678,
      "value": "孙行者"
    },
    {
      "id": 1211,
      "value": "红桃皇后"
    },
    {
      "id": 1212,
      "value": "大秦宣太后"
    },
    {
      "id": 1213,
      "value": "重明"
    },
    {
      "id": 1214,
      "value": "白晶晶"
    },
    {
      "id": 1215,
      "value": "幻夜卜梦"
    },
    {
      "id": 1411,
      "value": "异域舞娘"
    },
    {
      "id": 1412,
      "value": "圣诞恋歌"
    },
    {
      "id": 1413,
      "value": "仲夏夜之梦"
    },
    {
      "id": 1414,
      "value": "逐梦之音"
    },
    {
      "id": 1415,
      "value": "猫影幻舞"
    },
    {
      "id": 1416,
      "value": "遇见胡旋"
    },
    {
      "id": 1417,
      "value": "唤灵魅影"
    },
    {
      "id": 1231,
      "value": "圣诞狂欢"
    },
    {
      "id": 1232,
      "value": "天魔缭乱"
    },
    {
      "id": 1233,
      "value": "末日机甲"
    },
    {
      "id": 1234,
      "value": "猎兽之王"
    },
    {
      "id": 1235,
      "value": "野性能量"
    },
    {
      "id": 1236,
      "value": "御风骁将"
    },
    {
      "id": 1541,
      "value": "剑舞者"
    },
    {
      "id": 1542,
      "value": "兔女郎"
    },
    {
      "id": 1543,
      "value": "水晶猎龙者"
    },
    {
      "id": 1544,
      "value": "青春决赛季"
    },
    {
      "id": 1545,
      "value": "冠军飞将"
    },
    {
      "id": 1546,
      "value": "瑞麟志"
    },
    {
      "id": 1547,
      "value": "默契交锋"
    },
    {
      "id": 1548,
      "value": "九霄神辉"
    },
    {
      "id": 1691,
      "value": "精灵王"
    },
    {
      "id": 1692,
      "value": "阿尔法小队"
    },
    {
      "id": 1693,
      "value": "辉光之辰"
    },
    {
      "id": 1694,
      "value": "黄金射手座"
    },
    {
      "id": 1695,
      "value": "如梦令"
    },
    {
      "id": 1696,
      "value": "圣弓游侠"
    },
    {
      "id": 1697,
      "value": "无尽星芒"
    },
    {
      "id": 1711,
      "value": "五福同心"
    },
    {
      "id": 1712,
      "value": "乱世虎臣"
    },
    {
      "id": 1713,
      "value": "虎魄"
    },
    {
      "id": 1701,
      "value": "万事如意"
    },
    {
      "id": 1702,
      "value": "纽约教父"
    },
    {
      "id": 1703,
      "value": "汉昭烈帝"
    },
    {
      "id": 1704,
      "value": "时之恋人"
    },
    {
      "id": 1705,
      "value": "潮玩造梦师"
    },
    {
      "id": 1531,
      "value": "隐刃"
    },
    {
      "id": 1532,
      "value": "暗隐猎兽者"
    },
    {
      "id": 1533,
      "value": "驯魔猎人"
    },
    {
      "id": 1534,
      "value": "默契交锋"
    },
    {
      "id": 1535,
      "value": "金庭之子"
    },
    {
      "id": 1621,
      "value": "晚萤"
    },
    {
      "id": 1622,
      "value": "前尘镜"
    },
    {
      "id": 1311,
      "value": "范海辛"
    },
    {
      "id": 1312,
      "value": "千年之狐"
    },
    {
      "id": 1313,
      "value": "凤求凰"
    },
    {
      "id": 1314,
      "value": "敏锐之力"
    },
    {
      "id": 1315,
      "value": "鸣剑·曳影"
    },
    {
      "id": 1751,
      "value": "地府判官"
    },
    {
      "id": 1752,
      "value": "神迹守卫"
    },
    {
      "id": 1753,
      "value": "驱傩正仪"
    },
    {
      "id": 1754,
      "value": "乐园奇幻夜"
    },
    {
      "id": 1731,
      "value": "特种部队"
    },
    {
      "id": 1732,
      "value": "黑猫爱糖果"
    },
    {
      "id": 1733,
      "value": "逐浪之夏"
    },
    {
      "id": 1734,
      "value": "银河之约"
    },
    {
      "id": 1735,
      "value": "飞鸢探春"
    },
    {
      "id": 1736,
      "value": "云中旅人"
    },
    {
      "id": 1491,
      "value": "圣殿之光"
    },
    {
      "id": 1492,
      "value": "德古拉伯爵"
    },
    {
      "id": 1493,
      "value": "夺宝奇兵"
    },
    {
      "id": 1494,
      "value": "虎啸剑宗"
    },
    {
      "id": 1571,
      "value": "魅语"
    },
    {
      "id": 1572,
      "value": "绯月行"
    },
    {
      "id": 1741,
      "value": "加勒比小姐"
    },
    {
      "id": 1742,
      "value": "霸王别姬"
    },
    {
      "id": 1743,
      "value": "凯尔特女王"
    },
    {
      "id": 1744,
      "value": "云霓雀翎"
    },
    {
      "id": 1745,
      "value": "启明星使"
    },
    {
      "id": 1401,
      "value": "龙腾万里"
    },
    {
      "id": 1402,
      "value": "天启骑士"
    },
    {
      "id": 1403,
      "value": "冰锋战神"
    },
    {
      "id": 1404,
      "value": "武圣"
    },
    {
      "id": 1841,
      "value": "蔷薇王座"
    },
    {
      "id": 1842,
      "value": "奇迹圣诞"
    },
    {
      "id": 1843,
      "value": "舞动绿茵"
    },
    {
      "id": 1844,
      "value": "繁星吟游"
    },
    {
      "id": 1845,
      "value": "花朝如约"
    },
    {
      "id": 1261,
      "value": "战争骑士"
    },
    {
      "id": 1262,
      "value": "乘风破浪"
    },
    {
      "id": 1263,
      "value": "无限飓风号"
    },
    {
      "id": 1264,
      "value": "朔风刀"
    },
    {
      "id": 1265,
      "value": "匿光决锋者"
    },
    {
      "id": 1831,
      "value": "战争女神"
    },
    {
      "id": 1832,
      "value": "冰冠公主"
    },
    {
      "id": 1833,
      "value": "神奇女侠"
    },
    {
      "id": 1834,
      "value": "单词大作战"
    },
    {
      "id": 1835,
      "value": "黎明之约"
    },
    {
      "id": 1321,
      "value": "激情绿茵"
    },
    {
      "id": 1322,
      "value": "逐梦之星"
    },
    {
      "id": 1323,
      "value": "暗影游猎"
    },
    {
      "id": 1324,
      "value": "潮玩牛仔"
    },
    {
      "id": 1325,
      "value": "深海之息"
    },
    {
      "id": 1631,
      "value": "修罗"
    },
    {
      "id": 1632,
      "value": "枫霜尽"
    },
    {
      "id": 1771,
      "value": "维京掠夺者"
    },
    {
      "id": 1781,
      "value": "埃及法老"
    },
    {
      "id": 1782,
      "value": "永曜之星"
    },
    {
      "id": 1783,
      "value": "次元傲视"
    },
    {
      "id": 1784,
      "value": "天秀·启明"
    },
    {
      "id": 1861,
      "value": "圆桌骑士"
    },
    {
      "id": 1862,
      "value": "饕餮"
    },
    {
      "id": 1863,
      "value": "华丽摇滚"
    },
    {
      "id": 1801,
      "value": "三太子"
    },
    {
      "id": 1802,
      "value": "逐梦之翼"
    },
    {
      "id": 1803,
      "value": "次元突破"
    },
    {
      "id": 1804,
      "value": "雪上飞焰"
    },
    {
      "id": 1901,
      "value": "星航指挥官"
    },
    {
      "id": 1902,
      "value": "黄金分割率"
    },
    {
      "id": 1903,
      "value": "武陵仙君"
    },
    {
      "id": 1904,
      "value": "掌控之力"
    },
    {
      "id": 1905,
      "value": "时雨天司"
    },
    {
      "id": 1906,
      "value": "星域神启"
    },
    {
      "id": 1921,
      "value": "芝加哥教父"
    },
    {
      "id": 1922,
      "value": "烈魂"
    },
    {
      "id": 1923,
      "value": "火炮绅士"
    },
    {
      "id": 1911,
      "value": "伊势巫女"
    },
    {
      "id": 1912,
      "value": "守护之力"
    },
    {
      "id": 1913,
      "value": "猫狗日记"
    },
    {
      "id": 1914,
      "value": "白蛇"
    },
    {
      "id": 1915,
      "value": "白鹤梁神女"
    },
    {
      "id": 1916,
      "value": "挚爱花嫁"
    },
    {
      "id": 1871,
      "value": "东海龙王"
    },
    {
      "id": 1872,
      "value": "逐梦之光"
    },
    {
      "id": 1821,
      "value": "第七人偶"
    },
    {
      "id": 1822,
      "value": "冰霜恋舞曲"
    },
    {
      "id": 1823,
      "value": "久胜战神"
    },
    {
      "id": 1824,
      "value": "真爱魔法"
    },
    {
      "id": 1825,
      "value": "胡桃夹子"
    },
    {
      "id": 1891,
      "value": "阿摩司公爵"
    },
    {
      "id": 1892,
      "value": "幻乐之宴"
    },
    {
      "id": 1893,
      "value": "原初探秘者"
    },
    {
      "id": 1894,
      "value": "五谷丰年"
    },
    {
      "id": 1931,
      "value": "龙域领主"
    },
    {
      "id": 1932,
      "value": "曙光守护者"
    },
    {
      "id": 1933,
      "value": "青龙志"
    },
    {
      "id": 1934,
      "value": "绛天战甲"
    },
    {
      "id": 1961,
      "value": "绝影神枪"
    },
    {
      "id": 1962,
      "value": "特工魅影"
    },
    {
      "id": 1963,
      "value": "朱雀志"
    },
    {
      "id": 1964,
      "value": "碎云"
    },
    {
      "id": 1951,
      "value": "威尼斯狂欢"
    },
    {
      "id": 1952,
      "value": "白虎志"
    },
    {
      "id": 1953,
      "value": "原初追逐者"
    },
    {
      "id": 1954,
      "value": "热力回旋"
    },
    {
      "id": 1941,
      "value": "爱与和平"
    },
    {
      "id": 1942,
      "value": "坚韧之力"
    },
    {
      "id": 1943,
      "value": "玄武志"
    },
    {
      "id": 1944,
      "value": "千军破阵"
    },
    {
      "id": 1981,
      "value": "美梦成真"
    },
    {
      "id": 1982,
      "value": "胖达荣荣"
    },
    {
      "id": 1983,
      "value": "天降福星"
    },
    {
      "id": 1791,
      "value": "尼罗河女神"
    },
    {
      "id": 1792,
      "value": "朔望之晖"
    },
    {
      "id": 1793,
      "value": "补天"
    },
    {
      "id": 5011,
      "value": "占星师"
    },
    {
      "id": 5012,
      "value": "虹云星官"
    },
    {
      "id": 5013,
      "value": "疑决卦"
    },
    {
      "id": 5014,
      "value": "吟游魔法"
    },
    {
      "id": 1991,
      "value": "花间舞"
    },
    {
      "id": 1992,
      "value": "蜜橘之夏"
    },
    {
      "id": 1993,
      "value": "无限星赏官"
    },
    {
      "id": 1994,
      "value": "祈雪灵祝"
    },
    {
      "id": 1995,
      "value": "玉兔公主"
    },
    {
      "id": 1761,
      "value": "霓裳曲"
    },
    {
      "id": 1762,
      "value": "遇见飞天"
    },
    {
      "id": 1763,
      "value": "寅虎·心曲"
    },
    {
      "id": 5021,
      "value": "街头旋风"
    },
    {
      "id": 5022,
      "value": "梅西"
    },
    {
      "id": 5023,
      "value": "天狼狩猎者"
    },
    {
      "id": 5024,
      "value": "李小龙"
    },
    {
      "id": 5025,
      "value": "寅虎·赤拳"
    },
    {
      "id": 1971,
      "value": "踏雪寻梅"
    },
    {
      "id": 1972,
      "value": "混沌棋"
    },
    {
      "id": 1973,
      "value": "滕王阁序"
    },
    {
      "id": 5031,
      "value": "命运角斗场"
    },
    {
      "id": 5032,
      "value": "御狮"
    },
    {
      "id": 5033,
      "value": "特工战影"
    },
    {
      "id": 5034,
      "value": "电玩高手"
    },
    {
      "id": 5041,
      "value": "精准探案法"
    },
    {
      "id": 5042,
      "value": "御霄"
    },
    {
      "id": 5043,
      "value": "胡桃异想国"
    },
    {
      "id": 5044,
      "value": "契约魔法"
    },
    {
      "id": 1251,
      "value": "午夜歌剧院"
    },
    {
      "id": 1252,
      "value": "云间偶戏"
    },
    {
      "id": 5101,
      "value": "海之征途"
    },
    {
      "id": 5102,
      "value": "猫狗日记"
    },
    {
      "id": 5103,
      "value": "末日机甲"
    },
    {
      "id": 5104,
      "value": "挚爱之约"
    },
    {
      "id": 1371,
      "value": "魇语军师"
    },
    {
      "id": 1372,
      "value": "暗渊魔法"
    },
    {
      "id": 5091,
      "value": "极冰防御线"
    },
    {
      "id": 5092,
      "value": "御銮"
    },
    {
      "id": 5093,
      "value": "圆桌骑士"
    },
    {
      "id": 5094,
      "value": "梦圆繁星"
    },
    {
      "id": 5081,
      "value": "花见巫女"
    },
    {
      "id": 5082,
      "value": "箭羽风息"
    },
    {
      "id": 5083,
      "value": "太华"
    },
    {
      "id": 5084,
      "value": "天狼溯光者"
    },
    {
      "id": 3121,
      "value": "棒球奇才"
    },
    {
      "id": 3122,
      "value": "鲨炮海盗猫"
    },
    {
      "id": 3123,
      "value": "星空之诺"
    },
    {
      "id": 3124,
      "value": "月团寄思"
    },
    {
      "id": 3125,
      "value": "大漠名商"
    },
    {
      "id": 5071,
      "value": "灼热之刃"
    },
    {
      "id": 5072,
      "value": "一念神魔"
    },
    {
      "id": 5131,
      "value": "修竹墨客"
    },
    {
      "id": 5132,
      "value": "梁祝"
    },
    {
      "id": 5133,
      "value": "天狼绘梦者"
    },
    {
      "id": 5151,
      "value": "露花倒影"
    },
    {
      "id": 5152,
      "value": "如梦令"
    },
    {
      "id": 5153,
      "value": "拒霜思"
    },
    {
      "id": 5111,
      "value": "年年有余"
    },
    {
      "id": 5112,
      "value": "西部大镖客"
    },
    {
      "id": 5113,
      "value": "猪悟能"
    },
    {
      "id": 5291,
      "value": "创世神祝"
    },
    {
      "id": 5292,
      "value": "重装意志"
    },
    {
      "id": 5051,
      "value": "森"
    },
    {
      "id": 5052,
      "value": "遇见神鹿"
    },
    {
      "id": 5053,
      "value": "时之祈愿"
    },
    {
      "id": 5061,
      "value": "荷鲁斯之眼"
    },
    {
      "id": 5062,
      "value": "纤云弄巧"
    },
    {
      "id": 5063,
      "value": "时之祈愿"
    },
    {
      "id": 5221,
      "value": "归虚梦演"
    },
    {
      "id": 5222,
      "value": "云鹰飞将"
    },
    {
      "id": 5223,
      "value": "李逍遥"
    },
    {
      "id": 5181,
      "value": "幸存者"
    },
    {
      "id": 5182,
      "value": "神威"
    },
    {
      "id": 5183,
      "value": "无双飞将"
    },
    {
      "id": 5231,
      "value": "归虚梦演"
    },
    {
      "id": 5232,
      "value": "诗语江南"
    },
    {
      "id": 5233,
      "value": "游龙清影"
    },
    {
      "id": 5251,
      "value": "归虚梦演"
    },
    {
      "id": 5252,
      "value": "乓乓大师"
    },
    {
      "id": 5253,
      "value": "匿光启智者"
    },
    {
      "id": 5241,
      "value": "归虚梦演"
    },
    {
      "id": 5242,
      "value": "狂想玩偶喵"
    },
    {
      "id": 5243,
      "value": "龙鼓争鸣"
    },
    {
      "id": 5244,
      "value": "胡桃狂想曲"
    },
    {
      "id": 5311,
      "value": "冰刃幻境"
    },
    {
      "id": 5312,
      "value": "炽阳神光"
    },
    {
      "id": 5313,
      "value": "匿光追影者"
    },
    {
      "id": 5271,
      "value": "秩序猎龙将"
    },
    {
      "id": 5272,
      "value": "蔚蓝守将"
    },
    {
      "id": 5331,
      "value": "熊喵少女"
    },
    {
      "id": 5332,
      "value": "顽趣"
    },
    {
      "id": 5361,
      "value": "永昼"
    },
    {
      "id": 5281,
      "value": "孤猎"
    },
    {
      "id": 5282,
      "value": "赏金猎手"
    },
    {
      "id": 5371,
      "value": "启蛰"
    },
    {
      "id": 1551,
      "value": "女武神"
    },
    {
      "id": 1552,
      "value": "奇遇舞章"
    },
    {
      "id": 5381,
      "value": "赤焰之缨"
    },
    {
      "id": 5401,
      "value": "前尘"
    },
    {
      "id": 5402,
      "value": "唐三藏"
    },
    {
      "id": 5421,
      "value": "碧珀绯影"
    },
    {
      "id": 5341,
      "value": "画中游"
    },
    {
      "id": 5481,
      "value": "危途狂花"
    },
    {
      "id": 5134,
      "value": "神器·万象笔"
    },
    {
      "id": 1253,
      "value": "无心"
    },
    {
      "id": 1085,
      "value": "降魔"
    },
    {
      "id": 1316,
      "value": "诗剑行"
    },
    {
      "id": 5342,
      "value": "海盐诗旅"
    },
    {
      "id": 5154,
      "value": "暖冬·冬眠"
    },
    {
      "id": 1984,
      "value": "顽趣"
    },
    {
      "id": 5422,
      "value": "星界游侠"
    },
    {
      "id": 1237,
      "value": "怒海鳞威"
    },
    {
      "id": 1935,
      "value": "银白咏叹调"
    },
    {
      "id": 5211,
      "value": "幻泉雾影"
    },
    {
      "id": 1364,
      "value": "神器·明辉仪"
    },
    {
      "id": 5073,
      "value": "山海·炽霜斩"
    },
    {
      "id": 1068,
      "value": "山海·琳琅生"
    },
    {
      "id": 5224,
      "value": "山海·苍雷引"
    },
    {
      "id": 1326,
      "value": "山海·玄木吟"
    },
    {
      "id": 5054,
      "value": "山海·碧波行"
    },
    {
      "id": 5114,
      "value": "潮玩探月行"
    },
    {
      "id": 5293,
      "value": "冰霜神祗"
    },
    {
      "id": 1679,
      "value": "齐天大圣"
    },
    {
      "id": 1418,
      "value": "幻阙歌"
    },
    {
      "id": 5085,
      "value": "炽翼辉光"
    },
    {
      "id": 1746,
      "value": "无限倾心"
    },
    {
      "id": 1357,
      "value": "无限倾心"
    },
    {
      "id": 1205,
      "value": "乐园追逐者"
    },
    {
      "id": 1549,
      "value": "燃星之曲"
    },
    {
      "id": 1826,
      "value": "画中仙"
    },
    {
      "id": 5314,
      "value": "玫瑰异探"
    },
    {
      "id": 5362,
      "value": "浮生妄"
    },
    {
      "id": 5441,
      "value": "太极少年"
    },
    {
      "id": 1764,
      "value": "银翎春语"
    },
    {
      "id": 5026,
      "value": "擒涛扼浪"
    },
    {
      "id": 1785,
      "value": "潮玩骑兵"
    },
    {
      "id": 1194,
      "value": "奇幻香踪"
    },
    {
      "id": 1996,
      "value": "记忆之芯"
    },
    {
      "id": 1864,
      "value": "劲辣红锅"
    },
    {
      "id": 1706,
      "value": "百相守梦"
    },
    {
      "id": 1405,
      "value": "百相守梦"
    },
    {
      "id": 1714,
      "value": "百相守梦"
    },
    {
      "id": 1099,
      "value": "青丘·九尾"
    },
    {
      "id": 5451,
      "value": "西部游侠"
    },
    {
      "id": 3126,
      "value": "匿光破解者"
    },
    {
      "id": 1665,
      "value": "追逃游戏"
    },
    {
      "id": 1426,
      "value": "追逃游戏"
    },
    {
      "id": 1146,
      "value": "电玩·爆裂旋风"
    },
    {
      "id": 1846,
      "value": "电玩·兔顽号"
    },
    {
      "id": 5283,
      "value": "电玩·雷克斯"
    },
    {
      "id": 1907,
      "value": "鹤羽星尊"
    },
    {
      "id": 5254,
      "value": "探海日志"
    },
    {
      "id": 5234,
      "value": "玲珑珍味"
    },
    {
      "id": 5482,
      "value": "驭风魔法"
    },
    {
      "id": 1507,
      "value": "弑枪猎影"
    },
    {
      "id": 5641,
      "value": "零食大作战"
    },
    {
      "id": 5045,
      "value": "完美假期"
    },
    {
      "id": 1873,
      "value": "灼幽烈阳"
    },
    {
      "id": 1737,
      "value": "妄想特派"
    },
    {
      "id": 1327,
      "value": "妄想实况"
    },
    {
      "id": 5212,
      "value": "浮梦罗烟"
    },
    {
      "id": 5135,
      "value": "妄想奇谈"
    },
    {
      "id": 1805,
      "value": "热血海滩"
    },
    {
      "id": 5315,
      "value": "真我赫兹"
    },
    {
      "id": 1965,
      "value": "真我赫兹"
    },
    {
      "id": 5055,
      "value": "真我赫兹"
    },
    {
      "id": 5442,
      "value": "鹤归松栖"
    },
    {
      "id": 5382,
      "value": "鹤归松栖"
    },
    {
      "id": 5452,
      "value": "末日机甲"
    },
    {
      "id": 1738,
      "value": "匿光侦查者"
    },
    {
      "id": 1567,
      "value": "古海寻踪"
    },
    {
      "id": 1553,
      "value": "流音漫步"
    },
    {
      "id": 5372,
      "value": "地狱燃心"
    },
    {
      "id": 1306,
      "value": "惊梅引"
    },
    {
      "id": 1175,
      "value": "聚星闪耀"
    },
    {
      "id": 5213,
      "value": "王牌新星"
    },
    {
      "id": 1238,
      "value": "遇见神鼓"
    },
    {
      "id": 5141,
      "value": "破局者"
    },
    {
      "id": 1536,
      "value": "影龙天霄"
    },
    {
      "id": 1129,
      "value": "时之奇旅"
    },
    {
      "id": 1917,
      "value": "时之奇旅"
    },
    {
      "id": 5333,
      "value": "江河有灵"
    },
    {
      "id": 5235,
      "value": "至美·乘鲤谣"
    },
    {
      "id": 1277,
      "value": "至美·化雀舞"
    },
    {
      "id": 1483,
      "value": "闲日渔趣"
    },
    {
      "id": 1286,
      "value": "决胜大满贯"
    },
    {
      "id": 1187,
      "value": "小动物乐团"
    },
    {
      "id": 1467,
      "value": "霜月吟"
    },
    {
      "id": 5245,
      "value": "百解令"
    },
    {
      "id": 1698,
      "value": "完美运算"
    },
    {
      "id": 1245,
      "value": "雪夜绮愿"
    },
    {
      "id": 1448,
      "value": "暖冬絮语"
    },
    {
      "id": 1895,
      "value": "天穹祈灯"
    },
    {
      "id": 10910,
      "value": "灵卜魔法"
    },
    {
      "id": 5273,
      "value": "荣光圣徽"
    },
    {
      "id": 1155,
      "value": "燃音魔法"
    },
    {
      "id": 1554,
      "value": "觅芳踪"
    },
    {
      "id": 5284,
      "value": "逐花归海"
    },
    {
      "id": 5631,
      "value": "时空谍影"
    },
    {
      "id": 5155,
      "value": "漠中幻影"
    },
    {
      "id": 1317,
      "value": "碎月剑心"
    },
    {
      "id": 5086,
      "value": "琥珀纪元"
    },
    {
      "id": 1936,
      "value": "琥珀纪元"
    },
    {
      "id": 5184,
      "value": "琥珀纪元"
    },
    {
      "id": 5642,
      "value": "妄想食味"
    },
    {
      "id": 1054,
      "value": "功夫炙烤"
    },
    {
      "id": 1666,
      "value": "鸿运当头"
    },
    {
      "id": 1591,
      "value": "金色潮汐"
    },
    {
      "id": 1955,
      "value": "超元猎域"
    },
    {
      "id": 1918,
      "value": "乘龙·忆丹青"
    },
    {
      "id": 1427,
      "value": "乘龙·聚宝船"
    },
    {
      "id": 10710,
      "value": "乘龙·铭钟鼎"
    },
    {
      "id": 11110,
      "value": "乘龙·问璇玑"
    },
    {
      "id": 5105,
      "value": "乘龙·淬吴钩"
    },
    {
      "id": 1296,
      "value": "战鼓燎原"
    },
    {
      "id": 1069,
      "value": "时之魔女"
    },
    {
      "id": 1747,
      "value": "神鉴启示录"
    },
    {
      "id": 1239,
      "value": "曦玄引"
    },
    {
      "id": 1419,
      "value": "曦玄引"
    },
    {
      "id": 5142,
      "value": "落雪白狼"
    },
    {
      "id": 3127,
      "value": "龙舞盛年"
    },
    {
      "id": 1176,
      "value": "春野之旅"
    },
    {
      "id": 1739,
      "value": "蔬乡物语"
    },
    {
      "id": 11210,
      "value": "蔬乡物语"
    },
    {
      "id": 1195,
      "value": "无尽旅途"
    },
    {
      "id": 5214,
      "value": "金乌负日"
    },
    {
      "id": 1495,
      "value": "剑破天穹"
    },
    {
      "id": 5294,
      "value": "经纬探索者"
    },
    {
      "id": 5343,
      "value": "奇遇星旅"
    },
    {
      "id": 1086,
      "value": "黄金天蝎座"
    },
    {
      "id": 1449,
      "value": "群星魔术团"
    },
    {
      "id": 5136,
      "value": "群星魔术团"
    },
    {
      "id": 5064,
      "value": "群星魔术团"
    },
    {
      "id": 1508,
      "value": "群星魔术团"
    },
    {
      "id": 1358,
      "value": "苍威无极"
    },
    {
      "id": 5316,
      "value": "青焰无极"
    },
    {
      "id": 1406,
      "value": "决胜骁骑"
    },
    {
      "id": 5015,
      "value": "夜落电台"
    },
    {
      "id": 5632,
      "value": "心动手记"
    },
    {
      "id": 1592,
      "value": "心动手记"
    }
  ]
}
