{
  "data": [
    {
      "id": 1,
      "value": "爆发"
    },
    {
      "id": 2,
      "value": "冰冻"
    },
    {
      "id": 3,
      "value": "持续输出"
    },
    {
      "id": 4,
      "value": "护盾"
    },
    {
      "id": 5,
      "value": "回复"
    },
    {
      "id": 6,
      "value": "加速"
    },
    {
      "id": 7,
      "value": "减伤"
    },
    {
      "id": 8,
      "value": "控制"
    },
    {
      "id": 9,
      "value": "全图支援"
    },
    {
      "id": 10,
      "value": "群伤"
    },
    {
      "id": 11,
      "value": "收割"
    },
    {
      "id": 12,
      "value": "突进"
    },
    {
      "id": 13,
      "value": "团队增益"
    },
    {
      "id": 14,
      "value": "团控"
    },
    {
      "id": 15,
      "value": "推进"
    },
    {
      "id": 16,
      "value": "先手"
    },
    {
      "id": 17,
      "value": "消耗"
    },
    {
      "id": 18,
      "value": "真伤"
    },
    {
      "id": 19,
      "value": "治疗"
    },
    {
      "id": 20,
      "value": "防御反击"
    },
    {
      "id": 22,
      "value": "传送"
    },
    {
      "id": 23,
      "value": "超远视距"
    },
    {
      "id": 24,
      "value": "单带"
    },
    {
      "id": 25,
      "value": "法力护盾"
    },
    {
      "id": 26,
      "value": "远程消耗"
    },
    {
      "id": 27,
      "value": "距离增伤"
    },
    {
      "id": 28,
      "value": "吸血"
    },
    {
      "id": 29,
      "value": "承伤"
    },
    {
      "id": 30,
      "value": "支援"
    },
    {
      "id": 31,
      "value": "复活"
    },
    {
      "id": 32,
      "value": "持续控制"
    },
    {
      "id": 33,
      "value": "格挡"
    },
    {
      "id": 34,
      "value": "灵活"
    }
  ]
}
